﻿"Property"
"Prperty","Color","Black","PointType","0","PointSize","1","LineType","0","Thickness","1","TextSize","12","TextRotate","0","LinePitchRate","1.2","HA","Left","VA","Top","ArrowSize","6","ArrowAngle","0.5235987755982988","GridSize","1","DispLaerBit","63","CreateLayer","NFJ製エンクロージャーCUBE3～5","OneLayerDisp","False","FontFamily","Yu Gothic UI","FontStyle","Normal","FontWeight","Normal"
"Comment"
"Comment","Comment","FE107E用のエンクロジャー３種類\\nこのうちNFJ製MODEL CUBE3 5インチ対応のエンクロジャーを製作(2023/03/19)"
"Arc","Black","1","0","FE107E","False"
"FILL","False","AliceBlue","50","-130","46","0","6.283185307179586"
"Arc","Black","1","0","FE107E","False"
"FILL","False","AliceBlue","50","-130","35","0","6.283185307179586"
"Arc","Black","1","0","FE107E","False"
"FILL","False","AliceBlue","50","-39.608696","143.891304","4.387270303960248","5.037507656809132"
"Arc","Black","1","0","FE107E","False"
"FILL","False","AliceBlue","140.391304","-130","143.891304","2.816473977165351","3.466711330014235"
"Arc","Black","1","0","FE107E","False"
"FILL","False","AliceBlue","50","-220.391304","143.891304","1.2456776503704543","1.8959150032193388"
"Arc","Black","1","0","FE107E","False"
"FILL","False","AliceBlue","-40.391304","-130","143.891304","5.958066630755145","6.608303983604028"
"Arc","Black","1","0","FE107E","False"
"FILL","False","AliceBlue","9.34136","-89.34136","2.25","0","6.283185307179586"
"Arc","Black","1","0","FE107E","False"
"FILL","False","AliceBlue","9.34136","-170.65864","2.25","0","6.283185307179586"
"Arc","Black","1","0","FE107E","False"
"FILL","False","AliceBlue","90.65864","-170.65864","2.25","0","6.283185307179586"
"Arc","Black","1","0","FE107E","False"
"FILL","False","AliceBlue","90.65864","-89.34136","2.25","0","6.283185307179586"
"Arc","Black","1","0","FE107E","False"
"FILL","False","AliceBlue","50","-130","11","0","6.283185307179586"
"Arc","Black","1","0","FE107E","False"
"FILL","False","AliceBlue","50","-130","50","0","6.283185307179586"
"Line","Black","1","0","FE107E","False"
"-60","-76.5","-60","-183.5"
"Line","Black","1","0","FE107E","False"
"-62.6","-76.5","-62.6","-183.5"
"Line","Black","1","0","FE107E","False"
"-86.6","-93","-86.6","-167"
"Line","Black","1","0","FE107E","False"
"-114.7","-97","-114.7","-163"
"Line","Black","1","0","FE107E","False"
"-60","-183.5","-62.6","-183.5"
"Line","Black","1","0","FE107E","False"
"-60","-76.5","-62.6","-76.5"
"Line","Black","1","0","FE107E","False"
"-110.7","-93","-92.6","-93"
"Line","Black","1","0","FE107E","False"
"-110.7","-167","-92.6","-167"
"Line","Black","1","0","FE107E","False"
"-86.6","-93","-62.6","-84"
"Line","Black","1","0","FE107E","False"
"-86.6","-167","-62.6","-176"
"Line","Black","1","0","FE107E","False"
"-92.6","-93","-92.6","-167"
"Line","Black","1","0","FE107E","False"
"-92.6","-161.5","-86.6","-161.5"
"Line","Black","1","0","FE107E","False"
"-92.6","-98.5","-86.6","-98.5"
"Arc","Black","1","0","FE107E","False"
"FILL","False","AliceBlue","-110.7","-163","4","3.141592653589793","4.71238898038469"
"Arc","Black","1","0","FE107E","False"
"FILL","False","AliceBlue","-110.7","-97","4","1.5707963267948966","3.141592653589793"
"Text","Black","1","0","FE107E","False"
"FE107E","30.237364","-200.29222","11.4","0","Left","Bottom","1.2","Yu Gothic UI","Normal","Normal"
"Line","Black","1","0","標準型バスレフエンクロージャー","False"
"203","56","393","56"
"Line","Black","1","0","標準型バスレフエンクロージャー","False"
"393","56","393","356"
"Line","Black","1","0","標準型バスレフエンクロージャー","False"
"203","356","203","56"
"Line","Black","1","0","標準型バスレフエンクロージャー","False"
"393","356","203","356"
"Line","Black","1","0","標準型バスレフエンクロージャー","False"
"218","71","378","71"
"Line","Black","1","0","標準型バスレフエンクロージャー","False"
"378","71","378","341"
"Line","Black","1","0","標準型バスレフエンクロージャー","False"
"218","341","218","71"
"Line","Black","1","0","標準型バスレフエンクロージャー","False"
"378","341","218","341"
"Line","Black","1","0","標準型バスレフエンクロージャー","False"
"453","56","643","56"
"Line","Black","1","0","標準型バスレフエンクロージャー","False"
"453","356","453","56"
"Line","Black","1","0","標準型バスレフエンクロージャー","False"
"643","356","453","356"
"Line","Black","1","0","標準型バスレフエンクロージャー","False"
"468","71","628","71"
"Line","Black","1","0","標準型バスレフエンクロージャー","False"
"628","71","628","341"
"Line","Black","1","0","標準型バスレフエンクロージャー","False"
"468","341","468","71"
"Line","Black","1","0","標準型バスレフエンクロージャー","False"
"628","341","468","341"
"Arc","Black","1","0","標準型バスレフエンクロージャー","False"
"FILL","False","AliceBlue","298","276","46.5","0","6.283185307179586"
"Arc","Black","1","0","標準型バスレフエンクロージャー","False"
"FILL","False","AliceBlue","298","146","25","0","6.283185307179586"
"Line","Black","1","0","標準型バスレフエンクロージャー","False"
"453","322.5","468","322.5"
"Line","Black","1","0","標準型バスレフエンクロージャー","False"
"453","229.5","468","229.5"
"Text","Black","1","0","標準型バスレフエンクロージャー","False"
"標準型バスレフエンクロージャー","323","16","11.4","0","Left","Bottom","1.2","Yu Gothic UI","Normal","Normal"
"Line","Black","1","0","標準型バスレフエンクロージャー","False"
"643","56","643","356"
"Line","Black","1","0","NFJ製エンクロージャーCUBE3～5","False"
"0","190","150","190"
"Line","Black","1","0","NFJ製エンクロージャーCUBE3～5","False"
"150","190","150","358"
"Line","Black","1","0","NFJ製エンクロージャーCUBE3～5","False"
"0","358","0","190"
"Line","Black","1","0","NFJ製エンクロージャーCUBE3～5","False"
"150","358","0","358"
"Line","Black","1","0","NFJ製エンクロージャーCUBE3～5","False"
"-50","190","-236","190"
"Line","Black","1","0","NFJ製エンクロージャーCUBE3～5","False"
"-236","190","-236","224"
"Line","Black","1","0","NFJ製エンクロージャーCUBE3～5","False"
"-50","358","-50","190"
"Line","Black","1","0","NFJ製エンクロージャーCUBE3～5","False"
"-236","358","-50","358"
"Line","Black","1","0","NFJ製エンクロージャーCUBE3～5","False"
"-227","199","-59","199"
"Line","Black","1","0","NFJ製エンクロージャーCUBE3～5","False"
"-227","349","-59","349"
"Line","Black","1","0","NFJ製エンクロージャーCUBE3～5","False"
"-59","358","-59","190"
"Line","Black","1","0","NFJ製エンクロージャーCUBE3～5","False"
"-227","358","-227","254"
"Arc","Black","1","0","NFJ製エンクロージャーCUBE3～5","False"
"FILL","False","AliceBlue","75","298","46","0","6.283185307179586"
"Arc","Black","1","0","NFJ製エンクロージャーCUBE3～5","False"
"FILL","False","AliceBlue","75","298","35","0","6.283185307179586"
"Arc","Black","1","0","NFJ製エンクロージャーCUBE3～5","False"
"FILL","False","AliceBlue","75","388.391304","143.891304","4.387270303960248","5.037507656809132"
"Arc","Black","1","0","NFJ製エンクロージャーCUBE3～5","False"
"FILL","False","AliceBlue","165.391304","298","143.891304","2.816473977165351","3.466711330014235"
"Arc","Black","1","0","NFJ製エンクロージャーCUBE3～5","False"
"FILL","False","AliceBlue","75","207.608696","143.891304","1.2456776503704543","1.8959150032193388"
"Arc","Black","1","0","NFJ製エンクロージャーCUBE3～5","False"
"FILL","False","AliceBlue","-15.391304","298","143.891304","5.958066630755145","6.608303983604028"
"Arc","Black","1","0","NFJ製エンクロージャーCUBE3～5","False"
"FILL","False","AliceBlue","34.34136","338.65864","2.25","0","6.283185307179586"
"Arc","Black","1","0","NFJ製エンクロージャーCUBE3～5","False"
"FILL","False","AliceBlue","34.34136","257.34136","2.25","0","6.283185307179586"
"Arc","Black","1","0","NFJ製エンクロージャーCUBE3～5","False"
"FILL","False","AliceBlue","115.65864","257.34136","2.25","0","6.283185307179586"
"Arc","Black","1","0","NFJ製エンクロージャーCUBE3～5","False"
"FILL","False","AliceBlue","115.65864","338.65864","2.25","0","6.283185307179586"
"Arc","Black","1","0","NFJ製エンクロージャーCUBE3～5","False"
"FILL","False","AliceBlue","75","298","11","0","6.283185307179586"
"Arc","Black","1","0","NFJ製エンクロージャーCUBE3～5","False"
"FILL","False","AliceBlue","75","298","50","0","6.283185307179586"
"Line","Black","1","0","NFJ製エンクロージャーCUBE3～5","False"
"-47.4","351.5","-47.4","244.5"
"Line","Black","1","0","NFJ製エンクロージャーCUBE3～5","False"
"-50","351.5","-50","244.5"
"Line","Black","1","0","NFJ製エンクロージャーCUBE3～5","False"
"-74","335","-74","261"
"Line","Black","1","0","NFJ製エンクロージャーCUBE3～5","False"
"-102.1","331","-102.1","265"
"Line","Black","1","0","NFJ製エンクロージャーCUBE3～5","False"
"-47.4","244.5","-50","244.5"
"Line","Black","1","0","NFJ製エンクロージャーCUBE3～5","False"
"-47.4","351.5","-50","351.5"
"Line","Black","1","0","NFJ製エンクロージャーCUBE3～5","False"
"-98.1","335","-80","335"
"Line","Black","1","0","NFJ製エンクロージャーCUBE3～5","False"
"-98.1","261","-80","261"
"Line","Black","1","0","NFJ製エンクロージャーCUBE3～5","False"
"-74","335","-50","344"
"Line","Black","1","0","NFJ製エンクロージャーCUBE3～5","False"
"-74","261","-50","252"
"Line","Black","1","0","NFJ製エンクロージャーCUBE3～5","False"
"-80","335","-80","261"
"Line","Black","1","0","NFJ製エンクロージャーCUBE3～5","False"
"-80","266.5","-74","266.5"
"Line","Black","1","0","NFJ製エンクロージャーCUBE3～5","False"
"-80","329.5","-74","329.5"
"Arc","Black","1","0","NFJ製エンクロージャーCUBE3～5","False"
"FILL","False","AliceBlue","-98.1","265","4","3.141592653589793","4.71238898038469"
"Arc","Black","1","0","NFJ製エンクロージャーCUBE3～5","False"
"FILL","False","AliceBlue","-98.1","331","4","1.5707963267948966","3.141592653589793"
"Text","Black","1","0","NFJ製エンクロージャーCUBE3～5","False"
"NFJ製エンクロージャーキットMODEL-CUBE3～5インチ対応","-239.359422","148.590897","11.4","0","Left","Bottom","1.2","Yu Gothic UI","Normal","Normal"
"Line","Black","1","0","NFJ製エンクロージャーCUBE3～5","False"
"-236","224","-236","254"
"Line","Black","1","0","NFJ製エンクロージャーCUBE3～5","False"
"-236","254","-236","358"
"Line","Black","1","0","NFJ製エンクロージャーCUBE3～5","False"
"-227","254","-227","224"
"Line","Black","1","0","NFJ製エンクロージャーCUBE3～5","False"
"-227","224","-227","190"
"Arc","Black","1","0","NFJ製エンクロージャーCUBE3～5","False"
"FILL","False","AliceBlue","40","220","17","0","6.283185307179586"
"Line","Black","1","0","NFJ製エンクロージャーCUBE3～5","False"
"-120","237","-50","237"
"Line","Black","1","0","NFJ製エンクロージャーCUBE3～5","False"
"-120","203","-50","203"
"Line","Black","1","0","NFJ製エンクロージャーCUBE3～5","False"
"-120","237","-120","203"
"Line","Black","1","0","NFJ製エンクロージャーCUBE3～5","False"
"-120","235","-50","235"
"Line","Black","1","0","NFJ製エンクロージャーCUBE3～5","False"
"-120","205","-50","205"
"Line","Black","1","1","NFJ製エンクロージャーCUBE3～5","False"
"0","199","150","199"
"Line","Black","1","1","NFJ製エンクロージャーCUBE3～5","False"
"141","349","141","199"
"Line","Black","1","1","NFJ製エンクロージャーCUBE3～5","False"
"9","199","9","349"
"Line","Black","1","1","NFJ製エンクロージャーCUBE3～5","False"
"0","349","150","349"
"Line","Black","1","0","NFJ製エンクロージャーPLS","False"
"0","0","104","0"
"Line","Black","1","0","NFJ製エンクロージャーPLS","False"
"104","0","104","122"
"Line","Black","1","0","NFJ製エンクロージャーPLS","False"
"0","122","0","0"
"Line","Black","1","0","NFJ製エンクロージャーPLS","False"
"104","122","0","122"
"Line","Black","1","0","NFJ製エンクロージャーPLS","False"
"-50","0","-190","0"
"Line","Black","1","0","NFJ製エンクロージャーPLS","False"
"-190","0","-190","122"
"Line","Black","1","0","NFJ製エンクロージャーPLS","False"
"-50","122","-50","0"
"Line","Black","1","0","NFJ製エンクロージャーPLS","False"
"-190","122","-50","122"
"Arc","Black","1","0","NFJ製エンクロージャーPLS","False"
"FILL","False","AliceBlue","52","61","46","0","6.283185307179586"
"Arc","Black","1","0","NFJ製エンクロージャーPLS","False"
"FILL","False","AliceBlue","52","61","35","0","6.283185307179586"
"Arc","Black","1","0","NFJ製エンクロージャーPLS","False"
"FILL","False","AliceBlue","52","151.391304","143.891304","4.387270303960248","5.037507656809132"
"Arc","Black","1","0","NFJ製エンクロージャーPLS","False"
"FILL","False","AliceBlue","142.391304","61","143.891304","2.816473977165351","3.466711330014235"
"Arc","Black","1","0","NFJ製エンクロージャーPLS","False"
"FILL","False","AliceBlue","52","-29.391304","143.891304","1.2456776503704543","1.8959150032193388"
"Arc","Black","1","0","NFJ製エンクロージャーPLS","False"
"FILL","False","AliceBlue","-38.391304","61","143.891304","5.958066630755145","6.608303983604028"
"Arc","Black","1","0","NFJ製エンクロージャーPLS","False"
"FILL","False","AliceBlue","11.34136","101.65864","2.25","0","6.283185307179586"
"Arc","Black","1","0","NFJ製エンクロージャーPLS","False"
"FILL","False","AliceBlue","11.34136","20.34136","2.25","0","6.283185307179586"
"Arc","Black","1","0","NFJ製エンクロージャーPLS","False"
"FILL","False","AliceBlue","92.65864","20.34136","2.25","0","6.283185307179586"
"Arc","Black","1","0","NFJ製エンクロージャーPLS","False"
"FILL","False","AliceBlue","92.65864","101.65864","2.25","0","6.283185307179586"
"Arc","Black","1","0","NFJ製エンクロージャーPLS","False"
"FILL","False","AliceBlue","52","61","11","0","6.283185307179586"
"Arc","Black","1","0","NFJ製エンクロージャーPLS","False"
"FILL","False","AliceBlue","52","61","50","0","6.283185307179586"
"Line","Black","1","0","NFJ製エンクロージャーPLS","False"
"-47.4","114.5","-47.4","7.5"
"Line","Black","1","0","NFJ製エンクロージャーPLS","False"
"-50","114.5","-50","7.5"
"Line","Black","1","0","NFJ製エンクロージャーPLS","False"
"-74","98","-74","24"
"Line","Black","1","0","NFJ製エンクロージャーPLS","False"
"-102.1","94","-102.1","28"
"Line","Black","1","0","NFJ製エンクロージャーPLS","False"
"-47.4","7.5","-50","7.5"
"Line","Black","1","0","NFJ製エンクロージャーPLS","False"
"-47.4","114.5","-50","114.5"
"Line","Black","1","0","NFJ製エンクロージャーPLS","False"
"-98.1","98","-80","98"
"Line","Black","1","0","NFJ製エンクロージャーPLS","False"
"-98.1","24","-80","24"
"Line","Black","1","0","NFJ製エンクロージャーPLS","False"
"-74","98","-50","107"
"Line","Black","1","0","NFJ製エンクロージャーPLS","False"
"-74","24","-50","15"
"Line","Black","1","0","NFJ製エンクロージャーPLS","False"
"-80","98","-80","24"
"Line","Black","1","0","NFJ製エンクロージャーPLS","False"
"-80","29.5","-74","29.5"
"Line","Black","1","0","NFJ製エンクロージャーPLS","False"
"-80","92.5","-74","92.5"
"Arc","Black","1","0","NFJ製エンクロージャーPLS","False"
"FILL","False","AliceBlue","-98.1","28","4","3.141592653589793","4.71238898038469"
"Arc","Black","1","0","NFJ製エンクロージャーPLS","False"
"FILL","False","AliceBlue","-98.1","94","4","1.5707963267948966","3.141592653589793"
"Text","Black","1","0","NFJ製エンクロージャーPLS","False"
"NFJ製エンクロージャーキットMODEL-PLS","-190.682224","-46.771828","11.4","0","Left","Bottom","1.2","Yu Gothic UI","Normal","Normal"
"Line","Black","1","0","NFJ製エンクロージャーPLS","False"
"-59","122","-59","0"
"Line","Black","1","0","NFJ製エンクロージャーPLS","False"
"-181","122","-181","0"
"Line","Black","1","0","NFJ製エンクロージャーPLS","False"
"-181","113","-59","113"
"Line","Black","1","0","NFJ製エンクロージャーPLS","False"
"-181","9","-59","9"
"Line","Black","1","1","NFJ製エンクロージャーPLS","False"
"0","9","104","9"
"Line","Black","1","1","NFJ製エンクロージャーPLS","False"
"95","113","95","9"
"Line","Black","1","1","NFJ製エンクロージャーPLS","False"
"0","113","104","113"
"Line","Black","1","1","NFJ製エンクロージャーPLS","False"
"9","9","9","113"
"Line","Black","1","2","中心線","False"
"-130","298","-30","298"
"Line","Black","1","2","中心線","False"
"-125","220","-40","220"
"Line","Black","1","2","中心線","False"
"-125","61","-29","61"
"Line","Black","1","2","中心線","False"
"30","220","50","220"
"Line","Black","1","2","中心線","False"
"40","230","40","210"
"Line","Black","1","2","中心線","False"
"75","320","75","270"
"Line","Black","1","2","中心線","False"
"50","298","100","298"
"Arc","Black","1","0","中心線","False"
"FILL","False","AliceBlue","75","298","57.5","0.5810217660517017","0.9539816975091456"
"Line","Black","1","0","中心線","False"
"112.149007","335.149007","119.059285","342.059285"
"Arc","Black","1","0","中心線","False"
"FILL","False","AliceBlue","75","298","57.5","5.373036436823557","5.655019859290321"
"Line","Black","1","0","中心線","False"
"111.955959","261.044041","120.207037","252.792963"
"Arc","Black","1","0","中心線","False"
"FILL","False","AliceBlue","75","298","57.5","3.7911442491222767","4.088660037280945"
"Line","Black","1","0","中心線","False"
"38.301855","261.301855","29.019392","252.019392"
"Arc","Black","1","0","中心線","False"
"FILL","False","AliceBlue","75","298","57.5","2.1315579269170124","2.5152340403553612"
"Line","Black","1","0","中心線","False"
"38.521361","334.478639","30.064006","342.935994"
"Line","Black","1","2","中心線","False"
"52.00000000000001","84","52","37.00000000000001"
"Line","Black","1","2","中心線","False"
"30.999999999999996","61","74","61"
"Line","Black","1","0","中心線","False"
"15.301855","24.301855","6.019392","15.019392"
"Arc","Black","1","0","中心線","False"
"FILL","False","AliceBlue","52","61","57.5","3.7911442491222767","4.088660037280945"
"Arc","Black","1","0","中心線","False"
"FILL","False","AliceBlue","52","61","57.5","5.373036436823557","5.655019859290321"
"Line","Black","1","0","中心線","False"
"88.955959","24.044041","97.207037","15.792963"
"Arc","Black","1","0","中心線","False"
"FILL","False","AliceBlue","52","61","57.5","0.5810217660517017","0.9539816975091456"
"Line","Black","1","0","中心線","False"
"89.149007","98.149007","96.059285","105.059285"
"Arc","Black","1","0","中心線","False"
"FILL","False","AliceBlue","52","61","57.5","2.1315579269170124","2.5152340403553612"
"Line","Black","1","0","中心線","False"
"15.521361","97.478639","7.064006","105.935994"
"Line","Black","1","2","中心線","False"
"-50","-130","-130","-130"
"Arc","Black","1","0","中心線","False"
"FILL","False","AliceBlue","50","-130","57.5","2.1315579269170124","2.5152340403553612"
"Line","Black","1","0","中心線","False"
"13.521361","-93.521361","5.064006","-85.064006"
"Line","Black","1","0","中心線","False"
"13.301855","-166.698145","4.019392","-175.980608"
"Arc","Black","1","0","中心線","False"
"FILL","False","AliceBlue","50","-130","57.5","3.7911442491222767","4.088660037280945"
"Line","Black","1","2","中心線","False"
"50.00000000000001","-104","50","-152"
"Line","Black","1","2","中心線","False"
"26","-130","73.99999999999999","-130"
"Arc","Black","1","0","中心線","False"
"FILL","False","AliceBlue","50","-130","57.5","5.373036436823557","5.655019859290321"
"Line","Black","1","0","中心線","False"
"86.955959","-166.955959","95.207037","-175.207037"
"Arc","Black","1","0","中心線","False"
"FILL","False","AliceBlue","50","-130","57.5","0.5810217660517017","0.9539816975091456"
"Line","Black","1","0","中心線","False"
"87.149007","-92.850993","94.059285","-85.940715"
"Line","Black","1","2","中心線","False"
"298","336","298","96"
"Line","Black","1","2","中心線","False"
"243","276","353","276"
"Line","Black","1","2","中心線","False"
"253","146","333","146"
"Parts","Black","1","0","寸法線","False"
"name","寸法線","line","395.99999999999994","356","427","356","line","395.99999999999994","55.99999999999999","427","55.99999999999999","line","418","356","418","55.99999999999999","line","418","356","421","350.80384757729337","line","418","356","415","350.80384757729337","line","418","55.99999999999999","415","61.196152422706625","line","418","55.99999999999999","421","61.196152422706625","text","300","418","206","12","1.5707963267948966","Center","Bottom","textSize","12","textRotate","0","fontFamily","Yu Gothic UI","fontStyle","Normal","fontWeight","Normal","linePitchRate","1.2","arrowSize","6","arrowAngle","0.5235987755982988","refPoint","392.99999999999994","356","refPoint","392.99999999999994","55.99999999999999","refPoint","418","132"
"Parts","Black","1","0","寸法線","False"
"name","寸法線","line","202.99999999999997","359","202.99999999999997","379","line","392.99999999999994","359","392.99999999999994","379","line","202.99999999999997","370","392.99999999999994","370","line","202.99999999999997","370","208.1961524227066","373","line","202.99999999999997","370","208.1961524227066","367","line","392.99999999999994","370","387.8038475772933","367","line","392.99999999999994","370","387.8038475772933","373","text","190","297.99999999999994","370","12","0","Center","Bottom","textSize","12","textRotate","0","fontFamily","Yu Gothic UI","fontStyle","Normal","fontWeight","Normal","linePitchRate","1.2","arrowSize","6","arrowAngle","0.5235987755982988","refPoint","202.99999999999997","356","refPoint","392.99999999999994","356","refPoint","338","370"
"Parts","Black","1","0","寸法線","False"
"name","寸法線","line","452.99999999999994","359","452.99999999999994","379","line","643","359","643","379","line","452.99999999999994","370","643","370","line","452.99999999999994","370","458.1961524227066","373","line","452.99999999999994","370","458.1961524227066","367","line","643","370","637.8038475772934","367","line","643","370","637.8038475772934","373","text","190","548","370","12","0","Center","Bottom","textSize","12","textRotate","0","fontFamily","Yu Gothic UI","fontStyle","Normal","fontWeight","Normal","linePitchRate","1.2","arrowSize","6","arrowAngle","0.5235987755982988","refPoint","452.99999999999994","356","refPoint","643","356","refPoint","582","370"
"Line","Black","1","1","標準型バスレフエンクロージャー","False"
"453","121","513","121"
"Line","Black","1","1","標準型バスレフエンクロージャー","False"
"513","171","513","121"
"Line","Black","1","1","標準型バスレフエンクロージャー","False"
"453","171","513","171"
