﻿"Property"
"Prperty","Color","Black","PointType","0","PointSize","1","LineType","0","Thickness","1","TextSize","4","TextRotate","0","LinePitchRate","1.2","HA","Center","VA","Center","ArrowSize","2","ArrowAngle","0.5235987755982988","GridSize","1","DispLaerBit","1023","CreateLayer","BaseLayer","OneLayerDisp","False","FontFamily","Yu Gothic UI","FontStyle","Normal","FontWeight","Normal","SymbolCategoryIindex","3","BackColor","White"
"Comment"
"Comment","Comment","3端子レギュレーターによる可変電源装置\\nhttps://electronic.tousekice.com/3端子レギュレーターで可変電源装置を自作しよう/\\n\\n3端子レギュレーター : LM317T (1.5A)\\n  https://www.tij.co.jp/jp/lit/ds/symlink/lm117.pdf\\n16Vの固定電圧を1.25〜13V（最大出力電流1.5A）までの電源\\n半固定抵抗5kオームを回すと1.25Vから13V付近まで電圧が可\\n入力電源にPC用16Vアダプタを想定"
"Text","Black","1","0","BaseLayer","False"
"出力電圧の計算\\n( https://www.petitmonte.com/robot/howto_variable_regulator.html )\\nVREF*(1+(R2/R1))+(R2*IADJ)\\nDataSheet VREF = 1.25V\, IADJ = 50μA(0.00005A)\\n(R2*IADJ)は誤差レベルで計算不要\\nR1=1k R2=240 とすると\\n1.25*(1+1000/240) = 6.46V","68","132","4","0","Left","Center","1.2","Yu Gothic UI","Normal","Normal"
"Parts","Black","1","0","正回路","False"
"name","__抵抗","line","77","60.5","83","58.5","line","83","58.5","77","56.5","line","77","56.5","83","54.5","line","83","54.5","77","52.5","line","77","52.5","80","51.5","line","83","62.5","77","60.5","line","83","62.5","80","63.5","line","80","51.5","80","46","line","80","63.5","80","68","textSize","12","textRotate","0","fontFamily","","fontStyle","Normal","fontWeight","Normal","linePitchRate","1.2","arrowSize","6","arrowAngle","0.5235987755982988"
"Parts","Black","1","0","正回路","False"
"name","__コンデンサ","line","96","47","104","47","line","96","45","104","45","line","100","47","100","51","line","100","45","100","41","textSize","12","textRotate","0","fontFamily","Yu Gothic UI","fontStyle","Normal","fontWeight","Normal","linePitchRate","1.2","arrowSize","6","arrowAngle","0.5235987755982988"
"Parts","Black","1","0","正回路","False"
"name","__ボリューム","line","53","36","59","34","line","59","34","53","32","line","53","32","59","30","line","59","30","53","28","line","53","28","56","27","line","56","27","56","22","line","59","38","53","36","line","59","38","56","39","line","56","39","56","43","line","59.5","34","67.5","34","line","59.5","34","62","35","line","59.5","34","62","33","textSize","12","textRotate","0","fontFamily","Yu Gothic UI","fontStyle","Normal","fontWeight","Normal","linePitchRate","1.2","arrowSize","6","arrowAngle","0.5235987755982988"
"Parts","Black","1","0","正回路","False"
"name","__電圧計","line","137","41","143","41","arc","140","45","6.4031242374328485","0","6.283185307179586","text","V","140.66500000000002","45.335","10","0","Center","Center","textSize","12","textRotate","0","fontFamily","","fontStyle","Normal","fontWeight","Normal","linePitchRate","1.2","arrowSize","6","arrowAngle","0.5235987755982988"
"Line","Black","1","0","正回路","False"
"70","70","170","70"
"Line","Black","1","0","正回路","False"
"55.75","60","56","43"
"Line","Black","1","0","正回路","False"
"67.5","34","67.5","10"
"Line","Black","1","0","正回路","False"
"80","46","56","46"
"Line","Black","1","0","正回路","False"
"80","68","80","70"
"Line","Black","1","0","正回路","False"
"100","51","100","70"
"Parts","Black","1","0","正回路","False"
"name","__電解コンデンサ","line","120","45","120","41","line","116","45","124","45","line","116","47","124","47","line","120","47","120","51","line","116.5","45","118","47","line","117.5","45","119","47","line","118.5","45","120","47","line","119.5","45","121","47","line","120.5","45","122","47","line","121.5","45","123","47","line","115.5","48.5","117","48.5","line","116.25","47.75","116.25","49.25","line","115.5","43.5","117","43.5","textSize","12","textRotate","0","fontFamily","Yu Gothic UI","fontStyle","Normal","fontWeight","Normal","linePitchRate","1.2","arrowSize","6","arrowAngle","0.5235987755982988"
"Line","Black","1","0","正回路","False"
"120","51","120","70"
"Line","Black","1","0","正回路","False"
"140","51.40312423743285","140","70"
"Line","Black","1","0","正回路","False"
"140","38.59687576256715","140","10"
"Line","Black","1","0","正回路","False"
"120","41","120","10"
"Line","Black","1","0","正回路","False"
"100","41","100","10"
"Parts","Black","1","0","正回路","False"
"name","__コンデンサ","line","32","47","40","47","line","32","45","40","45","line","36","47","36","51","line","36","45","36","41","textSize","12","textRotate","0","fontFamily","Yu Gothic UI","fontStyle","Normal","fontWeight","Normal","linePitchRate","1.2","arrowSize","6","arrowAngle","0.5235987755982988"
"Line","Black","1","0","正回路","False"
"36","51","36","70"
"Line","Black","1","0","正回路","False"
"36","41","36","10"
"Parts","Black","1","0","正回路","False"
"name","__電解コンデンサ","line","23","45","23","41","line","19","45","27","45","line","19","47","27","47","line","23","47","23","51","line","19.5","45","21","47","line","20.5","45","22","47","line","21.5","45","23","47","line","22.5","45","24","47","line","23.5","45","25","47","line","24.5","45","26","47","line","18.5","48.5","20","48.5","line","19.25","47.75","19.25","49.25","line","18.5","43.5","20","43.5","textSize","12","textRotate","0","fontFamily","Yu Gothic UI","fontStyle","Normal","fontWeight","Normal","linePitchRate","1.2","arrowSize","6","arrowAngle","0.5235987755982988"
"Line","Black","1","0","正回路","False"
"23","51","23","70"
"Line","Black","1","0","正回路","False"
"23","41","23","10"
"Line","Black","1","0","正回路","False"
"10","10","170","10"
"Line","Black","1","0","正回路","False"
"41.5","70","10","70"
"Text","Black","1","0","正回路","False"
"10μF\\n20V","128","42","4","0","Center","Center","1.2","Yu Gothic UI","Normal","Normal"
"Text","Black","1","0","正回路","False"
"10μF\\n20V","17","40","4","0","Center","Center","1.2","Yu Gothic UI","Normal","Normal"
"Text","Black","1","0","正回路","False"
"0.1μF","30","40","4","0","Center","Center","1.2","Yu Gothic UI","Normal","Normal"
"Parts","Black","1","0","正回路","False"
"name","__端子1","arc","10","70","1.5","0","6.283185307179586","textSize","12","textRotate","0","fontFamily","","fontStyle","Normal","fontWeight","Normal","linePitchRate","1.2","arrowSize","6","arrowAngle","0.5235987755982988"
"Parts","Black","1","0","正回路","False"
"name","__端子1","arc","10","10","1.5","0","6.283185307179586","textSize","12","textRotate","0","fontFamily","","fontStyle","Normal","fontWeight","Normal","linePitchRate","1.2","arrowSize","6","arrowAngle","0.5235987755982988"
"Parts","Black","1","0","正回路","False"
"name","__端子1","arc","170","70","1.5","0","6.283185307179586","textSize","12","textRotate","0","fontFamily","","fontStyle","Normal","fontWeight","Normal","linePitchRate","1.2","arrowSize","6","arrowAngle","0.5235987755982988"
"Parts","Black","1","0","正回路","False"
"name","__端子1","arc","170","10","1.5","0","6.283185307179586","textSize","12","textRotate","0","fontFamily","","fontStyle","Normal","fontWeight","Normal","linePitchRate","1.2","arrowSize","6","arrowAngle","0.5235987755982988"
"Parts","Black","1","0","正回路","False"
"name","__接続点","arc","55.955882352941174","46","1","0","6.283185307179586","arc","55.955882352941174","46","0.5","0","6.283185307179586","arc","55.955882352941174","46","0.7071067811865476","0","6.283185307179586","arc","55.955882352941174","46","0.2895259468927665","0","6.283185307179586","textSize","12","textRotate","0","fontFamily","","fontStyle","Normal","fontWeight","Normal","linePitchRate","1.2","arrowSize","6","arrowAngle","0.5235987755982988"
"Parts","Black","1","0","正回路","False"
"name","__接続点","arc","80","70","1","0","6.283185307179586","arc","80","70","0.5","0","6.283185307179586","arc","80","70","0.7071067811865476","0","6.283185307179586","arc","80","70","0.2895259468927665","0","6.283185307179586","textSize","12","textRotate","0","fontFamily","","fontStyle","Normal","fontWeight","Normal","linePitchRate","1.2","arrowSize","6","arrowAngle","0.5235987755982988"
"Parts","Black","1","0","正回路","False"
"name","__接続点","arc","100","70","1","0","6.283185307179586","arc","100","70","0.5","0","6.283185307179586","arc","100","70","0.7071067811865476","0","6.283185307179586","arc","100","70","0.2895259468927665","0","6.283185307179586","textSize","12","textRotate","0","fontFamily","","fontStyle","Normal","fontWeight","Normal","linePitchRate","1.2","arrowSize","6","arrowAngle","0.5235987755982988"
"Parts","Black","1","0","正回路","False"
"name","__接続点","arc","120","70","1","0","6.283185307179586","arc","120","70","0.5","0","6.283185307179586","arc","120","70","0.7071067811865476","0","6.283185307179586","arc","120","70","0.2895259468927665","0","6.283185307179586","textSize","12","textRotate","0","fontFamily","","fontStyle","Normal","fontWeight","Normal","linePitchRate","1.2","arrowSize","6","arrowAngle","0.5235987755982988"
"Parts","Black","1","0","正回路","False"
"name","__接続点","arc","139.99999999999997","69.99999999999999","1","0","6.283185307179586","arc","139.99999999999997","69.99999999999999","0.5","0","6.283185307179586","arc","139.99999999999997","69.99999999999999","0.7071067811865476","0","6.283185307179586","arc","139.99999999999997","69.99999999999999","0.2895259468927665","0","6.283185307179586","textSize","12","textRotate","0","fontFamily","","fontStyle","Normal","fontWeight","Normal","linePitchRate","1.2","arrowSize","6","arrowAngle","0.5235987755982988"
"Parts","Black","1","0","正回路","False"
"name","__接続点","arc","140","10","1","0","6.283185307179586","arc","140","10","0.5","0","6.283185307179586","arc","140","10","0.7071067811865476","0","6.283185307179586","arc","140","10","0.2895259468927665","0","6.283185307179586","textSize","12","textRotate","0","fontFamily","","fontStyle","Normal","fontWeight","Normal","linePitchRate","1.2","arrowSize","6","arrowAngle","0.5235987755982988"
"Parts","Black","1","0","正回路","False"
"name","__接続点","arc","120","10","1","0","6.283185307179586","arc","120","10","0.5","0","6.283185307179586","arc","120","10","0.7071067811865476","0","6.283185307179586","arc","120","10","0.2895259468927665","0","6.283185307179586","textSize","12","textRotate","0","fontFamily","","fontStyle","Normal","fontWeight","Normal","linePitchRate","1.2","arrowSize","6","arrowAngle","0.5235987755982988"
"Parts","Black","1","0","正回路","False"
"name","__接続点","arc","100","10","1","0","6.283185307179586","arc","100","10","0.5","0","6.283185307179586","arc","100","10","0.7071067811865476","0","6.283185307179586","arc","100","10","0.2895259468927665","0","6.283185307179586","textSize","12","textRotate","0","fontFamily","","fontStyle","Normal","fontWeight","Normal","linePitchRate","1.2","arrowSize","6","arrowAngle","0.5235987755982988"
"Parts","Black","1","0","正回路","False"
"name","__接続点","arc","67.5","10","1","0","6.283185307179586","arc","67.5","10","0.5","0","6.283185307179586","arc","67.5","10","0.7071067811865476","0","6.283185307179586","arc","67.5","10","0.2895259468927665","0","6.283185307179586","textSize","12","textRotate","0","fontFamily","","fontStyle","Normal","fontWeight","Normal","linePitchRate","1.2","arrowSize","6","arrowAngle","0.5235987755982988"
"Parts","Black","1","0","正回路","False"
"name","__接続点","arc","36","10","1","0","6.283185307179586","arc","36","10","0.5","0","6.283185307179586","arc","36","10","0.7071067811865476","0","6.283185307179586","arc","36","10","0.2895259468927665","0","6.283185307179586","textSize","12","textRotate","0","fontFamily","","fontStyle","Normal","fontWeight","Normal","linePitchRate","1.2","arrowSize","6","arrowAngle","0.5235987755982988"
"Parts","Black","1","0","正回路","False"
"name","__接続点","arc","23","10","1","0","6.283185307179586","arc","23","10","0.5","0","6.283185307179586","arc","23","10","0.7071067811865476","0","6.283185307179586","arc","23","10","0.2895259468927665","0","6.283185307179586","textSize","12","textRotate","0","fontFamily","","fontStyle","Normal","fontWeight","Normal","linePitchRate","1.2","arrowSize","6","arrowAngle","0.5235987755982988"
"Parts","Black","1","0","正回路","False"
"name","__接続点","arc","23","70","1","0","6.283185307179586","arc","23","70","0.5","0","6.283185307179586","arc","23","70","0.7071067811865476","0","6.283185307179586","arc","23","70","0.2895259468927665","0","6.283185307179586","textSize","12","textRotate","0","fontFamily","","fontStyle","Normal","fontWeight","Normal","linePitchRate","1.2","arrowSize","6","arrowAngle","0.5235987755982988"
"Parts","Black","1","0","正回路","False"
"name","__接続点","arc","36","70","1","0","6.283185307179586","arc","36","70","0.5","0","6.283185307179586","arc","36","70","0.7071067811865476","0","6.283185307179586","arc","36","70","0.2895259468927665","0","6.283185307179586","textSize","12","textRotate","0","fontFamily","","fontStyle","Normal","fontWeight","Normal","linePitchRate","1.2","arrowSize","6","arrowAngle","0.5235987755982988"
"Text","Black","1","0","正回路","False"
"GND","180","11","4","0","Center","Center","1.2","Yu Gothic UI","Normal","Normal"
"Text","Black","1","0","正回路","False"
"GND","3","10","4","0","Center","Center","1.2","Yu Gothic UI","Normal","Normal"
"Text","Black","1","0","正回路","False"
"LM317T","55","79","4","0","Center","Center","1.2","Yu Gothic UI","Normal","Normal"
"Parts","Black","1","1","正回路","False"
"name","__ダイオード","line","57","98","57","88","line","57","88","51","93","line","51","93","57","98","line","51","98","51","88","line","51","93","48","93","line","57","93","60","93","textSize","12","textRotate","0","fontFamily","Yu Gothic UI","fontStyle","Normal","fontWeight","Normal","linePitchRate","1.2","arrowSize","6","arrowAngle","0.5235987755982988"
"Polyline","Black","1","1","正回路","False"
"59.25","93","80","93","80","70"
"Polyline","Black","1","1","正回路","False"
"48.75","93","36","93","36","70"
"Text","Black","1","0","正回路","False"
"Vin+\\n16V","2","73","4","0","Center","Center","1.2","Yu Gothic UI","Normal","Normal"
"Text","Black","1","0","正回路","False"
"0.1μF\\n発振防止","90","42","4","0","Center","Center","1.2","Yu Gothic UI","Normal","Normal"
"Text","Black","1","0","正回路","False"
"R1\\n240Ω","90","58","4","0","Center","Center","1.2","Yu Gothic UI","Normal","Normal"
"Text","Black","1","0","正回路","False"
"R2\\n5kΩ","47","33","4","0","Center","Center","1.2","Yu Gothic UI","Normal","Normal"
"Parts","Black","1","0","正回路","False"
"name","矢印","line","53","49","53","58","line","53","49","52","50.732050807568875","line","53","49","54","50.732050807568875","textSize","12","textRotate","0","fontFamily","Yu Gothic UI","fontStyle","Normal","fontWeight","Normal","linePitchRate","1.2","arrowSize","2","arrowAngle","0.5235987755982988"
"Text","Black","1","0","正回路","False"
"IADJ","48","54","4","0","Center","Center","1.2","Yu Gothic UI","Normal","Normal"
"Text","Black","1","0","正回路","False"
"VREF","68","56","4","0","Center","Center","1.2","Yu Gothic UI","Normal","Normal"
"Parts","Black","1","0","正回路","False"
"name","矢印","line","72","70","72","59","line","72","70","73","68.26794919243112","line","72","70","71","68.26794919243112","textSize","12","textRotate","0","fontFamily","Yu Gothic UI","fontStyle","Normal","fontWeight","Normal","linePitchRate","1.2","arrowSize","2","arrowAngle","0.5235987755982988"
"Parts","Black","1","0","正回路","False"
"name","矢印","line","72","46","72","59","line","72","46","71","47.732050807568875","line","72","46","73","47.732050807568875","textSize","12","textRotate","0","fontFamily","Yu Gothic UI","fontStyle","Normal","fontWeight","Normal","linePitchRate","1.2","arrowSize","2","arrowAngle","0.5235987755982988"
"Text","Black","1","0","正回路","False"
"\\n1N4001\\n逆流防止","56","112","4","0","Center","Center","1.2","Yu Gothic UI","Normal","Normal"
"Parts","Black","1","0","正回路","False"
"name","__3端子レギュレータ","line","43.75","77","67.75","77","line","67.75","77","67.75","63","line","67.75","63","43.75","63","line","43.75","63","43.75","77","line","67.75","70","70.75","70","line","43.75","70","40.75","70","line","55.75","63","55.75","60","text","ADJ","56.75","68","4","0","Center","Top","text","IN","47.75","73","4","0","Center","Top","text","OUT","62.75","73","4","0","Center","Top","textSize","12","textRotate","0","fontFamily","Yu Gothic UI","fontStyle","Normal","fontWeight","Normal","linePitchRate","1.2","arrowSize","6","arrowAngle","0.5235987755982988"
"Parts","Black","1","0","負回路","False"
"name","__抵抗","line","77","-40.5","82.99999999999997","-38.5","line","82.99999999999997","-38.5","77","-36.5","line","77","-36.5","83","-34.5","line","83","-34.5","77","-32.5","line","77","-32.5","80","-31.5","line","83","-42.5","77","-40.5","line","83","-42.5","80","-43.5","line","80","-31.5","80","-26","line","80","-43.5","80","-48","textSize","12","textRotate","0","fontFamily","","fontStyle","Normal","fontWeight","Normal","linePitchRate","1.2","arrowSize","6","arrowAngle","0.5235987755982988"
"Parts","Black","1","0","負回路","False"
"name","__ボリューム","line","53","-16","59","-14","line","59","-14","53","-12","line","53","-12","59","-10","line","59","-10","53","-8","line","53","-8","55.999999999999986","-7","line","55.999999999999986","-7","55.999999999999986","-2","line","59","-18","53","-16","line","59","-18","55.999999999999986","-19","line","55.999999999999986","-19","56","-23","line","59.5","-14","67.5","-14","line","59.5","-14","62","-15","line","59.5","-14","62","-13","textSize","12","textRotate","0","fontFamily","Yu Gothic UI","fontStyle","Normal","fontWeight","Normal","linePitchRate","1.2","arrowSize","6","arrowAngle","0.5235987755982988"
"Line","Black","1","0","負回路","False"
"70","-50","170","-50"
"Line","Black","1","0","負回路","False"
"55.75","-40","56","-23"
"Line","Black","1","0","負回路","False"
"67.5","-14","67.5","10"
"Line","Black","1","0","負回路","False"
"80","-26","56.000000000000014","-26"
"Line","Black","1","0","負回路","False"
"80","-48","80","-50"
"Line","Black","1","0","負回路","False"
"41.500000000000014","-50","10.00000000000001","-50"
"Text","Black","1","0","負回路","False"
"10μF\\n20V","128","-22","4","0","Center","Center","1.2","Yu Gothic UI","Normal","Normal"
"Text","Black","1","0","負回路","False"
"10μF\\n20V","16.999999999999993","-20","4","0","Center","Center","1.2","Yu Gothic UI","Normal","Normal"
"Text","Black","1","0","負回路","False"
"0.1μF","30.000000000000007","-20","4","0","Center","Center","1.2","Yu Gothic UI","Normal","Normal"
"Parts","Black","1","0","負回路","False"
"name","__端子1","arc","10.00000000000001","-50","1.5","0","6.283185307179586","textSize","12","textRotate","0","fontFamily","","fontStyle","Normal","fontWeight","Normal","linePitchRate","1.2","arrowSize","6","arrowAngle","0.5235987755982988"
"Parts","Black","1","0","負回路","False"
"name","__端子1","arc","170","-50","1.5","0","6.283185307179586","textSize","12","textRotate","0","fontFamily","","fontStyle","Normal","fontWeight","Normal","linePitchRate","1.2","arrowSize","6","arrowAngle","0.5235987755982988"
"Parts","Black","1","0","負回路","False"
"name","__接続点","arc","55.95588235294119","-26","1","0","6.283185307179586","arc","55.95588235294119","-26","0.5","0","6.283185307179586","arc","55.95588235294119","-26","0.7071067811865476","0","6.283185307179586","arc","55.95588235294119","-26","0.2895259468927665","0","6.283185307179586","textSize","12","textRotate","0","fontFamily","","fontStyle","Normal","fontWeight","Normal","linePitchRate","1.2","arrowSize","6","arrowAngle","0.5235987755982988"
"Parts","Black","1","0","負回路","False"
"name","__接続点","arc","80","-50","1","0","6.283185307179586","arc","80","-50","0.5","0","6.283185307179586","arc","80","-50","0.7071067811865476","0","6.283185307179586","arc","80","-50","0.2895259468927665","0","6.283185307179586","textSize","12","textRotate","0","fontFamily","","fontStyle","Normal","fontWeight","Normal","linePitchRate","1.2","arrowSize","6","arrowAngle","0.5235987755982988"
"Parts","Black","1","0","負回路","False"
"name","__接続点","arc","99.99999999999997","-50","1","0","6.283185307179586","arc","99.99999999999997","-50","0.5","0","6.283185307179586","arc","99.99999999999997","-50","0.7071067811865476","0","6.283185307179586","arc","99.99999999999997","-50","0.2895259468927665","0","6.283185307179586","textSize","12","textRotate","0","fontFamily","","fontStyle","Normal","fontWeight","Normal","linePitchRate","1.2","arrowSize","6","arrowAngle","0.5235987755982988"
"Parts","Black","1","0","負回路","False"
"name","__接続点","arc","120.00000000000003","-50","1","0","6.283185307179586","arc","120.00000000000003","-50","0.5","0","6.283185307179586","arc","120.00000000000003","-50","0.7071067811865476","0","6.283185307179586","arc","120.00000000000003","-50","0.2895259468927665","0","6.283185307179586","textSize","12","textRotate","0","fontFamily","","fontStyle","Normal","fontWeight","Normal","linePitchRate","1.2","arrowSize","6","arrowAngle","0.5235987755982988"
"Parts","Black","1","0","負回路","False"
"name","__接続点","arc","139.99999999999997","-49.999999999999986","1","0","6.283185307179586","arc","139.99999999999997","-49.999999999999986","0.5","0","6.283185307179586","arc","139.99999999999997","-49.999999999999986","0.7071067811865476","0","6.283185307179586","arc","139.99999999999997","-49.999999999999986","0.2895259468927665","0","6.283185307179586","textSize","12","textRotate","0","fontFamily","","fontStyle","Normal","fontWeight","Normal","linePitchRate","1.2","arrowSize","6","arrowAngle","0.5235987755982988"
"Parts","Black","1","0","負回路","False"
"name","__接続点","arc","23","-50","1","0","6.283185307179586","arc","23","-50","0.5","0","6.283185307179586","arc","23","-50","0.7071067811865476","0","6.283185307179586","arc","23","-50","0.2895259468927665","0","6.283185307179586","textSize","12","textRotate","0","fontFamily","","fontStyle","Normal","fontWeight","Normal","linePitchRate","1.2","arrowSize","6","arrowAngle","0.5235987755982988"
"Parts","Black","1","0","負回路","False"
"name","__接続点","arc","36.000000000000014","-50","1","0","6.283185307179586","arc","36.000000000000014","-50","0.5","0","6.283185307179586","arc","36.000000000000014","-50","0.7071067811865476","0","6.283185307179586","arc","36.000000000000014","-50","0.2895259468927665","0","6.283185307179586","textSize","12","textRotate","0","fontFamily","","fontStyle","Normal","fontWeight","Normal","linePitchRate","1.2","arrowSize","6","arrowAngle","0.5235987755982988"
"Polyline","Black","1","1","負回路","False"
"59.25","-73","80","-73","80","-50"
"Polyline","Black","1","1","負回路","False"
"48.749999999999986","-73","36","-73","36.000000000000014","-50"
"Text","Black","1","0","負回路","False"
"R1\\n240Ω","90","-38","4","0","Center","Center","1.2","Yu Gothic UI","Normal","Normal"
"Text","Black","1","0","負回路","False"
"R2\\n5kΩ","47","-13","4","0","Center","Center","1.2","Yu Gothic UI","Normal","Normal"
"Parts","Black","1","0","負回路","False"
"name","矢印","line","53","-29","53.000000000000014","-38","line","53","-29","54","-30.732050807568875","line","53","-29","52","-30.732050807568882","textSize","12","textRotate","0","fontFamily","Yu Gothic UI","fontStyle","Normal","fontWeight","Normal","linePitchRate","1.2","arrowSize","2","arrowAngle","0.5235987755982988"
"Text","Black","1","0","負回路","False"
"IADJ","48","-34","4","0","Center","Center","1.2","Yu Gothic UI","Normal","Normal"
"Text","Black","1","0","負回路","False"
"VREF","68","-36","4","0","Center","Center","1.2","Yu Gothic UI","Normal","Normal"
"Parts","Black","1","0","負回路","False"
"name","矢印","line","72","-50","72","-39","line","72","-50","71","-48.26794919243112","line","72","-50","73","-48.26794919243112","textSize","12","textRotate","0","fontFamily","Yu Gothic UI","fontStyle","Normal","fontWeight","Normal","linePitchRate","1.2","arrowSize","2","arrowAngle","0.5235987755982988"
"Parts","Black","1","0","負回路","False"
"name","矢印","line","72","-26","72","-39","line","72","-26","73","-27.732050807568875","line","72","-26","71","-27.732050807568875","textSize","12","textRotate","0","fontFamily","Yu Gothic UI","fontStyle","Normal","fontWeight","Normal","linePitchRate","1.2","arrowSize","2","arrowAngle","0.5235987755982988"
"Text","Black","1","0","負回路","False"
"LM337T","54.999999999999986","-59","4","0","Center","Center","1.2","Yu Gothic UI","Normal","Normal"
"Line","Black","1","0","負回路","False"
"23","-19","22.999999999999993","-50"
"Parts","Black","1","0","負回路","False"
"name","__電解コンデンサ","line","23","-15","23","-19","line","18.999999999999993","-15","27","-15","line","18.999999999999986","-13","27","-13","line","23","-13","23","-9","line","19.499999999999993","-15","21","-13","line","20.499999999999993","-15","22.000000000000014","-13","line","21.5","-15","23","-13","line","22.5","-15","24.000000000000007","-13","line","23.500000000000007","-15","24.99999999999998","-13","line","24.5","-15","26","-13","line","18.5","-11.5","19.999999999999986","-11.5","line","19.249999999999986","-12.25","19.249999999999993","-10.75","line","18.499999999999986","-16.5","19.999999999999993","-16.5","textSize","12","textRotate","0","fontFamily","Yu Gothic UI","fontStyle","Normal","fontWeight","Normal","linePitchRate","1.2","arrowSize","6","arrowAngle","0.5235987755982988"
"Line","Black","1","0","負回路","False"
"23","-9","23.000000000000007","10"
"Line","Black","1","0","負回路","False"
"36","-19","36","-50"
"Parts","Black","1","0","負回路","False"
"name","__コンデンサ","line","32.000000000000014","-13","39.999999999999986","-13","line","32","-15","40","-15","line","36","-13","35.999999999999986","-9","line","36","-15","36","-19","textSize","12","textRotate","0","fontFamily","Yu Gothic UI","fontStyle","Normal","fontWeight","Normal","linePitchRate","1.2","arrowSize","6","arrowAngle","0.5235987755982988"
"Line","Black","1","0","負回路","False"
"35.999999999999986","-9","36.000000000000014","10"
"Line","Black","1","0","負回路","False"
"100","-19","100.00000000000003","-50"
"Parts","Black","1","0","負回路","False"
"name","__コンデンサ","line","96.00000000000003","-13","104","-13","line","95.99999999999997","-15","104","-15","line","99.99999999999997","-13","100.00000000000003","-9","line","100.00000000000003","-15","100","-19","textSize","12","textRotate","0","fontFamily","Yu Gothic UI","fontStyle","Normal","fontWeight","Normal","linePitchRate","1.2","arrowSize","6","arrowAngle","0.5235987755982988"
"Line","Black","1","0","負回路","False"
"100.00000000000003","-9","99.99999999999994","10"
"Line","Black","1","0","負回路","False"
"120","-19","120","-50"
"Parts","Black","1","0","負回路","False"
"name","__電解コンデンサ","line","120","-15","120","-19","line","116","-15","124","-15","line","115.99999999999997","-13","123.99999999999997","-13","line","119.99999999999997","-13","119.99999999999997","-9","line","116.49999999999997","-15","117.99999999999997","-13","line","117.49999999999997","-15","119","-13","line","118.5","-15","119.99999999999997","-13","line","119.49999999999997","-15","121.00000000000003","-13","line","120.49999999999997","-15","122","-13","line","121.5","-15","122.99999999999997","-13","line","115.49999999999997","-11.5","116.99999999999997","-11.5","line","116.25","-12.25","116.25","-10.75","line","115.50000000000003","-16.5","117.00000000000003","-16.5","textSize","12","textRotate","0","fontFamily","Yu Gothic UI","fontStyle","Normal","fontWeight","Normal","linePitchRate","1.2","arrowSize","6","arrowAngle","0.5235987755982988"
"Line","Black","1","0","負回路","False"
"119.99999999999997","-9","120.00000000000003","10"
"Line","Black","1","0","負回路","False"
"140","-21.40312423743285","140","-50"
"Parts","Black","1","0","負回路","False"
"name","__電圧計","line","137","-19","143","-19","arc","140.00000000000006","-15","6.4031242374328485","0","6.283185307179586","text","V","140.66500000000002","-14.665","10","0","Center","Center","textSize","12","textRotate","0","fontFamily","","fontStyle","Normal","fontWeight","Normal","linePitchRate","1.2","arrowSize","6","arrowAngle","0.5235987755982988"
"Line","Black","1","0","負回路","False"
"140","-8.596875762567151","140.00000000000006","10"
"Text","Black","1","0","負回路","False"
"0.1μF\\n発振防止","91","-18","4","0","Center","Center","1.2","Yu Gothic UI","Normal","Normal"
"Parts","Black","1","0","負回路","False"
"name","__3端子レギュレータ","line","43.749999999999986","-57","67.75","-57","line","67.75","-57","67.75","-43","line","67.75","-43","43.749999999999986","-43","line","43.749999999999986","-43","43.749999999999986","-57","line","67.75","-50","70.75","-50","line","43.750000000000014","-50","40.75","-50","line","55.750000000000014","-43","55.75","-40","text","ADJ","56.75","-48","4","0","Center","Bottom","text","IN","47.750000000000014","-53","4","0","Center","Bottom","text","OUT","62.75","-53","4","0","Center","Bottom","textSize","12","textRotate","0","fontFamily","Yu Gothic UI","fontStyle","Normal","fontWeight","Normal","linePitchRate","1.2","arrowSize","6","arrowAngle","0.5235987755982988"
"Parts","Black","1","1","負回路","False"
"name","__ダイオード","line","51","-68","51.00000000000003","-78","line","51.00000000000003","-78","57.00000000000003","-73","line","57.00000000000003","-73","51","-68","line","57","-68","57","-78","line","57.00000000000003","-73","60.000000000000014","-73","line","51.000000000000014","-73","48","-73","textSize","12","textRotate","0","fontFamily","Yu Gothic UI","fontStyle","Normal","fontWeight","Normal","linePitchRate","1.2","arrowSize","6","arrowAngle","0.5235987755982988"
"Text","Black","1","0","正回路","False"
"\\n1N4001\\n逆流防止","54","-79","4","0","Center","Center","1.2","Yu Gothic UI","Normal","Normal"
"Text","Black","1","0","負回路","False"
"Vin-\\n16V","2.000000000000009","-53","4","0","Center","Center","1.2","Yu Gothic UI","Normal","Normal"
"Text","Black","1","0","正回路","False"
"Vout+\\n1.25～27V","182","71","4","0","Center","Center","1.2","Yu Gothic UI","Normal","Normal"
"Text","Black","1","0","負回路","False"
"Vout-\\n1.25～27V","182","-51","4","0","Center","Center","1.2","Yu Gothic UI","Normal","Normal"
"Parts","Black","1","0","AC変換","False"
"name","__電源トランス_1","line","-17.938750500400403","116.5","-23.938750500400403","116.5","line","-23.938750500400403","93.5","-17.938750500400403","93.5","line","-23.938750500400403","123.5","-17.938750500400403","123.5","line","-17.938750500400403","146.5","-23.938750500400403","146.5","line","-29.938750500400403","150","-29.9387505004004","91","line","-32.9387505004004","150","-32.938750500400396","91","line","-41.9387505004004","136","-38.9387505004004","136","line","-38.9387505004004","103","-41.9387505004004","103","arc","-23.938750500400403","102.5","4","0.6751315329370318","5.608053774242556","arc","-23.938750500400403","97.5","4","0.6751315329370344","4.71238898038469","arc","-23.938750500400403","107.5","4","0.6751315329370327","5.6080537742425545","arc","-23.938750500400403","112.5","4","1.5707963267948966","5.608053774242556","arc","-23.938750500400403","127.5","4","0.6751315329370344","4.71238898038469","arc","-23.938750500400396","132.5","4","0.6751315329370318","5.608053774242556","arc","-23.938750500400396","137.5","4","0.6751315329370327","5.6080537742425545","arc","-23.938750500400403","142.5","4","1.5707963267948966","5.608053774242556","arc","-38.9387505004004","132","4","3.8167241865268253","7.853981633974483","arc","-38.9387505004004","127","4","3.8167241865268253","8.749646427832348","arc","-38.9387505004004","122","4","3.8167241865268253","8.749646427832348","arc","-38.9387505004004","107","4","4.71238898038469","8.749646427832348","arc","-38.9387505004004","112","4","3.8167241865268253","8.749646427832348","arc","-38.9387505004004","117","4","3.8167241865268253","8.749646427832348","textSize","12","textRotate","0","fontFamily","","fontStyle","Normal","fontWeight","Normal","linePitchRate","1.2","arrowSize","6","arrowAngle","0.5235987755982988"
"Parts","Black","1","0","AC変換","False"
"name","__ブリッジ整流器","line","4.393398282201858","106.85786437626899","11.46446609406729","113.9289321881345","line","11.46446609406729","113.9289321881345","3.686291501015276","114.63603896932102","line","3.686291501015276","114.63603896932102","4.393398282201858","106.85786437626899","line","0.1507575950825526","111.10050506338825","7.221825406948","118.17157287525376","line","3.686291501015276","114.63603896932102","1.5649711574556164","116.75735931288065","line","7.928932188134581","110.39339828220176","10.050252531694227","108.27207793864213","line","2.979184719828666","126.65685424949234","-2.6776695296636888","120.99999999999991","line","-2.6776695296636888","120.99999999999991","1.5649711574556164","116.75735931288065","line","20.65685424949244","108.97918471982874","15.000000000000085","103.32233047033631","line","15.000000000000085","103.32233047033631","10.050252531694227","108.27207793864213","line","19.24264068711922","134.43502884254443","14.999999999999915","138.6776695296637","line","14.999999999999915","138.6776695296637","10.757359312880652","134.43502884254437","line","22.07106781186546","124.5355339059328","29.142135623730894","131.60660171779827","line","29.142135623730894","131.60660171779827","21.363961030678865","132.3137084989848","line","21.363961030678865","132.3137084989848","22.07106781186546","124.5355339059328","line","17.828427124746156","128.77817459305206","24.899494936611603","135.84924240491753","line","21.363961030678865","132.3137084989848","19.24264068711922","134.43502884254443","line","25.606601717798185","128.07106781186553","27.727922061357816","125.9497474683059","line","27.727922061357816","125.9497474683059","32.67766952966369","121.00000000000009","line","32.67766952966369","121.00000000000009","28.435028842544426","116.7573593128808","line","0.8578643762689921","131.60660171779816","7.92893218813451","124.53553390593271","line","7.92893218813451","124.53553390593271","8.63603896932102","132.31370849898474","line","8.63603896932102","132.31370849898474","0.8578643762689921","131.60660171779816","line","5.100505063388255","135.84924240491745","12.171572875253773","128.778174593052","line","8.63603896932102","132.31370849898474","10.757359312880652","134.43502884254437","line","4.393398282201758","128.07106781186542","2.272077938642113","125.94974746830579","line","18.535533905932766","113.92893218813455","25.60660171779827","106.8578643762691","line","25.60660171779827","106.8578643762691","26.313708498984795","114.63603896932113","line","26.313708498984795","114.63603896932113","18.535533905932766","113.92893218813455","line","22.77817459305203","118.17157287525384","29.849242404917533","111.1005050633884","line","26.313708498984795","114.63603896932113","28.435028842544426","116.7573593128808","line","22.071067811865532","110.39339828220184","19.9497474683059","108.27207793864218","textSize","12","textRotate","0","fontFamily","Yu Gothic UI","fontStyle","Normal","fontWeight","Normal","linePitchRate","1.2","arrowSize","6","arrowAngle","0.5235987755982988"
"Line","Black","1","0","AC変換","False"
"-17.938750500400403","123.5","-17.938750500400403","116.5"
"Line","Black","1","0","AC変換","False"
"-18","120","-15","120"
"Text","Black","1","0","AC変換","False"
"GND","-9","120","4","0","Center","Center","1.2","Yu Gothic UI","Normal","Normal"
"Polyline","Black","1","0","AC変換","False"
"-17.938750500400403","93.5","-2.6776695296636888","93.5","-2.6776695296636888","120.99999999999991"
"Polyline","Black","1","0","AC変換","False"
"-17.938750500400403","146.5","32.67766952966369","146.5","32.67766952966369","121.00000000000009"
"Line","Black","1","0","AC変換","False"
"14.999999999999915","138.6776695296637","15","142"
"Line","Black","1","0","AC変換","False"
"15.000000000000085","103.32233047033631","15","101"
"Text","Black","1","0","AC変換","False"
"Vin+","9","142","4","0","Center","Center","1.2","Yu Gothic UI","Normal","Normal"
"Text","Black","1","0","AC変換","False"
"Vin-","11","101","4","0","Center","Center","1.2","Yu Gothic UI","Normal","Normal"
"Text","Black","1","0","AC変換","False"
"AC100V","-51","119","4","0","Center","Center","1.2","Yu Gothic UI","Normal","Normal"
