﻿"Property"
"Prperty","Color","Black","PointType","1","PointSize","3","LineType","0","Thickness","1","TextSize","8","TextRotate","0","LinePitchRate","1.2","HA","Left","VA","Top","ArrowSize","4","ArrowAngle","0.5235987755982988","GridSize","1","DispLaerBit","4294967295","CreateLayer","BaseLayer","OneLayerDisp","False","FontFamily","Yu Gothic UI","FontStyle","Normal","FontWeight","Normal","SymbolCategoryIindex","0","BackColor","White"
"Comment"
"Comment","Comment","LED抵抗の基本的な計算式\\n (電源電圧[V} - 順方向電圧降下[V]) / 順方向電流[A] = 抵抗値[Ω]\\n(45V - 3.1V) / 5mA = 41.9 / 5 x 1000 = 8380.0 = 8.4kΩ"
"Parts","Black","1","0","BaseLayer","False"
"name","__抵抗","line","107.5","49","109.5","55","line","109.5","55","111.5","49","line","111.5","49","113.5","55","line","113.5","55","115.5","49","line","115.5","49","116.5","52","line","105.5","55","107.5","49","line","105.5","55","104.5","52","line","116.5","52","122","52","line","104.5","52","100","52","textSize","12","textRotate","0","fontFamily","","fontStyle","Normal","fontWeight","Normal","linePitchRate","1.2","arrowSize","6","arrowAngle","0.5235987755982988"
"Parts","Black","1","0","BaseLayer","False"
"name","__電池","line","117.5","27","117.5","37","line","119","29","119","35","line","119","35","120.5","35","line","120.5","35","120.5","29","line","120.5","29","119","29","line","122","27","122","37","line","123.5","29","123.5","35","line","123.5","35","125","35","line","125","35","125","29","line","125","29","123.5","29","line","117.5","32","114.5","32","line","125","32","127.5","32","textSize","12","textRotate","0","fontFamily","","fontStyle","Normal","fontWeight","Normal","linePitchRate","1.2","arrowSize","6","arrowAngle","0.5235987755982988"
"Line","Black","1","0","BaseLayer","False"
"122","52","126","52"
"Parts","Black","1","0","BaseLayer","False"
"name","__LED","line","135.5","52","138.5","52","line","129.5","52","126","52","line","129.5","48.5","129.5","55.5","line","129.5","55.5","135.5","52","line","135.5","52","129.5","48.5","line","135.5","48.5","135.5","55","line","130.5","60","132","57.5","line","130.5","60","131.81146928579366","59.27195583072189","line","130.5","60","130.52522989722485","58.500212197580595","line","132","55","130.5","57.5","line","130.5","57.5","132","57.5","line","134","55","132.5","57.5","line","132.5","57.5","134","57.5","line","132.5","60","134","57.5","line","132.5","60","133.81146928579366","59.27195583072189","line","132.5","60","132.52522989722485","58.500212197580595","textSize","12","textRotate","0","fontFamily","","fontStyle","Normal","fontWeight","Normal","linePitchRate","1.2","arrowSize","6","arrowAngle","0.5235987755982988"
"Polyline","Black","1","0","BaseLayer","False"
"138.5","52","143.5","52","143.5","32","127.5","32"
"Polyline","Black","1","0","BaseLayer","False"
"100","52","96","52","96","32","114.5","32"
"Parts","Black","1","0","BaseLayer","False"
"name","矢印","line","98.5","44.5","98.5","37","line","98.5","44.5","99.75","42.3349364905389","line","98.5","44.5","97.25","42.3349364905389","textSize","12","textRotate","0","fontFamily","Yu Gothic UI","fontStyle","Normal","fontWeight","Normal","linePitchRate","1.2","arrowSize","2.5","arrowAngle","0.5235987755982988"
"Line","Black","1","1","BaseLayer","False"
"101","64.5","101","52"
"Line","Black","1","1","BaseLayer","False"
"121","64.5","121","52"
"Line","Black","1","1","BaseLayer","False"
"141","64.5","141","52"
"Line","Black","1","1","BaseLayer","False"
"111","32","111","22"
"Line","Black","1","1","BaseLayer","False"
"133.5","32","133.5","22"
"Parts","Black","1","0","BaseLayer","False"
"name","矢印","line","118.5","62","103.5","62","line","118.5","62","116.3349364905389","60.75","line","118.5","62","116.3349364905389","63.25","textSize","12","textRotate","0","fontFamily","Yu Gothic UI","fontStyle","Normal","fontWeight","Normal","linePitchRate","1.2","arrowSize","2.5","arrowAngle","0.5235987755982988"
"Parts","Black","1","0","BaseLayer","False"
"name","矢印","line","138.5","62","123.5","62","line","138.5","62","136.3349364905389","60.75","line","138.5","62","136.3349364905389","63.25","textSize","12","textRotate","0","fontFamily","Yu Gothic UI","fontStyle","Normal","fontWeight","Normal","linePitchRate","1.2","arrowSize","2.5","arrowAngle","0.5235987755982988"
"Parts","Black","1","0","BaseLayer","False"
"name","矢印","line","123.5","54.5","118.5","54.5","line","123.5","54.5","121.3349364905389","53.25","line","123.5","54.5","121.3349364905389","55.75","textSize","12","textRotate","0","fontFamily","Yu Gothic UI","fontStyle","Normal","fontWeight","Normal","linePitchRate","1.2","arrowSize","2.5","arrowAngle","0.5235987755982988"
"Parts","Black","1","0","BaseLayer","False"
"name","矢印","line","113.5","24.5","131","24.5","line","113.5","24.5","115.6650635094611","25.75","line","113.5","24.5","115.6650635094611","23.25","textSize","12","textRotate","0","fontFamily","Yu Gothic UI","fontStyle","Normal","fontWeight","Normal","linePitchRate","1.2","arrowSize","2.5","arrowAngle","0.5235987755982988"
"Text","Black","1","0","BaseLayer","False"
"E-VF","108.5","67","3","0","Left","Top","1.2","Yu Gothic UI","Normal","Normal"
"Text","Black","1","0","BaseLayer","False"
"VF","128.5","67","3","0","Left","Top","1.2","Yu Gothic UI","Normal","Normal"
"Text","Black","1","0","BaseLayer","False"
"IF","123.5","59.5","3","0","Left","Top","1.2","Yu Gothic UI","Normal","Normal"
"Text","Black","1","0","BaseLayer","False"
"アノード\\n(プラス極)","121","49.5","2","0","Left","Top","1.2","Yu Gothic UI","Normal","Normal"
"Text","Black","1","0","BaseLayer","False"
"カソード\\n(マイナス極)","136","49.5","2","0","Left","Top","1.2","Yu Gothic UI","Normal","Normal"
"Text","Black","1","0","BaseLayer","False"
"電流の方向","101","42","2","0","Left","Top","1.2","Yu Gothic UI","Normal","Normal"
"Text","Black","1","0","BaseLayer","False"
"電源\\n(マイナス極)","126","39.5","2","0","Left","Top","1.2","Yu Gothic UI","Normal","Normal"
"Text","Black","1","0","BaseLayer","False"
"電源\\n(プラス極)","108.5","39.5","2","0","Left","Top","1.2","Yu Gothic UI","Normal","Normal"
"Text","Black","1","0","BaseLayer","False"
"E","121","24.5","3","0","Left","Top","1.2","Yu Gothic UI","Normal","Normal"
"Text","Black","1","0","BaseLayer","False"
"LED抵抗の基本的な計算式\\n (電源電圧[V} - 順方向電圧降下[V]) / 順方向電流[A] = 抵抗値[Ω]\\n(45V - 3.1V) / 5mA = 41.9 / 5 x 1000 = 8380.0 = 8.4kΩ\\n\\n　電源電圧 : 電池の電圧や回路の電圧[V]\\n　順方向電圧降下 : LEDにかかる電圧[V]、VFともいう\\n　順方向電流 : LEDに流したい電流[A]、IFともいう\\n　アノード : LEDのプラス側、回路図ではAと表記  (ピンが長い)\\n　カソード : LEDのマイナス側、回路図ではKと表記\\n白色・青色・緑色 : IF = 5mA\, VF = 3.1V (2.9～3.1V)\\n　　　　　　E = 12V → 1.8KΩ\\n                      E = 5V → 330Ω\\n赤色・黄色 :  IF = 5mA\, VF = 1.8V (1.78～1.84V)\\n　　　           E = 12V → 28KΩ\\n                      E = 5V → 640Ω\\n\\n","6","67","3","0","Left","Top","1.2","Yu Gothic UI","Normal","Normal"
