﻿"Property"
"Prperty","Color","Black","PointType","1","PointSize","3","LineType","0","Thickness","1","TextSize","3","TextRotate","0","LinePitchRate","1.2","HA","Left","VA","Top","ArrowSize","1.5","ArrowAngle","0.5235987755982988","GridSize","1","DispLayerBit","107","CreateLayer","BaseLayer","OneLayerDisp","False","FontFamily","Yu Gothic UI","FontStyle","Normal","FontWeight","Normal","SymbolCategoryIindex","4","BackColor","White"
"Comment"
"Comment","Comment","","Memo",""
"Group"
"GroupList"
"Parts","Black","1","0","BaseLayer","False","0"
"name","__オペアンプ","line","45","55","45","85","line","45","85","75","70","line","75","70","45","55","line","75","70","80","70","line","60","62.5","60","55","line","60","77.5","60","85","line","45","76","40","76","line","45","64","40","64","text","+","47.5","72.5","5","0","Center","Bottom","text","-","47","59.5","5","0","Center","Bottom","textSize","12","textRotate","0","fontFamily","","fontStyle","Normal","fontWeight","Normal","linePitchRate","1.2","arrowSize","6","arrowAngle","0.5235987755982988"
"Parts","Black","1","0","BaseLayer","False","0"
"name","__コンデンサ","line","76","62","84","62","line","76","60","84","60","line","80","62","80","66","line","80","60","80","56","textSize","12","textRotate","0","fontFamily","Yu Gothic UI","fontStyle","Normal","fontWeight","Normal","linePitchRate","1.2","arrowSize","6","arrowAngle","0.5235987755982988"
"Parts","Black","1","0","BaseLayer","False","0"
"name","__抵抗","line","77","42.5","83","40.5","line","83","40.5","77","38.5","line","77","38.5","83","36.5","line","83","36.5","77","34.5","line","77","34.5","80","33.5","line","83","44.5","77","42.5","line","83","44.5","80","45.5","line","80","33.5","80","28","line","80","45.5","80","50","textSize","12","textRotate","0","fontFamily","","fontStyle","Normal","fontWeight","Normal","linePitchRate","1.2","arrowSize","6","arrowAngle","0.5235987755982988"
"Line","Black","1","0","BaseLayer","False","0"
"80","70","88","70"
"Line","Black","1","0","BaseLayer","False","0"
"80","66","80","70"
"Line","Black","1","0","BaseLayer","False","0"
"80","56","80","50"
"Parts","Black","1","0","BaseLayer","False","0"
"name","__接地","line","74","20","86","20","line","76","18","84","18","line","78","16","82","16","line","80","28","80","20","textSize","12","textRotate","0","fontFamily","","fontStyle","Normal","fontWeight","Normal","linePitchRate","1.2","arrowSize","6","arrowAngle","0.5235987755982988"
"Parts","Black","1","0","BaseLayer","False","0"
"name","__接地","line","34","20","46","20","line","36","18","44","18","line","38","16","42","16","line","40","28","40","20","textSize","12","textRotate","0","fontFamily","","fontStyle","Normal","fontWeight","Normal","linePitchRate","1.2","arrowSize","6","arrowAngle","0.5235987755982988"
"Line","Black","1","0","BaseLayer","False","0"
"40","64","40","28"
"Text","Black","1","0","BaseLayer","False","0"
"3","43","76","3","0","Left","Top","1.2","Yu Gothic UI","Normal","Normal"
"Text","Black","1","0","BaseLayer","False","0"
"2","43","68","3","0","Left","Top","1.2","Yu Gothic UI","Normal","Normal"
"Parts","Black","1","0","BaseLayer","False","0"
"name","__接地","line","8","20","20","20","line","10","18","18","18","line","12","16","16","16","line","14","28","14","20","textSize","12","textRotate","0","fontFamily","","fontStyle","Normal","fontWeight","Normal","linePitchRate","1.2","arrowSize","6","arrowAngle","0.5235987755982988"
"Parts","Black","1","0","BaseLayer","False","0"
"name","__ボリューム","line","11","78","17","76","line","17","76","11","74","line","11","74","17","72","line","17","72","11","70","line","11","70","14","69","line","14","69","14","64","line","17","80","11","78","line","17","80","14","81","line","14","81","14","85","line","17.5","76","25.5","76","line","17.5","76","20","77","line","17.5","76","20","75","textSize","12","textRotate","0","fontFamily","Yu Gothic UI","fontStyle","Normal","fontWeight","Normal","linePitchRate","1.2","arrowSize","6","arrowAngle","0.5235987755982988"
"Line","Black","1","0","BaseLayer","False","0"
"25.5","76","40","76"
"Line","Black","1","0","BaseLayer","False","0"
"14","64","14","28"
"Polyline","Black","1","0","BaseLayer","False","0"
"14","85","14","90","-0","90"
"Parts","Black","1","0","BaseLayer","False","0"
"name","__電解コンデンサ","line","94","70","98","70","line","94","66","94","74","line","92","66","92","74","line","92","70","88","70","line","94","66.5","92","68","line","94","67.5","92","69","line","94","68.5","92","70","line","94","69.5","92","71","line","94","70.5","92","72","line","94","71.5","92","73","line","90.5","65.5","90.5","67","line","91.25","66.25","89.75","66.25","line","95.5","65.5","95.5","67","textSize","12","textRotate","0","fontFamily","Yu Gothic UI","fontStyle","Normal","fontWeight","Normal","linePitchRate","1.2","arrowSize","6","arrowAngle","0.5235987755982988"
"Text","Black","1","0","BaseLayer","False","0"
"250μF25V","88","80","3","0","Left","Top","1.2","Yu Gothic UI","Normal","Normal"
"Line","Black","1","0","BaseLayer","False","0"
"60","90","60","85"
"Line","Black","1","0","BaseLayer","False","0"
"70","90","70","72.5"
"Text","Black","1","0","BaseLayer","False","0"
"0.05μF","82","60","3","0","Left","Top","1.2","Yu Gothic UI","Normal","Normal"
"Text","Black","1","0","BaseLayer","False","0"
"10Ω","84","42","3","0","Left","Top","1.2","Yu Gothic UI","Normal","Normal"
"Text","Black","1","0","BaseLayer","False","0"
"1","61","81","3","0","Left","Top","1.2","Yu Gothic UI","Normal","Normal"
"Text","Black","1","0","BaseLayer","False","0"
"8","71","76","3","0","Left","Top","1.2","Yu Gothic UI","Normal","Normal"
"Text","Black","1","0","BaseLayer","False","0"
"5","75","70","3","0","Left","Top","1.2","Yu Gothic UI","Normal","Normal"
"Polyline","Black","1","0","BaseLayer","False","0"
"40","50","53","50","53","59"
"Text","Black","1","0","BaseLayer","False","0"
"4","51","59","3","0","Left","Top","1.2","Yu Gothic UI","Normal","Normal"
"Text","Black","1","0","BaseLayer","False","0"
"7","61","63","3","0","Left","Top","1.2","Yu Gothic UI","Normal","Normal"
"Line","Black","1","0","BaseLayer","False","0"
"51","82","51","90"
"Text","Black","1","0","BaseLayer","False","0"
"6","52","85","3","0","Left","Top","1.2","Yu Gothic UI","Normal","Normal"
"Text","Black","1","0","BaseLayer","False","0"
"Vs","49","96","3","0","Left","Top","1.2","Yu Gothic UI","Normal","Normal"
"Parts","Black","1","0","BaseLayer","False","0"
"name","__端子1","arc","51","90","1.5","0","6.283185307179586","textSize","12","textRotate","0","fontFamily","","fontStyle","Normal","fontWeight","Normal","linePitchRate","1.2","arrowSize","6","arrowAngle","0.5235987755982988"
"Parts","Black","1","0","BaseLayer","False","0"
"name","__端子1","arc","0","90","1.5","0","6.283185307179586","textSize","12","textRotate","0","fontFamily","","fontStyle","Normal","fontWeight","Normal","linePitchRate","1.2","arrowSize","6","arrowAngle","0.5235987755982988"
"Text","Black","1","0","BaseLayer","False","0"
"10kΩ","3","78","3","0","Left","Top","1.2","Yu Gothic UI","Normal","Normal"
"Parts","Black","1","0","SP出力","False","0"
"name","__スピーカ","line","117.9","58.29999999999998","122.30000000000001","58.29999999999998","line","122.30000000000001","58.29999999999998","122.30000000000001","49.69999999999999","line","122.30000000000001","49.69999999999999","117.9","49.69999999999999","line","117.9","49.69999999999999","117.9","58.29999999999998","line","122.30000000000001","58.29999999999998","126.1","63.89999999999998","line","126.1","63.89999999999998","126.1","44.099999999999994","line","126.1","44.099999999999994","122.30000000000001","49.69999999999999","textSize","12","textRotate","0","fontFamily","","fontStyle","Normal","fontWeight","Normal","linePitchRate","1.2","arrowSize","6","arrowAngle","0.5235987755982988"
"Polyline","Black","1","0","SP出力","False","0"
"98","70","120","70","120","58"
"Parts","Black","1","0","SP出力","False","0"
"name","__接地","line","114","20","126","20","line","116","18","124","18","line","118","16","122","16","line","120","28","120","20","textSize","12","textRotate","0","fontFamily","","fontStyle","Normal","fontWeight","Normal","linePitchRate","1.2","arrowSize","6","arrowAngle","0.5235987755982988"
"Line","Black","1","0","SP出力","False","0"
"120","28","119.99999999999999","49.69999999999999"
"Parts","Black","1","0","VUメータ","False","0"
"name","__抵抗","line","99","52.5","105","50.5","line","105","50.5","99","48.5","line","99","48.5","105","46.5","line","105","46.5","99","44.5","line","99","44.5","102","43.5","line","105","54.5","99","52.5","line","105","54.5","102","55.5","line","102","43.5","102","38","line","102","55.5","102","60","textSize","12","textRotate","0","fontFamily","","fontStyle","Normal","fontWeight","Normal","linePitchRate","1.2","arrowSize","6","arrowAngle","0.5235987755982988"
"Parts","Black","1","0","VUメータ","False","0"
"name","__ダイオード","line","112","47","122","47","line","122","47","117","53","line","117","53","112","47","line","112","53","122","53","line","117","53","117","56","line","117","47","117","44","textSize","12","textRotate","0","fontFamily","Yu Gothic UI","fontStyle","Normal","fontWeight","Normal","linePitchRate","1.2","arrowSize","6","arrowAngle","0.5235987755982988"
"Parts","Black","1","0","VUメータ","False","0"
"name","__ダイオード","line","123","75","123","65","line","123","65","129","70","line","129","70","123","75","line","129","75","129","65","line","129","70","132","70","line","123","70","120","70","textSize","12","textRotate","0","fontFamily","Yu Gothic UI","fontStyle","Normal","fontWeight","Normal","linePitchRate","1.2","arrowSize","6","arrowAngle","0.5235987755982988"
"Parts","Black","1","0","VUメータ","False","0"
"name","__電解コンデンサ","line","140.25","49","140.25","45","line","136.25","49","144.25","49","line","136.25","51","144.25","51","line","140.25","51","140.25","55","line","136.75","49","138.25","51","line","137.75","49","139.25","51","line","138.75","49","140.25","51","line","139.75","49","141.25","51","line","140.75","49","142.25","51","line","141.75","49","143.25","51","line","135.75","52.5","137.25","52.5","line","136.5","51.75","136.5","53.25","line","135.75","47.5","137.25","47.5","textSize","12","textRotate","0","fontFamily","Yu Gothic UI","fontStyle","Normal","fontWeight","Normal","linePitchRate","1.2","arrowSize","6","arrowAngle","0.5235987755982988"
"Parts","Black","1","0","VUメータ","False","0"
"name","__接地","line","96","20","108","20","line","98","18","106","18","line","100","16","104","16","line","102","28","102","20","textSize","12","textRotate","0","fontFamily","","fontStyle","Normal","fontWeight","Normal","linePitchRate","1.2","arrowSize","6","arrowAngle","0.5235987755982988"
"Parts","Black","1","0","VUメータ","False","0"
"name","__接地","line","111","20","123","20","line","113","18","121","18","line","115","16","119","16","line","117","28","117","20","textSize","12","textRotate","0","fontFamily","","fontStyle","Normal","fontWeight","Normal","linePitchRate","1.2","arrowSize","6","arrowAngle","0.5235987755982988"
"Parts","Black","1","0","VUメータ","False","0"
"name","__接地","line","134","20","146","20","line","136","18","144","18","line","138","16","142","16","line","140","28","140","20","textSize","12","textRotate","0","fontFamily","","fontStyle","Normal","fontWeight","Normal","linePitchRate","1.2","arrowSize","6","arrowAngle","0.5235987755982988"
"Line","Black","1","0","VUメータ","False","0"
"98","70","120","70"
"Line","Black","1","0","VUメータ","False","0"
"102","60","102","70"
"Line","Black","1","0","VUメータ","False","0"
"102","38","102","28"
"Line","Black","1","0","VUメータ","False","0"
"117","56","117","70"
"Line","Black","1","0","VUメータ","False","0"
"117","28","117","44"
"Line","Black","1","0","VUメータ","False","0"
"140.25","55","140","70"
"Line","Black","1","0","VUメータ","False","0"
"140.25","45","140","28"
"Text","Black","1","0","VUメータ","False","0"
"1N60","122","52","3","0","Left","Top","1.2","Yu Gothic UI","Normal","Normal"
"Text","Black","1","0","VUメータ","False","0"
"10μF50V","128","57","3","0","Left","Top","1.2","Yu Gothic UI","Normal","Normal"
"Text","Black","1","0","VUメータ","False","0"
"1N60","122","80","3","0","Left","Top","1.2","Yu Gothic UI","Normal","Normal"
"Text","Black","1","0","VUメータ","False","0"
"100Ω","91","52","3","0","Left","Top","1.2","Yu Gothic UI","Normal","Normal"
"Parts","Black","1","0","Gain200","False","0"
"name","__コンデンサ","line","64","86","64","94","line","66","86","66","94","line","64","90","60","90","line","66","90","70","90","textSize","12","textRotate","0","fontFamily","Yu Gothic UI","fontStyle","Normal","fontWeight","Normal","linePitchRate","1.2","arrowSize","6","arrowAngle","0.5235987755982988"
"Text","Black","1","0","Gain200","False","0"
"10μF","62","99","3","0","Left","Top","1.2","Yu Gothic UI","Normal","Normal"
"Text","Black","1","0","Gain200","False","0"
"Gain = 200","58","104","3","0","Left","Top","1.2","Yu Gothic UI","Normal","Normal"
"Parts","Black","1","0","Gain50","False","0"
"name","__抵抗","line","57","104.5","63","102.5","line","63","102.5","57","100.5","line","57","100.5","63","98.5","line","63","98.5","57","96.5","line","57","96.5","60","95.5","line","63","106.5","57","104.5","line","63","106.5","60","107.5","line","60","95.5","60","90","line","60","107.5","60","112","textSize","12","textRotate","0","fontFamily","","fontStyle","Normal","fontWeight","Normal","linePitchRate","1.2","arrowSize","6","arrowAngle","0.5235987755982988"
"Parts","Black","1","0","Gain50","False","0"
"name","__コンデンサ","line","66","103","74","103","line","66","101","74","101","line","70","103","70","107","line","70","101","70","97","textSize","12","textRotate","0","fontFamily","Yu Gothic UI","fontStyle","Normal","fontWeight","Normal","linePitchRate","1.2","arrowSize","6","arrowAngle","0.5235987755982988"
"Polyline","Black","1","0","Gain50","False","0"
"60","112","70","112","70","107"
"Text","Black","1","0","Gain50","False","0"
"Gain = 50","58","117","3","0","Left","Top","1.2","Yu Gothic UI","Normal","Normal"
"Text","Black","1","0","Gain50","False","0"
"1.2kΩ","48","105","3","0","Left","Top","1.2","Yu Gothic UI","Normal","Normal"
"Text","Black","1","0","Gain50","False","0"
"10μF","75","104","3","0","Left","Top","1.2","Yu Gothic UI","Normal","Normal"
"Line","Black","1","0","Gain50","False","0"
"70","97","70","90"
"Parts","Black","1","0","VUメータ","False","0"
"name","__VUメーター","line","170","60","170","65","line","170","40","170","35","arc","170","50","10","0","6.283185307179586","text","VU","165","56","8","0","Left","Top","textSize","12","textRotate","0","fontFamily","","fontStyle","Normal","fontWeight","Normal","linePitchRate","1.2","arrowSize","6","arrowAngle","0.5235987755982988"
"Line","Black","1","0","VUメータ","False","0"
"170","70","170","65"
"Parts","Black","1","0","VUメータ","False","0"
"name","__接地","line","164","20","176","20","line","166","18","174","18","line","168","16","172","16","line","170","28","170","20","textSize","12","textRotate","0","fontFamily","","fontStyle","Normal","fontWeight","Normal","linePitchRate","1.2","arrowSize","6","arrowAngle","0.5235987755982988"
"Line","Black","1","0","VUメータ","False","0"
"170","35","170","28"
"Line","Black","1","0","VUメータ","False","0"
"132","70","145","70"
"Parts","Black","1","0","VUメータ","False","0"
"name","__ボリューム","line","152","67","154","73","line","154","73","156","67","line","156","67","158","73","line","158","73","160","67","line","160","67","161","70","line","161","70","166","70","line","150","73","152","67","line","150","73","149","70","line","149","70","145","70","line","154","73.5","154","81.5","line","154","73.5","153","76","line","154","73.5","155","76","textSize","12","textRotate","0","fontFamily","Yu Gothic UI","fontStyle","Normal","fontWeight","Normal","linePitchRate","1.2","arrowSize","6","arrowAngle","0.5235987755982988"
"Polyline","Black","1","0","VUメータ","False","0"
"154","81.5","165","81.5","165","70"
"Line","Black","1","0","VUメータ","False","0"
"166","70","170","70"
"Text","Black","1","0","VUメータ","False","0"
"10kΩ","151","66","3","0","Left","Top","1.2","Yu Gothic UI","Normal","Normal"
"Parts","Black","1","0","電源フィルタ","False","0"
"name","__抵抗","line","112.5","132","114.5","138","line","114.5","138","116.5","132","line","116.5","132","118.5","138","line","118.5","138","120.5","132","line","120.5","132","121.5","135","line","110.5","138","112.5","132","line","110.5","138","109.5","135","line","121.5","135","127","135","line","109.5","135","105","135","textSize","12","textRotate","0","fontFamily","","fontStyle","Normal","fontWeight","Normal","linePitchRate","1.2","arrowSize","6","arrowAngle","0.5235987755982988"
"Parts","Black","1","0","電源フィルタ","False","0"
"name","__抵抗","line","137","120.5","131","122.5","line","131","122.5","137","124.5","line","137","124.5","131","126.5","line","131","126.5","137","128.5","line","137","128.5","134","129.5","line","131","118.5","137","120.5","line","131","118.5","134","117.5","line","134","129.5","134","135","line","134","117.5","134","113","textSize","12","textRotate","0","fontFamily","","fontStyle","Normal","fontWeight","Normal","linePitchRate","1.2","arrowSize","6","arrowAngle","0.5235987755982988"
"Parts","Black","1","0","電源フィルタ","False","0"
"name","__電解コンデンサ","line","150","124","150","120","line","146","124","154","124","line","146","126","154","126","line","150","126","150","130","line","146.5","124","148","126","line","147.5","124","149","126","line","148.5","124","150","126","line","149.5","124","151","126","line","150.5","124","152","126","line","151.5","124","153","126","line","145.5","127.5","147","127.5","line","146.25","126.75","146.25","128.25","line","145.5","122.5","147","122.5","textSize","12","textRotate","0","fontFamily","Yu Gothic UI","fontStyle","Normal","fontWeight","Normal","linePitchRate","1.2","arrowSize","6","arrowAngle","0.5235987755982988"
"Parts","Black","1","0","電源フィルタ","False","0"
"name","__電解コンデンサ","line","100","124","100","120","line","96","124","104","124","line","96","126","104","126","line","100","126","100","130","line","96.5","124","98","126","line","97.5","124","99","126","line","98.5","124","100","126","line","99.5","124","101","126","line","100.5","124","102","126","line","101.5","124","103","126","line","95.5","127.5","97","127.5","line","96.25","126.75","96.25","128.25","line","95.5","122.5","97","122.5","textSize","12","textRotate","0","fontFamily","Yu Gothic UI","fontStyle","Normal","fontWeight","Normal","linePitchRate","1.2","arrowSize","6","arrowAngle","0.5235987755982988"
"Line","Black","1","0","電源フィルタ","False","0"
"105","135","90","135"
"Line","Black","1","0","電源フィルタ","False","0"
"100","130","100","135"
"Parts","Black","1","0","電源フィルタ","False","0"
"name","__接地","line","94","105","106","105","line","96","103","104","103","line","98","101","102","101","line","100","113","100","105","textSize","12","textRotate","0","fontFamily","","fontStyle","Normal","fontWeight","Normal","linePitchRate","1.2","arrowSize","6","arrowAngle","0.5235987755982988"
"Parts","Black","1","0","電源フィルタ","False","0"
"name","__接地","line","128","105","140","105","line","130","103","138","103","line","132","101","136","101","line","134","113","134","105","textSize","12","textRotate","0","fontFamily","","fontStyle","Normal","fontWeight","Normal","linePitchRate","1.2","arrowSize","6","arrowAngle","0.5235987755982988"
"Parts","Black","1","0","電源フィルタ","False","0"
"name","__接地","line","144","105","156","105","line","146","103","154","103","line","148","101","152","101","line","150","113","150","105","textSize","12","textRotate","0","fontFamily","","fontStyle","Normal","fontWeight","Normal","linePitchRate","1.2","arrowSize","6","arrowAngle","0.5235987755982988"
"Line","Black","1","0","電源フィルタ","False","0"
"150","120","150","113"
"Line","Black","1","0","電源フィルタ","False","0"
"127","135","160","135"
"Line","Black","1","0","電源フィルタ","False","0"
"150","130","150","135"
"Line","Black","1","0","電源フィルタ","False","0"
"100","120","100","113"
"Text","Black","1","0","電源フィルタ","False","0"
"5kΩ","124","126","3","0","Left","Top","1.2","Yu Gothic UI","Normal","Normal"
"Text","Black","1","0","電源フィルタ","False","0"
"100Ω","111","143","3","0","Left","Top","1.2","Yu Gothic UI","Normal","Normal"
"Text","Black","1","0","電源フィルタ","False","0"
"100μF25V","105","126","3","0","Left","Top","1.2","Yu Gothic UI","Normal","Normal"
"Text","Black","1","0","電源フィルタ","False","0"
"1000μF25V","154","127","3","0","Left","Top","1.2","Yu Gothic UI","Normal","Normal"
"Text","Black","1","0","電源フィルタ","False","0"
"Vs","85","137","3","0","Left","Top","1.2","Yu Gothic UI","Normal","Normal"
"Text","Black","1","0","電源フィルタ","False","0"
"+B DC 5～12V","160","137","3","0","Left","Top","1.2","Yu Gothic UI","Normal","Normal"
"Text","Black","1","0","BaseLayer","False","0"
"LM386","52","73","3","0","Left","Top","1.2","Yu Gothic UI","Normal","Normal"
"Parts","Black","1","0","Pin配置","False","0"
"name","__オペアンプ3","line","23.999999999999943","145.625","41.99999999999994","145.625","line","23.999999999999943","144.42500000000007","20.399999999999977","144.42500000000007","line","20.399999999999977","144.42500000000007","20.399999999999977","140.22500000000014","line","20.399999999999977","140.22500000000014","23.999999999999943","140.22500000000014","line","45.599999999999994","144.42500000000007","42.00000000000003","144.42500000000007","line","42.00000000000003","140.22500000000014","45.599999999999994","140.22500000000014","line","45.599999999999994","140.22500000000014","45.599999999999994","144.42500000000007","line","23.999999999999943","136.92500000000007","20.399999999999977","136.92500000000007","line","20.399999999999977","136.92500000000007","20.399999999999977","132.72500000000014","line","20.399999999999977","132.72500000000014","23.999999999999943","132.72500000000014","line","45.599999999999994","137.0750000000001","42.00000000000003","137.0750000000001","line","42.00000000000003","132.87500000000017","45.599999999999994","132.87500000000017","line","45.599999999999994","132.87500000000017","45.599999999999994","137.0750000000001","line","23.999999999999943","129.42500000000007","20.399999999999977","129.42500000000007","line","20.399999999999977","129.42500000000007","20.399999999999977","125.22500000000014","line","20.399999999999977","125.22500000000014","23.999999999999943","125.22500000000014","line","45.599999999999994","129.72500000000014","42.00000000000003","129.72500000000014","line","42.00000000000003","125.5250000000002","45.599999999999994","125.5250000000002","line","45.599999999999994","125.5250000000002","45.599999999999994","129.72500000000014","line","23.999999999999943","121.92500000000007","20.399999999999977","121.92500000000007","line","20.399999999999977","121.92500000000007","20.399999999999977","117.72500000000014","line","20.399999999999977","117.72500000000014","23.999999999999943","117.72500000000014","line","45.599999999999994","121.7750000000002","42.00000000000003","121.7750000000002","line","42.00000000000003","117.57500000000027","45.599999999999994","117.57500000000027","line","45.599999999999994","117.57500000000027","45.599999999999994","121.7750000000002","line","41.99999999999994","116.375","23.999999999999943","116.375","line","23.999999999999943","116.375","23.999999999999943","145.625","line","41.99999999999994","145.625","41.99999999999994","116.375","line","26.999999999999943","136.625","26.999999999999943","124.625","line","26.999999999999943","124.625","35.99999999999994","130.625","line","35.99999999999994","130.625","26.999999999999943","136.625","line","23.999999999999943","134.6460379442467","26.999999999999943","134.6460379442467","line","23.999999999999943","127.26728366092021","26.999999999999943","127.26728366092021","line","35.99999999999994","130.625","38.99999999999994","130.625","line","38.99999999999994","130.625","38.99999999999994","120.125","line","38.99999999999994","120.125","41.99999999999994","120.125","arc","25.799999999999926","144.42500000000007","0.8485281374238691","0","6.283185307179586","text","+","28.499999999999943","127.625","3","1.5707963267948966","Center","Center","text","-","28.499999999999943","133.625","3","0","Center","Center","text","1","22.19999999999996","142.02500000000003","3","0","Center","Center","text","8","43.80000000000001","142.02500000000003","3","0","Center","Center","text","2","22.19999999999996","134.67500000000007","3","0","Center","Center","text","7","43.799999999999926","134.67500000000007","3","0","Center","Center","text","3","22.19999999999996","127.3250000000001","3","0","Center","Center","text","6","43.799999999999926","127.3250000000001","3","0","Center","Center","text","4","22.19999999999996","119.97500000000014","3","0","Center","Center","text","5","43.799999999999926","119.97500000000014","3","0","Center","Center","textSize","12","textRotate","0","fontFamily","","fontStyle","Normal","fontWeight","Normal","linePitchRate","1.2","arrowSize","6","arrowAngle","0.5235987755982988"
"Text","Black","1","0","Pin配置","False","0"
"LM386 Pin 配置","23","152","3","0","Left","Top","1.2","Yu Gothic UI","Normal","Normal"
"Text","Black","1","0","Gain 20","False","1"
"Gain 20","61","98","3","0","Left","Top","1.2","Yu Gothic UI","Normal","Normal"
