﻿"Property"
"Prperty","Color","Black","PointType","1","PointSize","3","LineType","0","Thickness","1","TextSize","2","TextRotate","1.5707963267948966","LinePitchRate","1.2","HA","Right","VA","Center","ArrowSize","1","ArrowAngle","0.5235987755982988","GridSize","1","DispLaerBit","4294967295","CreateLayer","BaseLayer","OneLayerDisp","False","FontFamily","Yu Gothic UI","FontStyle","Normal","FontWeight","Normal","SymbolCategoryIindex","0","BackColor","White"
"Comment"
"Comment","Comment","NE5532 プリアンプモジュール Amazon購入 2023/02/14 \\420"
"Polygon","Black","1","0","BaseLayer","False"
"FILL","False","AliceBlue","21.5","35","71.5","35","71.5","65","21.5","65"
"Arc","Black","1","0","BaseLayer","False"
"FILL","False","AliceBlue","68.5","38","1.5","0","6.283185307179586"
"Arc","Black","1","0","BaseLayer","False"
"FILL","False","AliceBlue","68.5","62","1.5","0","6.283185307179586"
"Arc","Black","1","0","BaseLayer","False"
"FILL","False","AliceBlue","24.5","62","1.5","0","6.283185307179586"
"Arc","Black","1","0","BaseLayer","False"
"FILL","False","AliceBlue","24.5","38","1.5","0","6.283185307179586"
"Line","Black","1","0","BaseLayer","False"
"51.499999999999986","54.66666666666667","51.499999999999986","45.33333333333334"
"Line","Black","1","0","BaseLayer","False"
"41.499999999999986","54.66666666666667","41.499999999999986","45.33333333333334"
"Line","Black","1","0","BaseLayer","False"
"41.500000000000014","45.33333333333333","51.499999999999986","45.33333333333333"
"Line","Black","1","0","BaseLayer","False"
"41.5","54.66666666666667","51.499999999999986","54.66666666666667"
"Arc","Black","1","0","BaseLayer","False"
"FILL","False","AliceBlue","46.5","38","1.5","0","6.283185307179586"
"Polygon","Black","1","0","BaseLayer","False"
"FILL","False","AliceBlue","43.5","43","49.5","43","49.5","41","43.5","41"
"Polygon","Black","1","0","BaseLayer","False"
"FILL","False","AliceBlue","56.5","38","62.5","38","62.5","36","56.5","36"
"Polygon","Black","1","0","BaseLayer","False"
"FILL","False","AliceBlue","56.5","44","62.5","44","62.5","42","56.5","42"
"Polygon","Black","1","0","BaseLayer","False"
"FILL","False","AliceBlue","56.5","41","62.5","41","62.5","39","56.5","39"
"Polygon","Black","1","0","BaseLayer","False"
"FILL","False","AliceBlue","52.5","47","52.5","53","54.5","53","54.5","47"
"Ellipse","Black","1","0","BaseLayer","False"
"61.5","47","3","1","0","6.283185307179586","0"
"Ellipse","Black","1","0","BaseLayer","False"
"61.5","50","3","1","0","6.283185307179586","0"
"Ellipse","Black","1","0","BaseLayer","False"
"61.5","53","3","1","0","6.283185307179586","0"
"Ellipse","Black","1","0","BaseLayer","False"
"63.5","61","3","1","0","6.283185307179586","1.5707963267948966"
"Arc","Black","1","0","BaseLayer","False"
"FILL","False","AliceBlue","55.5","60","3","0","6.283185307179586"
"Polygon","Black","1","0","BaseLayer","False"
"FILL","False","AliceBlue","36.5","38","30.5","38","30.5","36","36.5","36"
"Polygon","Black","1","0","BaseLayer","False"
"FILL","False","AliceBlue","36.5","44","30.5","44","30.5","42","36.5","42"
"Polygon","Black","1","0","BaseLayer","False"
"FILL","False","AliceBlue","36.5","41","30.5","41","30.5","39","36.5","39"
"Polygon","Black","1","0","BaseLayer","False"
"FILL","False","AliceBlue","40.5","47","40.5","53","38.5","53","38.5","47"
"Ellipse","Black","1","0","BaseLayer","False"
"31.5","47","3","1","3.141592653589793","9.42477796076938","0"
"Ellipse","Black","1","0","BaseLayer","False"
"31.5","50","3","1","3.141592653589793","9.42477796076938","0"
"Ellipse","Black","1","0","BaseLayer","False"
"31.5","53","3","1","3.141592653589793","9.42477796076938","0"
"Arc","Black","1","0","BaseLayer","False"
"FILL","False","AliceBlue","37.5","60","3","3.141592653589793","9.42477796076938"
"Ellipse","Black","1","0","BaseLayer","False"
"29.5","61","3","1","3.141592653589793","9.42477796076938","4.71238898038469"
"Polygon","Black","1","0","BaseLayer","False"
"FILL","False","AliceBlue","66.5","46","70.5","46","70.5","54","66.5","54"
"Polygon","Black","1","0","BaseLayer","False"
"FILL","False","AliceBlue","68.3","49.8","68.7","49.8","68.7","50.19999999999999","68.3","50.19999999999999"
"Polygon","Black","1","0","BaseLayer","False"
"FILL","False","AliceBlue","68.3","51.8","68.7","51.8","68.7","52.19999999999999","68.3","52.19999999999999"
"Polygon","Black","1","0","BaseLayer","False"
"FILL","False","AliceBlue","68.3","47.8","68.7","47.8","68.7","48.19999999999999","68.3","48.19999999999999"
"Polygon","Black","1","0","BaseLayer","False"
"FILL","False","AliceBlue","47.3","61.8","47.7","61.8","47.7","62.19999999999999","47.3","62.19999999999999"
"Polygon","Black","1","0","BaseLayer","False"
"FILL","False","AliceBlue","45.3","61.8","45.7","61.8","45.7","62.19999999999999","45.3","62.19999999999999"
"Polygon","Black","1","0","BaseLayer","False"
"FILL","False","AliceBlue","43.5","60","49.5","60","49.5","64","43.5","64"
"Polygon","Black","1","0","BaseLayer","False"
"FILL","False","AliceBlue","44","60.5","49","60.5","49","63.5","44","63.5"
"Polygon","Black","1","0","BaseLayer","False"
"FILL","False","AliceBlue","67","46.5","70","46.5","70","53.5","67","53.5"
"Polygon","Black","1","0","BaseLayer","False"
"FILL","False","AliceBlue","26.5","46","22.5","46","22.5","54","26.5","54"
"Polygon","Black","1","0","BaseLayer","False"
"FILL","False","AliceBlue","24.700000000000003","49.8","24.299999999999997","49.8","24.299999999999997","50.19999999999999","24.700000000000003","50.19999999999999"
"Polygon","Black","1","0","BaseLayer","False"
"FILL","False","AliceBlue","24.700000000000003","51.8","24.299999999999997","51.8","24.299999999999997","52.19999999999999","24.700000000000003","52.19999999999999"
"Polygon","Black","1","0","BaseLayer","False"
"FILL","False","AliceBlue","24.700000000000003","47.8","24.299999999999997","47.8","24.299999999999997","48.19999999999999","24.700000000000003","48.19999999999999"
"Polygon","Black","1","0","BaseLayer","False"
"FILL","False","AliceBlue","26","46.5","23","46.5","23","53.5","26","53.5"
"Polygon","Black","1","0","BaseLayer","False"
"FILL","False","AliceBlue","42","53","51","53","51","47","42","47"
"Polygon","Black","1","0","BaseLayer","False"
"FILL","False","AliceBlue","47","54","49","54","49","53","47","53"
"Polygon","Black","1","0","BaseLayer","False"
"FILL","False","AliceBlue","49.5","54","51","54","51","53","49.5","53"
"Polygon","Black","1","0","BaseLayer","False"
"FILL","False","AliceBlue","47","46","49","46","49","47","47","47"
"Polygon","Black","1","0","BaseLayer","False"
"FILL","False","AliceBlue","49.5","46","51","46","51","47","49.5","47"
"Polygon","Black","1","0","BaseLayer","False"
"FILL","False","AliceBlue","43.5","46","42","46","42","47","43.5","47"
"Polygon","Black","1","0","BaseLayer","False"
"FILL","False","AliceBlue","46","46","44","46","44","47","46","47"
"Polygon","Black","1","0","BaseLayer","False"
"FILL","False","AliceBlue","46","54","44","54","44","53","46","53"
"Polygon","Black","1","0","BaseLayer","False"
"FILL","False","AliceBlue","43.5","54","42","54","42","53","43.5","53"
"Line","Black","1","0","BaseLayer","False"
"21.5","15","71.5","15"
"Line","Black","1","0","BaseLayer","False"
"21.5","13.5","71.5","13.5"
"Line","Black","1","0","BaseLayer","False"
"21.5","15","21.5","13.5"
"Line","Black","1","0","BaseLayer","False"
"71.5","15","71.5","13.5"
"Line","Black","1","0","BaseLayer","False"
"22.500000000000004","14.999999999999986","22.500000000000004","25"
"Line","Black","1","0","BaseLayer","False"
"26.500000000000004","14.999999999999986","26.500000000000004","25"
"Line","Black","1","0","BaseLayer","False"
"22.500000000000004","25","26.500000000000004","25"
"Line","Black","1","0","BaseLayer","False"
"41.499999999999986","15","41.499999999999986","20"
"Line","Black","1","0","BaseLayer","False"
"51.499999999999986","15","51.499999999999986","19.999999999999986"
"Line","Black","1","0","BaseLayer","False"
"41.499999999999986","20","51.499999999999986","19.999999999999986"
"Line","Black","1","0","BaseLayer","False"
"42","20","42","22"
"Line","Black","1","0","BaseLayer","False"
"51","20","51","22"
"Line","Black","1","0","BaseLayer","False"
"42","22","51","22"
"Polygon","Black","1","0","BaseLayer","False"
"FILL","False","AliceBlue","46","20","44","20","44","21","46","21"
"Polygon","Black","1","0","BaseLayer","False"
"FILL","False","AliceBlue","43.5","20","42","20","42","21","43.5","21"
"Polygon","Black","1","0","BaseLayer","False"
"FILL","False","AliceBlue","47","20","49","20","49","21","47","21"
"Polygon","Black","1","0","BaseLayer","False"
"FILL","False","AliceBlue","49.5","20","51","20","51","21","49.5","21"
"Line","Black","1","0","BaseLayer","False"
"45","17","45","15"
"Line","Black","1","0","BaseLayer","False"
"48","17","48","15"
"Arc","Black","1","0","BaseLayer","False"
"FILL","False","AliceBlue","46.5","16.375","1.625","0.3947911196997615","2.746801533890032"
"Line","Black","1","0","BaseLayer","False"
"34.5","27","34.5","15"
"Line","Black","1","0","BaseLayer","False"
"40.5","27","40.5","15"
"Line","Black","1","0","BaseLayer","False"
"34.5","27","40.5","27"
"Point","Black","1","0","BaseLayer","False"
"43.5","64"
"Line","Black","1","0","BaseLayer","False"
"43.5","25","49.5","25"
"Line","Black","1","0","BaseLayer","False"
"49.5","22","49.5","25.00000000000003"
"Line","Black","1","0","BaseLayer","False"
"43.5","22","43.5","25"
"Line","Black","1","1","BaseLayer","False"
"49.5","14.999999999999986","49.5","22"
"Line","Black","1","1","BaseLayer","False"
"43.5","15","43.5","22"
"Line","Black","1","0","BaseLayer","False"
"70.5","14.999999999999986","70.5","25"
"Line","Black","1","0","BaseLayer","False"
"70.5","25","66.5","25.00000000000003"
"Line","Black","1","0","BaseLayer","False"
"66.5","15.000000000000014","66.5","25.00000000000003"
"Line","Black","1","0","BaseLayer","False"
"58.5","27","58.5","15"
"Line","Black","1","0","BaseLayer","False"
"58.5","27","52.5","27"
"Line","Black","1","0","BaseLayer","False"
"52.5","27","52.5","15"
"Line","Black","1","0","BaseLayer","False"
"22.5","22","26.5","22"
"Line","Black","1","0","BaseLayer","False"
"66.5","22","70.5","22"
"Text","Black","1","0","BaseLayer","False"
"NE5532 プリアンプ","22.5","7","5","0","Left","Top","1.2","Yu Gothic UI","Normal","Normal"
"Text","Black","1","0","BaseLayer","False"
"仕様:\\n- 製品名： プリアンプボード\\n- 供給電圧： DC 12-30V\\n- 倍率：  5倍\\n- チップモデル： NE5532\\n- チャンネル数： 2CH\\n- 実用温度：- 20℃-85℃\\n- 動作湿度： 5％-95％RH\\n- モジュールサイズ： 50x30x16mm / 1.1.18x0.63インチ\\nOPアンプ  NE5532(2回路 低雑音 高速 オーディオ用 オペアンプ) \\n   →  LM4562\, LM6171/6172  (コンパチ品)","-10","120","3","0","Left","Top","1.2","Yu Gothic UI","Normal","Normal"
"Text","Black","1","0","BaseLayer","False"
"NE5532の仕様\\n・パッケージ：  DIP8P\\n・回路数：  2回路\\n・入力構成：  BP\\n・電源電圧：  ±3V〜±20V\\n・電源電流：  8mA(Vcc=±15)\\n・GBW：   10MHz\\n・SR：   9V/μs\\n・入力オフセット電圧(typ)： 0.5mV\\n・入力バイアス電流(typ)： 200nA\\n・動作温度：  0℃〜+70℃","71","120","3","0","Left","Top","1.2","Yu Gothic UI","Normal","Normal"
"Text","Black","1","0","BaseLayer","False"
"Power Input\\n12V - 30V","47","74","3","0","Center","Top","1.2","Yu Gothic UI","Normal","Normal"
"Text","Black","1","0","BaseLayer","False"
"Audio\\nOutput","73","53","3","0","Left","Top","1.2","Yu Gothic UI","Normal","Normal"
"Polygon","Black","1","0","BaseLayer","False"
"FILL","False","AliceBlue","93","54","102","54","102","48","93","48"
"Polygon","Black","1","0","BaseLayer","False"
"FILL","False","AliceBlue","98","55","100","55","100","54","98","54"
"Polygon","Black","1","0","BaseLayer","False"
"FILL","False","AliceBlue","100.5","55","102","55","102","54","100.5","54"
"Polygon","Black","1","0","BaseLayer","False"
"FILL","False","AliceBlue","98","47","100","47","100","48","98","48"
"Polygon","Black","1","0","BaseLayer","False"
"FILL","False","AliceBlue","100.5","47","102","47","102","48","100.5","48"
"Polygon","Black","1","0","BaseLayer","False"
"FILL","False","AliceBlue","94.5","47","93","47","93","48","94.5","48"
"Polygon","Black","1","0","BaseLayer","False"
"FILL","False","AliceBlue","97","47","95","47","95","48","97","48"
"Polygon","Black","1","0","BaseLayer","False"
"FILL","False","AliceBlue","97","55","95","55","95","54","97","54"
"Polygon","Black","1","0","BaseLayer","False"
"FILL","False","AliceBlue","94.5","55","93","55","93","54","94.5","54"
"Line","Black","1","0","BaseLayer","False"
"-1.5","65","-1.5","35"
"Line","Black","1","0","BaseLayer","False"
"-3","65","-3","35"
"Line","Black","1","0","BaseLayer","False"
"-3","65","-1.5","65"
"Line","Black","1","0","BaseLayer","False"
"-3","35","-1.5","35"
"Line","Black","1","0","BaseLayer","False"
"-1.5000000000000036","54","8.5","54"
"Line","Black","1","0","BaseLayer","False"
"-1.5","46","8.499999999999998","46"
"Line","Black","1","0","BaseLayer","False"
"8.5","54","8.499999999999998","46"
"Line","Black","1","0","BaseLayer","False"
"5.5","54","5.5","46"
"Line","Black","1","0","BaseLayer","False"
"-1.5","45.33333333333333","3.500000000000001","45.33333333333333"
"Line","Black","1","0","BaseLayer","False"
"-1.5000000000000016","54.66666666666667","3.4999999999999964","54.66666666666667"
"Line","Black","1","0","BaseLayer","False"
"3.499999999999999","46","3.5","45.33333333333333"
"Line","Black","1","0","BaseLayer","False"
"3.500000000000001","54.66666666666667","3.500000000000001","54"
"Line","Black","1","1","BaseLayer","False"
"3.500000000000001","54","3.499999999999999","46"
"Line","Black","1","0","BaseLayer","False"
"10.5","63","10.5","57"
"Line","Black","1","0","BaseLayer","False"
"-1.5","57","10.5","57"
"Line","Black","1","0","BaseLayer","False"
"-1.5000000000000047","63","10.499999999999996","63"
"Line","Black","1","0","BaseLayer","False"
"-1.5","64","8.5","64"
"Line","Black","1","0","BaseLayer","False"
"5.5","64","5.5","63"
"Line","Black","1","0","BaseLayer","False"
"8.5","63","8.5","64"
"Line","Black","1","1","BaseLayer","False"
"8.5","60","8.5","63"
"Line","Black","1","1","BaseLayer","False"
"8.5","60","-1.5","60"
"Line","Black","1","1","BaseLayer","False"
"5.5","63","5.5","60"
"Line","Black","1","0","BaseLayer","False"
"-1.5000000000000004","36.5","0.4999999999999991","36.5"
"Line","Black","1","0","BaseLayer","False"
"-1.500000000000001","39.5","0.49999999999999734","39.5"
"Arc","Black","1","0","BaseLayer","False"
"FILL","False","AliceBlue","-0.12500000000000133","38","1.6250000000000002","5.1071801000844514","7.459190514274722"
"Text","Black","1","0","BaseLayer","False"
"Audio\\nInput","21","54","3","0","Right","Top","1.2","Yu Gothic UI","Normal","Normal"
"Text","Black","1","0","BaseLayer","False"
"1IN+","96","56","2","1.5707963267948966","Left","Center","1.2","Yu Gothic UI","Normal","Normal"
"Text","Black","1","0","BaseLayer","False"
"1IN-","99","56","2","1.5707963267948966","Left","Center","1.2","Yu Gothic UI","Normal","Normal"
"Text","Black","1","0","BaseLayer","False"
"2OUT","99","46","2","1.5707963267948966","Right","Center","1.2","Yu Gothic UI","Normal","Normal"
"Text","Black","1","0","BaseLayer","False"
"2IN-","96","46","2","1.5707963267948966","Right","Center","1.2","Yu Gothic UI","Normal","Normal"
"Text","Black","1","0","BaseLayer","False"
"2IN+","93","46","2","1.5707963267948966","Right","Center","1.2","Yu Gothic UI","Normal","Normal"
"Text","Black","1","0","BaseLayer","False"
"Vcc-","93","56","2","1.5707963267948966","Left","Center","1.2","Yu Gothic UI","Normal","Normal"
"Text","Black","1","0","BaseLayer","False"
"1OUT","102","56","2","1.5707963267948966","Left","Center","1.2","Yu Gothic UI","Normal","Normal"
"Text","Black","1","0","BaseLayer","False"
"Vcc+","102","46","2","1.5707963267948966","Right","Center","1.2","Yu Gothic UI","Normal","Normal"
"Arc","Black","1","0","BaseLayer","False"
"FILL","False","AliceBlue","102","51","1","1.5707963267948966","4.71238898038469"
