﻿"Property"
"Prperty","Color","Black","PointType","1","PointSize","3","LineType","0","Thickness","1","TextSize","2","TextRotate","0","LinePitchRate","1.2","HA","Left","VA","Top","ArrowSize","1","ArrowAngle","0.5235987755982988","GridSize","1","DispLaerBit","4294967295","CreateLayer","BaseLayer","OneLayerDisp","False","FontFamily","Yu Gothic UI","FontStyle","Normal","FontWeight","Normal","SymbolCategoryIindex","0"
"Comment"
"Comment","Comment",""
"Polygon","Black","1","0","BaseLayer","False"
"FILL","False","AliceBlue","0","0","48","0","48","29","0","29"
"Image","Black","1","0","BaseLayer","False"
"D:\\WSRC\\VS2017\\CoreApp\\CadApp\\bin\\Debug\\net7.0-windows7.0\\ClipImage\\ClipImage(7).png","1164","1196","60","60","59","60.62199312714777","5AE34AED_ClipImage(7).png"
"Text","Black","1","0","BaseLayer","False"
"独立電源","102","30","3","0","Left","Top","1.2","Yu Gothic UI","Normal","Normal"
"Text","Black","1","0","BaseLayer","False"
"電源共有","104","61","3","0","Left","Top","1.2","Yu Gothic UI","Normal","Normal"
"Text","Black","1","0","BaseLayer","False"
"必ず太い糸を手に取り、細い線に沿ってください。","60","71","3","0","Left","Top","1.2","Yu Gothic UI","Normal","Normal"
"Text","Black","1","0","BaseLayer","False"
"Be sure to pick up the thick thread and then follow the fine line.","60","67","3","0","Left","Top","1.2","Yu Gothic UI","Normal","Normal"
"Text","Black","1","0","BaseLayer","False"
"0.1% Accuracy\\nMeasureing Range: 0-100V 0-1A/10A\\nSupply Voltage: 4-30V\\nReverse Connection Protection","1","72","3","0","Left","Top","1.2","Yu Gothic UI","Normal","Normal"
"Text","Black","1","0","BaseLayer","False"
"パネルマウントタイプ 直流デジタル電圧計 電流計 赤 青 100V 10A","1","84","5","0","Left","Top","1.2","Yu Gothic UI","Normal","Normal"
"Polygon","Black","1","0","BaseLayer","False"
"FILL","False","AliceBlue","10","-20","40","-20","40","-40","10","-40"
"Line","Black","1","0","BaseLayer","False"
"6","-25","10","-25"
"Line","Black","1","0","BaseLayer","False"
"6","-33","10","-33"
"Polygon","Black","1","0","BaseLayer","False"
"FILL","False","AliceBlue","60","-25","80","-25","80","-35","60","-35"
"Text","Black","1","0","BaseLayer","False"
"Thick black line","50","-35","2","0","Left","Top","1.2","Yu Gothic UI","Normal","Normal"
"Line","Black","1","0","BaseLayer","False"
"40","-22","99","-22"
"Text","Black","1","0","BaseLayer","False"
"Thin yellow line","69","-22","2","0","Left","Top","1.2","Yu Gothic UI","Normal","Normal"
"Text","Black","1","0","BaseLayer","False"
"Thick red line","70","-35","2","0","Left","Top","1.2","Yu Gothic UI","Normal","Normal"
"Polygon","Black","1","0","BaseLayer","False"
"FILL","False","AliceBlue","95","-25","109","-25","109","-34","95","-34"
"Line","Black","1","0","BaseLayer","False"
"99","-22","99","-25"
"Line","Black","1","0","BaseLayer","False"
"99","-38","99","-34"
"Text","Black","1","0","BaseLayer","False"
"V+","36","-21","2","0","Left","Top","1.2","Yu Gothic UI","Normal","Normal"
"Text","Black","1","0","BaseLayer","False"
"V-","36","-36","2","0","Left","Top","1.2","Yu Gothic UI","Normal","Normal"
"Text","Black","1","0","BaseLayer","False"
"DC 4-30V","30","-28","2","0","Left","Top","1.2","Yu Gothic UI","Normal","Normal"
"Text","Black","1","0","BaseLayer","False"
"Thin black line","47","-32","2","0","Left","Top","1.2","Yu Gothic UI","Normal","Normal"
"Text","Black","1","0","BaseLayer","False"
"Thin red line","48","-28","2","0","Left","Top","1.2","Yu Gothic UI","Normal","Normal"
"Line","Black","1","0","BaseLayer","False"
"60","-32","46","-32"
"Text","Black","1","1","BaseLayer","False"
"meter supply\\nDC 4-30V","41","-23","2","0","Left","Top","1.2","Yu Gothic UI","Normal","Normal"
"Text","Black","1","0","BaseLayer","False"
"Voltage meter 4-30V","61","-26","2","0","Left","Top","1.2","Yu Gothic UI","Normal","Normal"
"Text","Black","1","0","BaseLayer","False"
"Ampere meter 0-10A","61","-30","2","0","Left","Top","1.2","Yu Gothic UI","Normal","Normal"
"Text","Black","1","1","BaseLayer","False"
"負荷","100","-28","2","0","Left","Top","1.2","Yu Gothic UI","Normal","Normal"
"Arc","Black","1","0","BaseLayer","False"
"FILL","False","AliceBlue","90","-22","1","0","6.283185307179586"
"Arc","Black","1","0","BaseLayer","False"
"FILL","False","AliceBlue","90","-38","1","0","6.283185307179586"
"Image","Black","1","0","BaseLayer","True"
"D:\\WSRC\\VS2017\\CoreApp\\CadApp\\bin\\Debug\\net7.0-windows7.0\\ClipImage\\ClipImage(6).png","215","130","-1","30","50","30.232558139534884","BAE6A8AF_ClipImage(6).png"
"Line","Black","1","0","BaseLayer","False"
"90","-38","99","-38"
"Line","Black","3","0","BaseLayer","False"
"40","-38","65","-38"
"Line","Black","3","0","BaseLayer","False"
"65","-35","65","-38"
"Line","Red","3","0","BaseLayer","False"
"69","-35","69","-38"
"Line","Red","3","0","BaseLayer","False"
"69","-38","90","-38"
"Line","Red","1","0","BaseLayer","False"
"60","-28","46","-28"
"Line","Red","1","1","BaseLayer","False"
"57","-22","57","-28"
"Line","Yellow","3","0","BaseLayer","False"
"69","-22","69","-25"
