﻿"Property"
"Prperty","Color","Black","PointType","0","PointSize","1","LineType","1","Thickness","1","TextSize","3","TextRotate","0","LinePitchRate","1.2","HA","Center","VA","Top","ArrowSize","1.5","ArrowAngle","0.5235987755982988","GridSize","2.5","DispLaerBit","1","CreateLayer","SW ONでLED ON","OneLayerDisp","True","FontFamily","Yu Gothic UI","FontStyle","Normal","FontWeight","Normal","SymbolCategoryIindex","3"
"Comment"
"Comment","Comment",""
"Parts","Black","1","0","SW ONでLED ON","False"
"name","__抵抗","line","72","-34","78","-36","line","78","-36","72","-38","line","72","-38","78","-40","line","78","-40","72","-42","line","72","-42","75","-43","line","78","-32","72","-34","line","78","-32","75","-31","line","75","-43","75","-48.5","line","75","-31","75","-26.5","textSize","12","textRotate","0","fontFamily","","fontStyle","Normal","fontWeight","Normal","linePitchRate","1.2","arrowSize","6","arrowAngle","0.5235987755982988"
"Parts","Black","1","0","SW ONでLED ON","False"
"name","__抵抗","line","49.5","-34","55.5","-36","line","55.5","-36","49.5","-38","line","49.5","-38","55.5","-40","line","55.5","-40","49.5","-42","line","49.5","-42","52.5","-43","line","55.5","-32","49.5","-34","line","55.5","-32","52.5","-31","line","52.5","-43","52.5","-48.5","line","52.5","-31","52.5","-26.5","textSize","12","textRotate","0","fontFamily","","fontStyle","Normal","fontWeight","Normal","linePitchRate","1.2","arrowSize","6","arrowAngle","0.5235987755982988"
"Parts","Black","1","0","SW ONでLED ON","False"
"name","__NPNトランジスタ","line","65.83333333333334","-61.666666666666664","56.66666666666668","-61.666666666666664","line","65.83333333333334","-59.83333333333333","75","-52.5","line","65.83333333333334","-52.5","65.83333333333334","-70.83333333333334","line","65.83333333333334","-63.49999999999999","75","-70.83333333333334","line","75","-70.83333333333334","72.22812454908987","-67.24352742149887","line","72.22812454908987","-67.24352742149887","70.86490711421602","-68.9702695056724","line","70.86490711421602","-68.9702695056724","75","-70.83333333333334","textSize","12","textRotate","0","fontFamily","Yu Gothic UI","fontStyle","Normal","fontWeight","Normal","linePitchRate","1.2","arrowSize","6","arrowAngle","0.5235987755982988"
"Line","Black","1","0","SW ONでLED ON","False"
"75","-48.5","75","-52.5"
"Line","Black","1","0","SW ONでLED ON","False"
"75","-70.83333333333334","75","-80"
"Parts","Black","1","0","SW ONでLED ON","False"
"name","__LED","line","75","-89.5","75","-92.5","line","75","-83.5","75","-80","line","71.5","-83.5","78.5","-83.5","line","78.5","-83.5","75","-89.5","line","75","-89.5","71.5","-83.5","line","71.5","-89.5","78","-89.5","line","83","-84.5","80.5","-86","line","83","-84.5","82.2719558307219","-85.81146928579366","line","83","-84.5","81.5002121975806","-84.52522989722485","line","78","-86","80.5","-84.5","line","80.5","-84.5","80.5","-86","line","78","-88","80.5","-86.5","line","80.5","-86.5","80.5","-88","line","83","-86.5","80.5","-88","line","83","-86.5","82.2719558307219","-87.81146928579366","line","83","-86.5","81.5002121975806","-86.52522989722485","textSize","12","textRotate","0","fontFamily","","fontStyle","Normal","fontWeight","Normal","linePitchRate","1.2","arrowSize","6","arrowAngle","0.5235987755982988"
"Line","Black","1","0","SW ONでLED ON","False"
"52.5","-48.5","52.5","-75"
"Line","Black","1","0","SW ONでLED ON","False"
"56.66666666666668","-61.666666666666664","52.5","-61.75"
"Parts","Black","1","0","SW ONでLED ON","False"
"name","__2Pスイッチ","line","48.5","-80","52.18377223398316","-91.05131670194949","line","52.5","-96","52.5","-93","line","52.5","-78","52.5","-75","arc","52.5","-92","1","1.5707963267948966","7.853981633974483","arc","52.5","-79","1","1.5707963267948966","7.853981633974483","textSize","12","textRotate","0","fontFamily","Yu Gothic UI","fontStyle","Normal","fontWeight","Normal","linePitchRate","1.2","arrowSize","6","arrowAngle","0.5235987755982988"
"Line","Black","1","0","SW ONでLED ON","False"
"75","-92.5","75","-107.5"
"Parts","Black","1","0","SW ONでLED ON","False"
"name","__アース","line","70","-113.5","80","-113.5","line","80","-113.5","75","-117.5","line","75","-117.5","70","-113.5","line","75","-113.5","75","-107.5","textSize","12","textRotate","0","fontFamily","Yu Gothic UI","fontStyle","Normal","fontWeight","Normal","linePitchRate","1.2","arrowSize","6","arrowAngle","0.5235987755982988"
"Polyline","Black","1","0","SW ONでLED ON","False"
"52.5","-96","52.5","-102.5","75","-102.5"
"Line","Black","1","0","SW ONでLED ON","False"
"75","-26.5","75","-15"
"Line","Black","1","0","SW ONでLED ON","False"
"52.5","-26.5","75","-26.500000000000007"
"Parts","Black","1","0","SW ONでLED ON","False"
"name","__端子","arc","75","-15","1","0","6.283185307179586","arc","75","-15","1.4142135623730951","0","6.283185307179586","arc","75","-15","2","0","6.283185307179586","textSize","12","textRotate","0","fontFamily","Yu Gothic UI","fontStyle","Normal","fontWeight","Normal","linePitchRate","1.2","arrowSize","6","arrowAngle","0.5235987755982988"
"Text","Black","1","0","SW ONでLED ON","False"
"R1\\n10kΩ","42.5","-37.5","4","1.5707963267948966","Center","Center","1.2","Yu Gothic UI","Normal","Normal"
"Text","Black","1","0","SW ONでLED ON","False"
"R2\\n100Ω","65","-37.5","4","1.5707963267948966","Center","Center","1.2","Yu Gothic UI","Normal","Normal"
"Text","Black","1","0","SW ONでLED ON","False"
"D1\\nLED","62.5","-85","4","1.5707963267948966","Center","Center","1.2","Yu Gothic UI","Normal","Normal"
"Text","Black","1","0","SW ONでLED ON","False"
"SW1\\nPUSHSW","40","-85","4","1.5707963267948966","Center","Center","1.2","Yu Gothic UI","Normal","Normal"
"Text","Black","1","0","SW ONでLED ON","False"
"TR1\\n2N2222","85","-60","4","0","Center","Center","1.2","Yu Gothic UI","Normal","Normal"
"Text","Black","1","0","SW ONでLED ON","False"
"Vcc +3V","87.5","-15","4","0","Center","Center","1.2","Yu Gothic UI","Normal","Normal"
"Text","Black","1","0","SW ONでLED ON","False"
"GND","85","-115","4","0","Center","Center","1.2","Yu Gothic UI","Normal","Normal"
"Parts","Black","1","0","SW ONでLED ON","False"
"name","__トランジスタ(TO-92)","point","130","-82.5","point","132.5","-82.5","point","135","-82.5","line","130","-84","135","-84","arc","132.5","-82.5","3","5.742765806909002","9.965197461039963","textSize","12","textRotate","0","fontFamily","","fontStyle","Normal","fontWeight","Normal","linePitchRate","1.2","arrowSize","6","arrowAngle","0.5235987755982988"
"Parts","Black","1","0","SW ONでLED ON","False"
"name","__LED","point","127.5","-87.5","point","130","-87.5","arc","128.75","-87.5","2.5","0","6.283185307179586","textSize","12","textRotate","0","fontFamily","","fontStyle","Normal","fontWeight","Normal","linePitchRate","1.2","arrowSize","6","arrowAngle","0.5235987755982988"
"Parts","Black","1","0","SW ONでLED ON","False"
"name","__抵抗2","line","141.25","-87.5","142.5","-87.5","line","136.25","-87.5","135","-87.5","line","136.25","-88.5","136.25","-86.5","line","136.25","-86.5","141.25","-86.5","line","141.25","-86.5","141.25","-88.5","line","141.25","-88.5","136.25","-88.5","textSize","12","textRotate","0","fontFamily","","fontStyle","Normal","fontWeight","Normal","linePitchRate","1.2","arrowSize","6","arrowAngle","0.5235987755982988"
"Parts","Black","1","0","SW ONでLED ON","False"
"name","__抵抗3","line","134","-78.5","134","-76.5","line","134","-76.5","141","-76.5","line","141","-76.5","141","-78.5","line","141","-78.5","134","-78.5","textSize","12","textRotate","0","fontFamily","","fontStyle","Normal","fontWeight","Normal","linePitchRate","1.2","arrowSize","6","arrowAngle","0.5235987755982988"
"Line","Black","1","0","SW ONでLED ON","False"
"141","-77.5","142.5","-77.5"
"Line","Black","1","0","SW ONでLED ON","False"
"134","-77.5","132.5","-77.5"
"Line","Black","1","0","SW ONでLED ON","False"
"132.5","-77.5","132.5","-82.5"
"Line","Black","1","0","SW ONでLED ON","False"
"135","-82.5","135","-87.5"
"Line","Black","1","0","SW ONでLED ON","False"
"122.5","-80","132.5","-80"
"Line","Black","1","0","SW ONでLED ON","False"
"130","-82.5","130","-87.5"
"Line","Black","1","0","SW ONでLED ON","False"
"127.5","-77.5","127.5","-87.5"
"Line","Black","1","0","SW ONでLED ON","False"
"122.5","-80","122.5","-77.5"
"Parts","Black","1","0","SW ONでLED ON","False"
"name","__PUSH SW","line","122.5","-76.25","127.5","-76.25","line","127.5","-76.25","127.5","-71.25","line","127.5","-71.25","122.5","-71.25","line","122.5","-71.25","122.5","-76.25","line","122.5","-76.25","122.5","-77.5","line","127.5","-76.25","127.5","-77.5","line","122.5","-71.25","122.5","-70","line","127.5","-71.25","127.5","-70","arc","125","-73.75","1.5","0","6.283185307179586","textSize","12","textRotate","0","fontFamily","","fontStyle","Normal","fontWeight","Normal","linePitchRate","1.2","arrowSize","6","arrowAngle","0.5235987755982988"
"Line","Black","1","0","SW ONでLED ON","False"
"142.5","-77.5","142.5","-95"
"Line","Black","1","0","SW ONでLED ON","False"
"127.5","-87.5","127.5","-97.5"
"Line","Black","1","0","SW ONでLED ON","False"
"142.5","-95","150","-95"
"Line","Black","1","0","SW ONでLED ON","False"
"127.5","-97.5","150","-97.5"
"Text","Black","1","0","SW ONでLED ON","False"
"+3V","155","-95","3","0","Center","Center","1.2","Yu Gothic UI","Normal","Normal"
"Text","Black","1","0","SW ONでLED ON","False"
"0V","155","-97.5","3","0","Center","Center","1.2","Yu Gothic UI","Normal","Normal"
"Text","Black","1","0","SW ONでLED ON","False"
"LED","123","-88","3","0","Center","Center","1.2","Yu Gothic UI","Normal","Normal"
"Text","Black","1","0","SW ONでLED ON","False"
"R2\\n100","138.5138184041794","-90.31878062173836","3","0","Center","Center","1.2","Yu Gothic UI","Normal","Normal"
"Text","Black","1","0","SW ONでLED ON","False"
"R1\\n10K","137.26135230558623","-71.11430044330938","3","0","Center","Center","1.2","Yu Gothic UI","Normal","Normal"
"Text","Black","1","0","SW ONでLED ON","False"
"TR\\n2N2222","138.99094834650063","-81.73044165995645","2","0","Center","Center","1.2","Yu Gothic UI","Normal","Normal"
"Text","Black","1","0","SW ONでLED ON","False"
"SW1\\nPUSH SW","114.95552750206937","-72.06856032795183","3","0","Center","Center","1.2","Yu Gothic UI","Normal","Normal"
"Parts","Black","1","0","無安定マルチバイブレータ","False"
"name","__抵抗","line","31","83.5","37","81.5","line","37","81.5","31","79.5","line","31","79.5","37","77.5","line","37","77.5","31","75.5","line","31","75.5","34","74.5","line","34","74.5","34","69.5","line","37","85.5","31","83.5","line","37","85.5","34","86.5","line","34","86.5","34","90.5","textSize","12","textRotate","0","fontFamily","Yu Gothic UI","fontStyle","Normal","fontWeight","Normal","linePitchRate","1.2","arrowSize","6","arrowAngle","0.5235987755982988"
"Parts","Black","1","0","無安定マルチバイブレータ","False"
"name","__LED","line","34","93.5","34","90.5","line","34","99.5","34","103","line","30.5","99.5","37.5","99.5","line","37.5","99.5","34","93.5","line","34","93.5","30.5","99.5","line","30.5","93.5","37","93.5","line","42","98.5","39.5","97","line","42","98.5","41.27195583072189","97.18853071420634","line","42","98.5","40.500212197580595","98.47477010277515","line","37","97","39.5","98.5","line","39.5","98.5","39.5","97","line","37","95","39.5","96.5","line","39.5","96.5","39.5","95","line","42","96.5","39.5","95","line","42","96.5","41.27195583072189","95.18853071420634","line","42","96.5","40.500212197580595","96.47477010277515","textSize","12","textRotate","0","fontFamily","","fontStyle","Normal","fontWeight","Normal","linePitchRate","1.2","arrowSize","6","arrowAngle","0.5235987755982988"
"Parts","Black","1","0","無安定マルチバイブレータ","False"
"name","__NPNトランジスタ","line","43.16666666666666","40.83333333333334","52.333333333333314","40.83333333333334","line","43.16666666666666","42.666666666666686","34","50","line","43.16666666666666","50","43.16666666666666","31.666666666666686","line","43.16666666666666","39","34","31.666666666666686","line","34","31.666666666666686","36.77187545091013","35.25647257850113","line","36.77187545091013","35.25647257850113","38.135092885783976","33.529730494327595","line","38.135092885783976","33.529730494327595","34","31.666666666666686","textSize","12","textRotate","0","fontFamily","Yu Gothic UI","fontStyle","Normal","fontWeight","Normal","linePitchRate","1.2","arrowSize","6","arrowAngle","0.5235987755982988"
"Line","Black","1","0","無安定マルチバイブレータ","False"
"34","69.5","34","50"
"Line","Black","1","0","無安定マルチバイブレータ","False"
"41","64","34","64"
"Parts","Black","1","0","無安定マルチバイブレータ","False"
"name","__抵抗","line","58","93.5","64","91.5","line","64","91.5","58","89.5","line","58","89.5","64","87.5","line","64","87.5","58","85.5","line","58","85.5","61","84.5","line","61","84.5","61","79.5","line","64","95.5","58","93.5","line","64","95.5","61","96.5","line","61","96.5","61","100.5","textSize","12","textRotate","0","fontFamily","Yu Gothic UI","fontStyle","Normal","fontWeight","Normal","linePitchRate","1.2","arrowSize","6","arrowAngle","0.5235987755982988"
"Line","Black","1","0","無安定マルチバイブレータ","False"
"61","79.5","61","64"
"Line","Black","1","0","無安定マルチバイブレータ","False"
"51","64","61","64"
"Line","Black","1","0","無安定マルチバイブレータ","False"
"34","31.666666666666686","34","20"
"Parts","Black","1","0","無安定マルチバイブレータ","False"
"name","__電解コンデンサ","line","47","64","51","64","line","47","60","47","68","line","45","60","45","68","line","45","64","41","64","line","47","60.5","45","62","line","47","61.5","45","63","line","47","62.5","45","64","line","47","63.5","45","65","line","47","64.5","45","66","line","47","65.5","45","67","line","43.5","59.5","43.5","61","line","44.25","60.25","42.75","60.25","line","48.5","59.5","48.5","61","textSize","12","textRotate","0","fontFamily","Yu Gothic UI","fontStyle","Normal","fontWeight","Normal","linePitchRate","1.2","arrowSize","6","arrowAngle","0.5235987755982988"
"Parts","Black","1","0","無安定マルチバイブレータ","False"
"name","__抵抗","line","109","83.50000000000006","103","81.5","line","103","81.5","109","79.5","line","109","79.5","103","77.5","line","103","77.5","109","75.5","line","109","75.5","106","74.50000000000006","line","106","74.50000000000006","106","69.5","line","103","85.5","109","83.50000000000006","line","103","85.5","106","86.5","line","106","86.5","106","90.5","textSize","12","textRotate","0","fontFamily","Yu Gothic UI","fontStyle","Normal","fontWeight","Normal","linePitchRate","1.2","arrowSize","6","arrowAngle","0.5235987755982988"
"Parts","Black","1","0","無安定マルチバイブレータ","False"
"name","__LED","line","106","93.5","106","90.5","line","106","99.5","106","103","line","109.5","99.50000000000006","102.5","99.5","line","102.5","99.5","106","93.5","line","106","93.5","109.5","99.50000000000006","line","109.5","93.50000000000006","103","93.5","line","98","98.50000000000006","100.5","97","line","98","98.50000000000006","98.72804416927812","97.18853071420634","line","98","98.50000000000006","99.4997878024194","98.47477010277515","line","103","97.00000000000006","100.5","98.50000000000006","line","100.5","98.50000000000006","100.5","97","line","103","95.00000000000006","100.5","96.5","line","100.5","96.5","100.5","95","line","98","96.5","100.5","95","line","98","96.5","98.72804416927812","95.1885307142064","line","98","96.5","99.4997878024194","96.47477010277521","textSize","12","textRotate","0","fontFamily","","fontStyle","Normal","fontWeight","Normal","linePitchRate","1.2","arrowSize","6","arrowAngle","0.5235987755982988"
"Parts","Black","1","0","無安定マルチバイブレータ","False"
"name","__NPNトランジスタ","line","96.83333333333334","40.8333333333334","87.66666666666669","40.8333333333334","line","96.83333333333334","42.666666666666686","106","50","line","96.83333333333334","50","96.83333333333334","31.666666666666686","line","96.83333333333334","39","106","31.666666666666686","line","106","31.666666666666686","103.22812454908987","35.25647257850113","line","103.22812454908987","35.25647257850113","101.86490711421601","33.52973049432765","line","101.86490711421601","33.52973049432765","106","31.666666666666686","textSize","12","textRotate","0","fontFamily","Yu Gothic UI","fontStyle","Normal","fontWeight","Normal","linePitchRate","1.2","arrowSize","6","arrowAngle","0.5235987755982988"
"Line","Black","1","0","無安定マルチバイブレータ","False"
"106","69.5","106","50"
"Line","Black","1","0","無安定マルチバイブレータ","False"
"99","64","106","64"
"Parts","Black","1","0","無安定マルチバイブレータ","False"
"name","__抵抗","line","82","93.5","76","91.5","line","76","91.5","82","89.5","line","82","89.5","76","87.5","line","76","87.5","82","85.5","line","82","85.5","79","84.5","line","79","84.5","79","79.5","line","76","95.5","82","93.5","line","76","95.5","79","96.5","line","79","96.5","79","100.5","textSize","12","textRotate","0","fontFamily","Yu Gothic UI","fontStyle","Normal","fontWeight","Normal","linePitchRate","1.2","arrowSize","6","arrowAngle","0.5235987755982988"
"Line","Black","1","0","無安定マルチバイブレータ","False"
"79","79.5","79","64"
"Line","Black","1","0","無安定マルチバイブレータ","False"
"89","64","79","64"
"Line","Black","1","0","無安定マルチバイブレータ","False"
"106","31.666666666666686","106","20"
"Parts","Black","1","0","無安定マルチバイブレータ","False"
"name","__電解コンデンサ","line","93","64","89","64","line","93","60","93","68","line","95","60","95","68","line","95","64","99","64","line","93","60.5","95","62.00000000000006","line","93","61.5","95","63","line","93","62.5","95","64","line","93","63.5","95","65","line","93","64.50000000000006","95","66.00000000000006","line","93","65.5","95","67","line","96.5","59.5","96.5","61","line","95.75","60.25000000000006","97.25","60.25","line","91.5","59.5","91.5","61","textSize","12","textRotate","0","fontFamily","Yu Gothic UI","fontStyle","Normal","fontWeight","Normal","linePitchRate","1.2","arrowSize","6","arrowAngle","0.5235987755982988"
"Line","Black","1","0","無安定マルチバイブレータ","False"
"61","64","87.66666666666669","40.8333333333334"
"Line","Black","1","0","無安定マルチバイブレータ","False"
"52.333333333333314","40.83333333333334","79","64"
"Line","Black","1","0","無安定マルチバイブレータ","False"
"106","20","14","20"
"Line","Black","1","0","無安定マルチバイブレータ","False"
"14","110","106","110"
"Line","Black","1","0","無安定マルチバイブレータ","False"
"106","110","106","103"
"Line","Black","1","0","無安定マルチバイブレータ","False"
"79","100.5","79","110"
"Line","Black","1","0","無安定マルチバイブレータ","False"
"61","100.5","61","110"
"Line","Black","1","0","無安定マルチバイブレータ","False"
"34","103","34","110"
"Line","Black","1","0","無安定マルチバイブレータ","False"
"14","110","14","73.5"
"Line","Black","1","0","無安定マルチバイブレータ","False"
"14","60.5","14","20"
"Text","Black","1","0","無安定マルチバイブレータ","False"
"1","108","34","4","0","Left","Top","1.2","Yu Gothic UI","Normal","Normal"
"Text","Black","1","0","無安定マルチバイブレータ","False"
"PN2222","105","44","4","0","Left","Top","1.2","Yu Gothic UI","Normal","Normal"
"Text","Black","1","0","無安定マルチバイブレータ","False"
"2","84","42","4","0","Left","Top","1.2","Yu Gothic UI","Normal","Normal"
"Text","Black","1","0","無安定マルチバイブレータ","False"
"3","107","53","4","0","Left","Top","1.2","Yu Gothic UI","Normal","Normal"
"Text","Black","1","0","無安定マルチバイブレータ","False"
"1","30","34","4","0","Left","Top","1.2","Yu Gothic UI","Normal","Normal"
"Text","Black","1","0","無安定マルチバイブレータ","False"
"PN2222","19","46","4","0","Left","Top","1.2","Yu Gothic UI","Normal","Normal"
"Text","Black","1","0","無安定マルチバイブレータ","False"
"2","55","43","4","0","Left","Top","1.2","Yu Gothic UI","Normal","Normal"
"Text","Black","1","0","無安定マルチバイブレータ","False"
"3","30","54","4","0","Left","Top","1.2","Yu Gothic UI","Normal","Normal"
"Text","Black","1","0","無安定マルチバイブレータ","False"
"3.3V","0","69","4","0","Left","Top","1.2","Yu Gothic UI","Normal","Normal"
"Parts","Black","1","0","無安定マルチバイブレータ","False"
"name","__電池","line","9","70.5","19","70.5","line","11","69","17","69","line","17","69","17","67.5","line","17","67.5","11","67.5","line","11","67.5","11","69","line","9","66","19","66","line","11","64.5","17","64.5","line","17","64.5","17","63","line","17","63","11","63","line","11","63","11","64.5","line","14","70.5","14","73.5","line","14","63","14","60.5","textSize","12","textRotate","0","fontFamily","","fontStyle","Normal","fontWeight","Normal","linePitchRate","1.2","arrowSize","6","arrowAngle","0.5235987755982988"
"Text","Black","1","0","無安定マルチバイブレータ","False"
"R1\\n10K","53","95.5","4","0","Center","Top","1.2","Yu Gothic UI","Normal","Normal"
"Text","Black","1","0","無安定マルチバイブレータ","False"
"R2\\n10K","87.5","95.5","4","0","Center","Top","1.2","Yu Gothic UI","Normal","Normal"
"Text","Black","1","0","無安定マルチバイブレータ","False"
"C1\\n100μF50V","48","80","4","0","Center","Top","1.2","Yu Gothic UI","Normal","Normal"
"Text","Black","1","0","無安定マルチバイブレータ","False"
"C2\\n100μF50V","92.5","79","4","0","Center","Top","1.2","Yu Gothic UI","Normal","Normal"
"Text","Black","1","0","無安定マルチバイブレータ","False"
"R3\\n100","26","86.5","4","0","Center","Top","1.2","Yu Gothic UI","Normal","Normal"
"Text","Black","1","0","無安定マルチバイブレータ","False"
"R4\\n100","115","85.5","4","0","Center","Top","1.2","Yu Gothic UI","Normal","Normal"
"Text","Black","1","0","無安定マルチバイブレータ","False"
"無安定マルチバイブレータ\\n\\n点滅周期　t = 0.69 x C1 x R1\\n　　　　　0.69 * 100E-6 * 10E3 =  0.69 s","29","15","3.5","0","Left","Center","1.2","Yu Gothic UI","Normal","Normal"
"Text","Black","1","0","SW ONでLED ON","False"
"SW ONでLED ON (TR版)\\nブレッドボードを用いた実験\\nhttp://www.felix.or.jp/Fundamentals/Exp/BB/index.html\\n","47.5","-125","3","0","Left","Top","1.2","Yu Gothic UI","Normal","Normal"
"Parts","Black","1","0","SW ONでLED ON","False"
"name","__CdS","line","28.75","-78.75","28.75","-90","line","21.25","-78.75","21.25","-90","line","22","-81.5","28","-83.5","line","28","-83.5","22","-85.5","line","22","-85.5","28","-87.5","line","28","-87.5","22","-89.5","line","22","-89.5","25","-90.5","line","28","-79.5","22","-81.5","line","28","-79.5","25","-78.5","line","25","-90.5","25","-95","line","25","-78.5","25","-73.75","arc","25","-78.75","3.75","0","3.141592653589793","arc","25","-90","3.75","3.141592653589793","6.283185307179586","textSize","12","textRotate","0","fontFamily","","fontStyle","Normal","fontWeight","Normal","linePitchRate","1.2","arrowSize","6","arrowAngle","0.5235987755982988"
"Line","Black","1","1","SW ONでLED ON","False"
"25","-73.75","52.5","-73.75"
"Line","Black","1","1","SW ONでLED ON","False"
"25","-95","52.5","-95"
"Text","Black","1","1","SW ONでLED ON","False"
"CdS","16.25","-83.75","4","1.5707963267948966","Center","Top","1.2","Yu Gothic UI","Normal","Normal"
"Parts","Black","1","0","SW ONでLED ON","False"
"name","__CdS","line","122.5","-65","122.5","-63.75","line","122.5","-63.75","123.75","-63.75","line","123.75","-63.75","123.75","-66.25","line","123.75","-66.25","125","-66.25","line","125","-66.25","125","-63.75","line","125","-63.75","126.25","-63.75","line","126.25","-63.75","126.25","-66.25","line","126.25","-66.25","127.5","-66.25","line","127.5","-66.25","127.5","-65","arc","125","-65","3.75","0","6.283185307179586","textSize","12","textRotate","0","fontFamily","","fontStyle","Normal","fontWeight","Normal","linePitchRate","1.2","arrowSize","6","arrowAngle","0.5235987755982988"
"Line","Black","1","1","SW ONでLED ON","False"
"122.5","-65","122.5","-70"
"Line","Black","1","1","SW ONでLED ON","False"
"127.5","-65","127.5","-70"
"Text","Black","1","1","SW ONでLED ON","False"
"CdS","125","-57.5","3","0","Center","Top","1.2","Yu Gothic UI","Normal","Normal"
"Line","Black","1","1","SW ONでLED ON","False"
"100","-100","162.5","-100"
"Line","Black","1","1","SW ONでLED ON","False"
"100","-50","162.5","-50"
"Line","Black","1","1","無安定マルチバイブレータ","False"
"125","37.5","177.5","37.5"
"Line","Black","1","1","無安定マルチバイブレータ","False"
"124.99999999999997","87.5","177.5","87.5"
"Parts","Black","1","0","無安定マルチバイブレータ","False"
"name","__抵抗3","line","141.5","76.5","141.5","78.5","line","141.5","78.5","148.5","78.5","line","148.5","78.5","148.5","76.5","line","148.5","76.5","141.5","76.5","textSize","12","textRotate","0","fontFamily","","fontStyle","Normal","fontWeight","Normal","linePitchRate","1.2","arrowSize","6","arrowAngle","0.5235987755982988"
"Parts","Black","1","0","無安定マルチバイブレータ","False"
"name","__LED","point","150","75","point","152.5","75","arc","151.25","75","2.5","0","6.283185307179586","textSize","12","textRotate","0","fontFamily","","fontStyle","Normal","fontWeight","Normal","linePitchRate","1.2","arrowSize","6","arrowAngle","0.5235987755982988"
"Parts","Black","1","0","無安定マルチバイブレータ","False"
"name","__トランジスタ(TO-92)","point","135","75","point","137.5","75","point","140","75","line","135","73.5","140","73.5","arc","137.5","75","3","5.742765806909002","9.965197461039963","textSize","12","textRotate","0","fontFamily","","fontStyle","Normal","fontWeight","Normal","linePitchRate","1.2","arrowSize","6","arrowAngle","0.5235987755982988"
"Parts","Black","1","0","無安定マルチバイブレータ","False"
"name","__電解コンデンサ","point","140","67.5","point","142.5","67.5","arc","141.25","67.5","2.5","0","6.283185307179586","text","+","140.23269280970737","66.76819221865067","2","0","Center","Center","text","-","142.64043230490654","66.76819221865065","3","0","Center","Center","textSize","12","textRotate","0","fontFamily","","fontStyle","Normal","fontWeight","Normal","linePitchRate","1.2","arrowSize","6","arrowAngle","0.5235987755982988"
"Parts","Black","1","0","無安定マルチバイブレータ","False"
"name","__抵抗3","line","144","69","144","71","line","144","71","151","71","line","151","71","151","69","line","151","69","144","69","textSize","12","textRotate","0","fontFamily","","fontStyle","Normal","fontWeight","Normal","linePitchRate","1.2","arrowSize","6","arrowAngle","0.5235987755982988"
"Line","Black","1","0","無安定マルチバイブレータ","False"
"151","70","152.5","70"
"Line","Black","1","0","無安定マルチバイブレータ","False"
"152.5","70","152.5","85"
"Line","Black","1","0","無安定マルチバイブレータ","False"
"148.5","77.5","150","77.5"
"Line","Black","1","0","無安定マルチバイブレータ","False"
"150","77.5","150","75"
"Line","Black","1","0","無安定マルチバイブレータ","False"
"140","67.5","140","77.5"
"Line","Black","1","0","無安定マルチバイブレータ","False"
"140","77.5","141.5","77.5"
"Parts","Black","1","0","無安定マルチバイブレータ","False"
"name","__抵抗3","line","141.5","48.5","141.5","46.5","line","141.5","46.5","148.5","46.5","line","148.5","46.5","148.5","48.5","line","148.5","48.5","141.5","48.5","textSize","12","textRotate","0","fontFamily","","fontStyle","Normal","fontWeight","Normal","linePitchRate","1.2","arrowSize","6","arrowAngle","0.5235987755982988"
"Parts","Black","1","0","無安定マルチバイブレータ","False"
"name","__LED","point","150","50","point","152.5","50","arc","151.25","50","2.5","0","6.283185307179586","textSize","12","textRotate","0","fontFamily","","fontStyle","Normal","fontWeight","Normal","linePitchRate","1.2","arrowSize","6","arrowAngle","0.5235987755982988"
"Parts","Black","1","0","無安定マルチバイブレータ","False"
"name","__抵抗3","line","144","56","144","54","line","144","54","151","54","line","151","54","151","56","line","151","56","144","56","textSize","12","textRotate","0","fontFamily","","fontStyle","Normal","fontWeight","Normal","linePitchRate","1.2","arrowSize","6","arrowAngle","0.5235987755982988"
"Line","Black","1","0","無安定マルチバイブレータ","False"
"151","55","152.5","55"
"Line","Black","1","0","無安定マルチバイブレータ","False"
"148.5","47.5","150","47.5"
"Line","Black","1","0","無安定マルチバイブレータ","False"
"150","47.5","150","50"
"Line","Black","1","0","無安定マルチバイブレータ","False"
"140","57.5","140","47.5"
"Line","Black","1","0","無安定マルチバイブレータ","False"
"140","47.5","141.5","47.5"
"Parts","Black","1","0","無安定マルチバイブレータ","False"
"name","__電解コンデンサ","point","140","57.5","point","142.5","57.5","arc","141.25","57.5","2.5","0","6.283185307179586","text","+","140.23269280970737","56.76819221865067","2","0","Center","Center","text","-","142.64043230490654","56.768192218650654","3","0","Center","Center","textSize","12","textRotate","0","fontFamily","","fontStyle","Normal","fontWeight","Normal","linePitchRate","1.2","arrowSize","6","arrowAngle","0.5235987755982988"
"Parts","Black","1","0","無安定マルチバイブレータ","False"
"name","__トランジスタ(TO-92)","point","135","50","point","137.5","50","point","140","50","line","135","48.5","140","48.5","arc","137.5","50","3","5.742765806909001","9.965197461039963","textSize","12","textRotate","0","fontFamily","","fontStyle","Normal","fontWeight","Normal","linePitchRate","1.2","arrowSize","6","arrowAngle","0.5235987755982988"
"Line","Black","1","0","無安定マルチバイブレータ","False"
"142.5","65","137.5","60"
"Line","Black","1","0","無安定マルチバイブレータ","False"
"142.5","60","137.5","65"
"Line","Black","1","0","無安定マルチバイブレータ","False"
"142.5","70","144","70"
"Line","Black","1","0","無安定マルチバイブレータ","False"
"142.5","65","142.5","70"
"Line","Black","1","0","無安定マルチバイブレータ","False"
"137.5","65","137.5","75"
"Line","Black","1","0","無安定マルチバイブレータ","False"
"137.5","60","137.5","50"
"Line","Black","1","0","無安定マルチバイブレータ","False"
"142.5","55","144","55"
"Line","Black","1","0","無安定マルチバイブレータ","False"
"142.5","60","142.5","55"
"Line","Black","1","0","無安定マルチバイブレータ","False"
"135","75","135","82.5"
"Line","Black","1","0","無安定マルチバイブレータ","False"
"152.5","55","152.5","42.5"
"Line","Black","1","0","無安定マルチバイブレータ","False"
"135","50","135","40"
"Text","Black","1","0","無安定マルチバイブレータ","False"
"LED","157.5","50","3","0","Center","Center","1.2","Yu Gothic UI","Normal","Normal"
"Text","Black","1","0","無安定マルチバイブレータ","False"
"LED","157.5","75","3","0","Center","Center","1.2","Yu Gothic UI","Normal","Normal"
"Text","Black","1","0","無安定マルチバイブレータ","False"
"R3","145","80","3","0","Center","Center","1.2","Yu Gothic UI","Normal","Normal"
"Text","Black","1","0","無安定マルチバイブレータ","False"
"R1","147.5","72.5","3","0","Center","Center","1.2","Yu Gothic UI","Normal","Normal"
"Text","Black","1","0","無安定マルチバイブレータ","False"
"R2","147.5","57.5","3","0","Center","Center","1.2","Yu Gothic UI","Normal","Normal"
"Text","Black","1","0","無安定マルチバイブレータ","False"
"R4","145","50","3","0","Center","Center","1.2","Yu Gothic UI","Normal","Normal"
"Text","Black","1","0","無安定マルチバイブレータ","False"
"C1","145","65","3","0","Center","Center","1.2","Yu Gothic UI","Normal","Normal"
"Text","Black","1","0","無安定マルチバイブレータ","False"
"C2","145","60","3","0","Center","Center","1.2","Yu Gothic UI","Normal","Normal"
"Text","Black","1","0","無安定マルチバイブレータ","False"
"TR1","132.5","72.5","3","0","Center","Center","1.2","Yu Gothic UI","Normal","Normal"
"Text","Black","1","0","無安定マルチバイブレータ","False"
"TR2","132.5","52.5","3","0","Center","Center","1.2","Yu Gothic UI","Normal","Normal"
"Text","Black","1","0","無安定マルチバイブレータ","False"
"0V","167.5","40.3055","3","0","Left","Center","1.2","Yu Gothic UI","Normal","Normal"
"Text","Black","1","0","無安定マルチバイブレータ","False"
"Vcc 3.3V","167.5","42.8055","3","0","Left","Center","1.2","Yu Gothic UI","Normal","Normal"
"Text","Black","1","0","無安定マルチバイブレータ","False"
"Vcc 3.3V","167.5","85.3055","3","0","Left","Center","1.2","Yu Gothic UI","Normal","Normal"
"Text","Black","1","0","無安定マルチバイブレータ","False"
"0V","167.5","40.3055","3","0","Left","Center","1.2","Yu Gothic UI","Normal","Normal"
"Text","Black","1","0","無安定マルチバイブレータ","False"
"0V","167.5","82.8055","3","0","Left","Center","1.2","Yu Gothic UI","Normal","Normal"
"Text","Black","1","0","無安定マルチバイブレータ","False"
"0V","167.5","40.3055","3","0","Left","Center","1.2","Yu Gothic UI","Normal","Normal"
"Line","Black","1","0","無安定マルチバイブレータ","False"
"152.5","85","165","85"
"Line","Black","1","0","無安定マルチバイブレータ","False"
"135","82.5","165","82.5"
"Line","Black","1","0","無安定マルチバイブレータ","False"
"152.5","42.5","165","42.5"
"Line","Black","1","0","無安定マルチバイブレータ","False"
"135","40","165","40"
