﻿"Property"
"Prperty","Color","Black","PointType","1","PointSize","3","LineType","0","Thickness","1","TextSize","4","TextRotate","0","LinePitchRate","1.2","HA","Center","VA","Center","ArrowSize","2","ArrowAngle","0.5235987755982988","GridSize","1","DispLaerBit","4","CreateLayer","簡易±電源","OneLayerDisp","True","FontFamily","Yu Gothic UI","FontStyle","Normal","FontWeight","Normal","SymbolCategoryIindex","3"
"Comment"
"Comment","Comment","トランジスタ技術SPECIAL No.160\\nアナログ回路入門!サウンド&オーディオ回路集\\n第5部電源&プリアンプ周辺回路\\n[3] 単電源から±電源を作る仮想グラウンド p116\\n"
"Parts","Black","1","0","ポータブル向け電源","False"
"name","__オペアンプ","line","344","176","344","206","line","344","206","374","191","line","374","191","344","176","line","374","191","379","191","line","359","183.5","359","176","line","359","198.5","359","206","line","344","197","339","197","line","344","185","339","185","text","+","346.5","193.5","5","0","Center","Bottom","text","-","346","180.5","5","0","Center","Bottom","textSize","12","textRotate","0","fontFamily","","fontStyle","Normal","fontWeight","Normal","linePitchRate","1.2","arrowSize","6","arrowAngle","0.5235987755982988"
"Parts","Black","1","0","ポータブル向け電源","False"
"name","__抵抗","line","376","205.5","382","203.5","line","382","203.5","376","201.5","line","376","201.5","382","199.5","line","382","199.5","376","197.5","line","376","197.5","379","196.5","line","382","207.5","376","205.5","line","382","207.5","379","208.5","line","379","196.5","379","191","line","379","208.5","379","213","textSize","12","textRotate","0","fontFamily","","fontStyle","Normal","fontWeight","Normal","linePitchRate","1.2","arrowSize","6","arrowAngle","0.5235987755982988"
"Parts","Black","1","0","ポータブル向け電源","False"
"name","__抵抗","line","376","183.5","382","181.5","line","382","181.5","376","179.5","line","376","179.5","382","177.5","line","382","177.5","376","175.5","line","376","175.5","379","174.5","line","382","185.5","376","183.5","line","382","185.5","379","186.5","line","379","174.5","379","169","line","379","186.5","379","191","textSize","12","textRotate","0","fontFamily","","fontStyle","Normal","fontWeight","Normal","linePitchRate","1.2","arrowSize","6","arrowAngle","0.5235987755982988"
"Parts","Black","1","0","ポータブル向け電源","False"
"name","__NPNトランジスタ","line","398.1666666666667","213","389","213","line","398.1666666666667","214.83333333333334","407.33333333333337","222.16666666666666","line","398.1666666666667","222.16666666666666","398.1666666666667","203.83333333333334","line","398.1666666666667","211.16666666666666","407.33333333333337","203.83333333333334","line","407.33333333333337","203.83333333333334","404.5614578824232","207.4231392451678","line","404.5614578824232","207.4231392451678","403.1982404475494","205.69639716099425","line","403.1982404475494","205.69639716099425","407.33333333333337","203.83333333333334","textSize","12","textRotate","0","fontFamily","Yu Gothic UI","fontStyle","Normal","fontWeight","Normal","linePitchRate","1.2","arrowSize","6","arrowAngle","0.5235987755982988"
"Parts","Black","1","0","ポータブル向け電源","False"
"name","__PNPトランジスタ","line","398","169","388.9446148618626","169","line","398","167.18892297237252","407.0553851381374","159.9446148618626","line","398","159.9446148618626","398","178.0553851381374","line","407.0553851381374","178.0553851381374","398","170.81107702762748","line","398","170.81107702762748","400.73822542868436","174.35730340248097","line","400.73822542868436","174.35730340248097","402.0848936722996","172.65152362723498","line","402.0848936722996","172.65152362723498","398","170.81107702762748","textSize","12","textRotate","0","fontFamily","Yu Gothic UI","fontStyle","Normal","fontWeight","Normal","linePitchRate","1.2","arrowSize","6","arrowAngle","0.5235987755982988"
"Line","Black","1","0","ポータブル向け電源","False"
"379","169","388.9446148618626","169"
"Line","Black","1","0","ポータブル向け電源","False"
"379","213","389","213"
"Line","Black","1","0","ポータブル向け電源","False"
"407.33333333333337","203.83333333333334","407.0553851381374","178.0553851381374"
"Line","Black","1","0","ポータブル向け電源","False"
"359","176","359","151"
"Line","Black","1","0","ポータブル向け電源","False"
"407.0553851381374","159.9446148618626","407.0553851381374","151"
"Parts","Black","1","0","ポータブル向け電源","False"
"name","__コンデンサ","line","363","170","363","178","line","365","170","365","178","line","363","174","359","174","line","365","174","369","174","textSize","12","textRotate","0","fontFamily","Yu Gothic UI","fontStyle","Normal","fontWeight","Normal","linePitchRate","1.2","arrowSize","6","arrowAngle","0.5235987755982988"
"Line","Black","1","0","ポータブル向け電源","False"
"359","206","359","231"
"Parts","Black","1","0","ポータブル向け電源","False"
"name","__コンデンサ","line","363","214","363","222","line","365","214","365","222","line","363","218","359","218","line","365","218","369","218","textSize","12","textRotate","0","fontFamily","Yu Gothic UI","fontStyle","Normal","fontWeight","Normal","linePitchRate","1.2","arrowSize","6","arrowAngle","0.5235987755982988"
"Parts","Black","1","0","ポータブル向け電源","False"
"name","__アース","line","364","163","374","163","line","374","163","369","159","line","369","159","364","163","line","369","163","369","169","textSize","12","textRotate","0","fontFamily","Yu Gothic UI","fontStyle","Normal","fontWeight","Normal","linePitchRate","1.2","arrowSize","6","arrowAngle","0.5235987755982988"
"Parts","Black","1","0","ポータブル向け電源","False"
"name","__アース","line","364","209","374","209","line","374","209","369","205","line","369","205","364","209","line","369","209","369","215","textSize","12","textRotate","0","fontFamily","Yu Gothic UI","fontStyle","Normal","fontWeight","Normal","linePitchRate","1.2","arrowSize","6","arrowAngle","0.5235987755982988"
"Line","Black","1","0","ポータブル向け電源","False"
"407.33333333333337","222.16666666666666","407.33333333333337","231"
"Line","Black","1","0","ポータブル向け電源","False"
"369","174","369","169"
"Line","Black","1","0","ポータブル向け電源","False"
"369","218","369","215"
"Parts","Black","1","0","ポータブル向け電源","False"
"name","__電解コンデンサ","line","426.25","174","426.25","170","line","422.25","174","430.25","174","line","422.25","176","430.25","176","line","426.25","176","426.25","180","line","422.75","174","424.25","176","line","423.75","174","425.25","176","line","424.75","174","426.25","176","line","425.75","174","427.25","176","line","426.75","174","428.25","176","line","427.75","174","429.25","176","line","421.75","177.5","423.25","177.5","line","422.5","176.75","422.5","178.25","line","421.75","172.5","423.25","172.5","textSize","12","textRotate","0","fontFamily","Yu Gothic UI","fontStyle","Normal","fontWeight","Normal","linePitchRate","1.2","arrowSize","6","arrowAngle","0.5235987755982988"
"Line","Black","1","0","ポータブル向け電源","False"
"426.25","180","426.2295028838184","190.97989378266368"
"Line","Black","1","0","ポータブル向け電源","False"
"426.25","170","426.25","151"
"Parts","Black","1","0","ポータブル向け電源","False"
"name","__電解コンデンサ","line","426.25","206","426.25","202","line","422.25","206","430.25","206","line","422.25","208","430.25","208","line","426.25","208","426.25","212","line","422.75","206","424.25","208","line","423.75","206","425.25","208","line","424.75","206","426.25","208","line","425.75","206","427.25","208","line","426.75","206","428.25","208","line","427.75","206","429.25","208","line","421.75","209.5","423.25","209.5","line","422.5","208.75","422.5","210.25","line","421.75","204.5","423.25","204.5","textSize","12","textRotate","0","fontFamily","Yu Gothic UI","fontStyle","Normal","fontWeight","Normal","linePitchRate","1.2","arrowSize","6","arrowAngle","0.5235987755982988"
"Line","Black","1","0","ポータブル向け電源","False"
"426.25","202","426.2705720410854","190.97997045000716"
"Line","Black","1","0","ポータブル向け電源","False"
"426.25","212","426.25","231"
"Parts","Black","1","0","ポータブル向け電源","False"
"name","__抵抗","line","326","177.5","332","175.5","line","332","175.5","326","173.5","line","326","173.5","332","171.5","line","332","171.5","326","169.5","line","326","169.5","329","168.5","line","332","179.5","326","177.5","line","332","179.5","329","180.5","line","329","168.5","329","163","line","329","180.5","329","185","textSize","12","textRotate","0","fontFamily","","fontStyle","Normal","fontWeight","Normal","linePitchRate","1.2","arrowSize","6","arrowAngle","0.5235987755982988"
"Parts","Black","1","0","ポータブル向け電源","False"
"name","__抵抗","line","326","218.5","332","216.5","line","332","216.5","326","214.5","line","326","214.5","332","212.5","line","332","212.5","326","210.5","line","326","210.5","329","209.5","line","332","220.5","326","218.5","line","332","220.5","329","221.5","line","329","209.5","329","204","line","329","221.5","329","226","textSize","12","textRotate","0","fontFamily","","fontStyle","Normal","fontWeight","Normal","linePitchRate","1.2","arrowSize","6","arrowAngle","0.5235987755982988"
"Line","Black","1","0","ポータブル向け電源","False"
"329","204","329","185"
"Line","Black","1","0","ポータブル向け電源","False"
"329","163","329","151"
"Line","Black","1","0","ポータブル向け電源","False"
"329","226","329","231"
"Parts","Black","1","0","ポータブル向け電源","False"
"name","__コンデンサ","line","310","176","318","176","line","310","174","318","174","line","314","176","314","180","line","314","174","314","170","textSize","12","textRotate","0","fontFamily","Yu Gothic UI","fontStyle","Normal","fontWeight","Normal","linePitchRate","1.2","arrowSize","6","arrowAngle","0.5235987755982988"
"Line","Black","1","0","ポータブル向け電源","False"
"314","170","314","151.00000000000003"
"Line","Black","1","0","ポータブル向け電源","False"
"314","180","314","210"
"Parts","Black","1","0","ポータブル向け電源","False"
"name","__コンデンサ","line","310","216","318","216","line","310","214","318","214","line","314","216","314","220","line","314","214","314","210","textSize","12","textRotate","0","fontFamily","Yu Gothic UI","fontStyle","Normal","fontWeight","Normal","linePitchRate","1.2","arrowSize","6","arrowAngle","0.5235987755982988"
"Line","Black","1","0","ポータブル向け電源","False"
"314","220","314","231.00000000000003"
"Line","Black","1","0","ポータブル向け電源","False"
"340.25","197","314","197"
"Parts","Black","1","0","ポータブル向け電源","False"
"name","__電解コンデンサ","line","299.25","196","299.25","192","line","295.25","196","303.25","196","line","295.25","198","303.25","198","line","299.25","198","299.25","202","line","295.75","196","297.25","198","line","296.75","196","298.25","198","line","297.75","196","299.25","198","line","298.75","196","300.25","198","line","299.75","196","301.25","198","line","300.75","196","302.25","198","line","294.75","199.5","296.25","199.5","line","295.5","198.75","295.5","200.25","line","294.75","194.5","296.25","194.5","textSize","12","textRotate","0","fontFamily","Yu Gothic UI","fontStyle","Normal","fontWeight","Normal","linePitchRate","1.2","arrowSize","6","arrowAngle","0.5235987755982988"
"Line","Black","1","0","ポータブル向け電源","False"
"299.25","193","299.25","151.00000000000003"
"Line","Black","1","0","ポータブル向け電源","False"
"299.25","202","299.25","231.00000000000003"
"Parts","Black","1","0","ポータブル向け電源","False"
"name","__ダイオード","line","287","226","287","236","line","287","236","293","231","line","293","231","287","226","line","293","226","293","236","line","293","231","296","231","line","287","231","284","231","textSize","12","textRotate","0","fontFamily","Yu Gothic UI","fontStyle","Normal","fontWeight","Normal","linePitchRate","1.2","arrowSize","6","arrowAngle","0.5235987755982988"
"Line","Black","1","0","ポータブル向け電源","False"
"284","231","279","231"
"Parts","Black","1","0","ポータブル向け電源","False"
"name","__端子","arc","279","151","1","0","6.283185307179586","arc","279","151","1.4142135623730951","0","6.283185307179586","arc","279","151","2","0","6.283185307179586","textSize","12","textRotate","0","fontFamily","Yu Gothic UI","fontStyle","Normal","fontWeight","Normal","linePitchRate","1.2","arrowSize","6","arrowAngle","0.5235987755982988"
"Parts","Black","1","0","ポータブル向け電源","False"
"name","__端子","arc","279","231","1","0","6.283185307179586","arc","279","231","1.4142135623730951","0","6.283185307179586","arc","279","231","2","0","6.283185307179586","textSize","12","textRotate","0","fontFamily","Yu Gothic UI","fontStyle","Normal","fontWeight","Normal","linePitchRate","1.2","arrowSize","6","arrowAngle","0.5235987755982988"
"Polyline","Black","1","0","ポータブル向け電源","False"
"339","185","339","145","415","145","415","190.9582694268015"
"Parts","Black","1","0","ポータブル向け電源","False"
"name","__接続点","arc","414.64576942680156","190.9582694268015","1","0","6.283185307179586","arc","414.64576942680156","190.9582694268015","0.5","0","6.283185307179586","arc","414.64576942680156","190.9582694268015","0.7071067811865476","0","6.283185307179586","arc","414.64576942680156","190.9582694268015","0.2895259468927665","0","6.283185307179586","textSize","12","textRotate","0","fontFamily","","fontStyle","Normal","fontWeight","Normal","linePitchRate","1.2","arrowSize","6","arrowAngle","0.5235987755982988"
"Parts","Black","1","0","ポータブル向け電源","False"
"name","__接続点","arc","426.2295028838184","190.9798937826637","1","0","6.283185307179586","arc","426.2295028838184","190.9798937826637","0.5","0","6.283185307179586","arc","426.2295028838184","190.9798937826637","0.7071067811865476","0","6.283185307179586","arc","426.2295028838184","190.9798937826637","0.2895259468927665","0","6.283185307179586","textSize","12","textRotate","0","fontFamily","","fontStyle","Normal","fontWeight","Normal","linePitchRate","1.2","arrowSize","6","arrowAngle","0.5235987755982988"
"Parts","Black","1","0","ポータブル向け電源","False"
"name","__接続点","arc","426.25","151","1","0","6.283185307179586","arc","426.25","151","0.5","0","6.283185307179586","arc","426.25","151","0.7071067811865476","0","6.283185307179586","arc","426.25","151","0.2895259468927665","0","6.283185307179586","textSize","12","textRotate","0","fontFamily","","fontStyle","Normal","fontWeight","Normal","linePitchRate","1.2","arrowSize","6","arrowAngle","0.5235987755982988"
"Parts","Black","1","0","ポータブル向け電源","False"
"name","__接続点","arc","426.25","231","1","0","6.283185307179586","arc","426.25","231","0.5","0","6.283185307179586","arc","426.25","231","0.7071067811865476","0","6.283185307179586","arc","426.25","231","0.2895259468927665","0","6.283185307179586","textSize","12","textRotate","0","fontFamily","","fontStyle","Normal","fontWeight","Normal","linePitchRate","1.2","arrowSize","6","arrowAngle","0.5235987755982988"
"Parts","Black","1","0","ポータブル向け電源","False"
"name","__接続点","arc","407.19435923573536","190.9443592357353","1","0","6.283185307179586","arc","407.19435923573536","190.9443592357353","0.5","0","6.283185307179586","arc","407.19435923573536","190.9443592357353","0.7071067811865476","0","6.283185307179586","arc","407.19435923573536","190.9443592357353","0.2895259468927665","0","6.283185307179586","textSize","12","textRotate","0","fontFamily","","fontStyle","Normal","fontWeight","Normal","linePitchRate","1.2","arrowSize","6","arrowAngle","0.5235987755982988"
"Parts","Black","1","0","ポータブル向け電源","False"
"name","__接続点","arc","407.05538513813747","151","1","0","6.283185307179586","arc","407.05538513813747","151","0.5","0","6.283185307179586","arc","407.05538513813747","151","0.7071067811865476","0","6.283185307179586","arc","407.05538513813747","151","0.2895259468927665","0","6.283185307179586","textSize","12","textRotate","0","fontFamily","","fontStyle","Normal","fontWeight","Normal","linePitchRate","1.2","arrowSize","6","arrowAngle","0.5235987755982988"
"Parts","Black","1","0","ポータブル向け電源","False"
"name","__接続点","arc","407.33333333333337","231.00000000000003","1","0","6.283185307179586","arc","407.33333333333337","231.00000000000003","0.5","0","6.283185307179586","arc","407.33333333333337","231.00000000000003","0.7071067811865476","0","6.283185307179586","arc","407.33333333333337","231.00000000000003","0.2895259468927665","0","6.283185307179586","textSize","12","textRotate","0","fontFamily","","fontStyle","Normal","fontWeight","Normal","linePitchRate","1.2","arrowSize","6","arrowAngle","0.5235987755982988"
"Parts","Black","1","0","ポータブル向け電源","False"
"name","__接続点","arc","379","191","1","0","6.283185307179586","arc","379","191","0.5","0","6.283185307179586","arc","379","191","0.7071067811865476","0","6.283185307179586","arc","379","191","0.2895259468927665","0","6.283185307179586","textSize","12","textRotate","0","fontFamily","","fontStyle","Normal","fontWeight","Normal","linePitchRate","1.2","arrowSize","6","arrowAngle","0.5235987755982988"
"Line","Black","1","0","ポータブル向け電源","False"
"407.1943592357354","190.94435923573536","447","191"
"Line","Black","1","0","ポータブル向け電源","False"
"447","231","296","231"
"Line","Black","1","0","ポータブル向け電源","False"
"447","151","279","151"
"Parts","Black","1","0","ポータブル向け電源","False"
"name","__端子","arc","447","151","1","0","6.283185307179586","arc","447","151","1.4142135623730951","0","6.283185307179586","arc","447","151","2","0","6.283185307179586","textSize","12","textRotate","0","fontFamily","Yu Gothic UI","fontStyle","Normal","fontWeight","Normal","linePitchRate","1.2","arrowSize","6","arrowAngle","0.5235987755982988"
"Parts","Black","1","0","ポータブル向け電源","False"
"name","__端子","arc","447","191","1","0","6.283185307179586","arc","447","191","1.4142135623730951","0","6.283185307179586","arc","447","191","2","0","6.283185307179586","textSize","12","textRotate","0","fontFamily","Yu Gothic UI","fontStyle","Normal","fontWeight","Normal","linePitchRate","1.2","arrowSize","6","arrowAngle","0.5235987755982988"
"Parts","Black","1","0","ポータブル向け電源","False"
"name","__端子","arc","447","231","1","0","6.283185307179586","arc","447","231","1.4142135623730951","0","6.283185307179586","arc","447","231","2","0","6.283185307179586","textSize","12","textRotate","0","fontFamily","Yu Gothic UI","fontStyle","Normal","fontWeight","Normal","linePitchRate","1.2","arrowSize","6","arrowAngle","0.5235987755982988"
"Parts","Black","1","0","ポータブル向け電源","False"
"name","__アース","line","432","185","442","185","line","442","185","437","181","line","437","181","432","185","line","437","185","437","191","textSize","12","textRotate","0","fontFamily","Yu Gothic UI","fontStyle","Normal","fontWeight","Normal","linePitchRate","1.2","arrowSize","6","arrowAngle","0.5235987755982988"
"Parts","Black","1","0","ポータブル向け電源","False"
"name","__接続点","arc","359","151","1","0","6.283185307179586","arc","359","151","0.5","0","6.283185307179586","arc","359","151","0.7071067811865476","0","6.283185307179586","arc","359","151","0.2895259468927665","0","6.283185307179586","textSize","12","textRotate","0","fontFamily","","fontStyle","Normal","fontWeight","Normal","linePitchRate","1.2","arrowSize","6","arrowAngle","0.5235987755982988"
"Parts","Black","1","0","ポータブル向け電源","False"
"name","__接続点","arc","359","231","1","0","6.283185307179586","arc","359","231","0.5","0","6.283185307179586","arc","359","231","0.7071067811865476","0","6.283185307179586","arc","359","231","0.2895259468927665","0","6.283185307179586","textSize","12","textRotate","0","fontFamily","","fontStyle","Normal","fontWeight","Normal","linePitchRate","1.2","arrowSize","6","arrowAngle","0.5235987755982988"
"Parts","Black","1","0","ポータブル向け電源","False"
"name","__接続点","arc","359","174","1","0","6.283185307179586","arc","359","174","0.5","0","6.283185307179586","arc","359","174","0.7071067811865476","0","6.283185307179586","arc","359","174","0.2895259468927665","0","6.283185307179586","textSize","12","textRotate","0","fontFamily","","fontStyle","Normal","fontWeight","Normal","linePitchRate","1.2","arrowSize","6","arrowAngle","0.5235987755982988"
"Parts","Black","1","0","ポータブル向け電源","False"
"name","__接続点","arc","359","218","1","0","6.283185307179586","arc","359","218","0.5","0","6.283185307179586","arc","359","218","0.7071067811865476","0","6.283185307179586","arc","359","218","0.2895259468927665","0","6.283185307179586","textSize","12","textRotate","0","fontFamily","","fontStyle","Normal","fontWeight","Normal","linePitchRate","1.2","arrowSize","6","arrowAngle","0.5235987755982988"
"Parts","Black","1","0","ポータブル向け電源","False"
"name","__接続点","arc","329","197","1","0","6.283185307179586","arc","329","197","0.5","0","6.283185307179586","arc","329","197","0.7071067811865476","0","6.283185307179586","arc","329","197","0.2895259468927665","0","6.283185307179586","textSize","12","textRotate","0","fontFamily","","fontStyle","Normal","fontWeight","Normal","linePitchRate","1.2","arrowSize","6","arrowAngle","0.5235987755982988"
"Parts","Black","1","0","ポータブル向け電源","False"
"name","__接続点","arc","314","197","1","0","6.283185307179586","arc","314","197","0.5","0","6.283185307179586","arc","314","197","0.7071067811865476","0","6.283185307179586","arc","314","197","0.2895259468927665","0","6.283185307179586","textSize","12","textRotate","0","fontFamily","","fontStyle","Normal","fontWeight","Normal","linePitchRate","1.2","arrowSize","6","arrowAngle","0.5235987755982988"
"Parts","Black","1","0","ポータブル向け電源","False"
"name","__接続点","arc","314.00000000000006","151.00000000000003","1","0","6.283185307179586","arc","314.00000000000006","151.00000000000003","0.5","0","6.283185307179586","arc","314.00000000000006","151.00000000000003","0.7071067811865476","0","6.283185307179586","arc","314.00000000000006","151.00000000000003","0.2895259468927665","0","6.283185307179586","textSize","12","textRotate","0","fontFamily","","fontStyle","Normal","fontWeight","Normal","linePitchRate","1.2","arrowSize","6","arrowAngle","0.5235987755982988"
"Parts","Black","1","0","ポータブル向け電源","False"
"name","__接続点","arc","329","151","1","0","6.283185307179586","arc","329","151","0.5","0","6.283185307179586","arc","329","151","0.7071067811865476","0","6.283185307179586","arc","329","151","0.2895259468927665","0","6.283185307179586","textSize","12","textRotate","0","fontFamily","","fontStyle","Normal","fontWeight","Normal","linePitchRate","1.2","arrowSize","6","arrowAngle","0.5235987755982988"
"Parts","Black","1","0","ポータブル向け電源","False"
"name","__接続点","arc","329","231","1","0","6.283185307179586","arc","329","231","0.5","0","6.283185307179586","arc","329","231","0.7071067811865476","0","6.283185307179586","arc","329","231","0.2895259468927665","0","6.283185307179586","textSize","12","textRotate","0","fontFamily","","fontStyle","Normal","fontWeight","Normal","linePitchRate","1.2","arrowSize","6","arrowAngle","0.5235987755982988"
"Parts","Black","1","0","ポータブル向け電源","False"
"name","__接続点","arc","314","231.00000000000003","1","0","6.283185307179586","arc","314","231.00000000000003","0.5","0","6.283185307179586","arc","314","231.00000000000003","0.7071067811865476","0","6.283185307179586","arc","314","231.00000000000003","0.2895259468927665","0","6.283185307179586","textSize","12","textRotate","0","fontFamily","","fontStyle","Normal","fontWeight","Normal","linePitchRate","1.2","arrowSize","6","arrowAngle","0.5235987755982988"
"Text","Black","1","0","ポータブル向け電源","False"
"47μ25V","287","189","5","1.5707963267948966","Left","Top","1.2","Yu Gothic UI","Normal","Normal"
"Text","Black","1","0","ポータブル向け電源","False"
"0.01μ","302","210","5","1.5707963267948966","Left","Top","1.2","Yu Gothic UI","Normal","Normal"
"Text","Black","1","0","ポータブル向け電源","False"
"0.01μ","303","170","5","1.5707963267948966","Left","Top","1.2","Yu Gothic UI","Normal","Normal"
"Text","Black","1","0","ポータブル向け電源","False"
"0.01μ","367","225","5","0","Center","Center","1.2","Yu Gothic UI","Normal","Normal"
"Text","Black","1","0","ポータブル向け電源","False"
"0.01μ","367","181","5","0","Center","Center","1.2","Yu Gothic UI","Normal","Normal"
"Text","Black","1","0","ポータブル向け電源","False"
"47μ25V","419","207","5","1.5707963267948966","Center","Center","1.2","Yu Gothic UI","Normal","Normal"
"Text","Black","1","0","ポータブル向け電源","False"
"47μ25V","419","175","5","1.5707963267948966","Center","Center","1.2","Yu Gothic UI","Normal","Normal"
"Text","Black","1","0","ポータブル向け電源","False"
"15Ω","386","181","5","1.5707963267948966","Center","Center","1.2","Yu Gothic UI","Normal","Normal"
"Text","Black","1","0","ポータブル向け電源","False"
"15Ω","386","202","5","1.5707963267948966","Center","Center","1.2","Yu Gothic UI","Normal","Normal"
"Text","Black","1","0","ポータブル向け電源","False"
"51K","323","174","5","1.5707963267948966","Center","Center","1.2","Yu Gothic UI","Normal","Normal"
"Text","Black","1","0","ポータブル向け電源","False"
"51K","323","215","5","1.5707963267948966","Center","Center","1.2","Yu Gothic UI","Normal","Normal"
"Text","Black","1","0","ポータブル向け電源","False"
"TL072","354","191","5","0","Center","Center","1.2","Yu Gothic UI","Normal","Normal"
"Text","Black","1","0","ポータブル向け電源","False"
"2","341","188","5","0","Center","Center","1.2","Yu Gothic UI","Normal","Normal"
"Text","Black","1","0","ポータブル向け電源","False"
"3","341","200","5","0","Center","Center","1.2","Yu Gothic UI","Normal","Normal"
"Text","Black","1","0","ポータブル向け電源","False"
"8","362","202","5","0","Center","Center","1.2","Yu Gothic UI","Normal","Normal"
"Text","Black","1","0","ポータブル向け電源","False"
"1","375","195","5","0","Center","Center","1.2","Yu Gothic UI","Normal","Normal"
"Text","Black","1","0","ポータブル向け電源","False"
"4","356","179","5","0","Center","Center","1.2","Yu Gothic UI","Normal","Normal"
"Text","Black","1","0","ポータブル向け電源","False"
"2SC3076","396","226","5","0","Center","Center","1.2","Yu Gothic UI","Normal","Normal"
"Text","Black","1","0","ポータブル向け電源","False"
"2SA1241","395","156","5","0","Center","Center","1.2","Yu Gothic UI","Normal","Normal"
"Text","Black","1","0","ポータブル向け電源","False"
"-Vcc","271","151","5","0","Center","Center","1.2","Yu Gothic UI","Normal","Normal"
"Text","Black","1","0","ポータブル向け電源","False"
"+Vcc","271","232","5","0","Center","Center","1.2","Yu Gothic UI","Normal","Normal"
"Text","Black","1","0","ポータブル向け電源","False"
"+Vcc","456","231","5","0","Center","Center","1.2","Yu Gothic UI","Normal","Normal"
"Text","Black","1","0","ポータブル向け電源","False"
"0V","455","191","5","0","Center","Center","1.2","Yu Gothic UI","Normal","Normal"
"Text","Black","1","0","ポータブル向け電源","False"
"+Vcc","455","151","5","0","Center","Center","1.2","Yu Gothic UI","Normal","Normal"
"Text","Black","1","0","ポータブル向け電源","False"
"006P型電池","264","220","5","0","Center","Center","1.2","Yu Gothic UI","Normal","Normal"
"Parts","Black","1","0","ポータブル向け電源","False"
"name","__オペアンプ","line","344","104","344","134","line","344","134","374","119","line","374","119","344","104","line","374","119","379","119","line","359","111.5","359","104","line","359","126.5","359","134","line","344","125","339","125","line","344","113","339","113","text","+","346.5","121.5","5","0","Center","Bottom","text","-","346","108.5","5","0","Center","Bottom","textSize","12","textRotate","0","fontFamily","","fontStyle","Normal","fontWeight","Normal","linePitchRate","1.2","arrowSize","6","arrowAngle","0.5235987755982988"
"Text","Black","1","0","ポータブル向け電源","False"
"TL072","354","119","5","0","Center","Center","1.2","Yu Gothic UI","Normal","Normal"
"Line","Black","1","0","ポータブル向け電源","False"
"339","125","339","104"
"Parts","Black","1","0","ポータブル向け電源","False"
"name","__アース","line","334","98","344","98","line","344","98","339","94","line","339","94","334","98","line","339","98","339","104","textSize","12","textRotate","0","fontFamily","Yu Gothic UI","fontStyle","Normal","fontWeight","Normal","linePitchRate","1.2","arrowSize","6","arrowAngle","0.5235987755982988"
"Text","Black","1","0","ポータブル向け電源","False"
"5","342","128","5","0","Center","Center","1.2","Yu Gothic UI","Normal","Normal"
"Text","Black","1","0","ポータブル向け電源","False"
"6","342","117","5","0","Center","Center","1.2","Yu Gothic UI","Normal","Normal"
"Text","Black","1","0","ポータブル向け電源","False"
"7","377","122","5","0","Center","Center","1.2","Yu Gothic UI","Normal","Normal"
"Parts","Black","1","0","仮想グラウンド回路","False"
"name","__オペアンプ","line","85","185","85","215","line","85","215","115","200","line","115","200","85","185","line","115","200","120","200","line","100","192.5","100","185","line","100","207.5","100","215","line","85","206","80","206","line","85","194","80","194","text","+","87.5","202.5","5","0","Center","Bottom","text","-","87","189.5","5","0","Center","Bottom","textSize","12","textRotate","0","fontFamily","","fontStyle","Normal","fontWeight","Normal","linePitchRate","1.2","arrowSize","6","arrowAngle","0.5235987755982988"
"Parts","Black","1","0","仮想グラウンド回路","False"
"name","__抵抗","line","60","220.5","66","218.5","line","66","218.5","60","216.5","line","60","216.5","66","214.5","line","66","214.5","60","212.5","line","60","212.5","63","211.5","line","66","222.5","60","220.5","line","66","222.5","63","223.5","line","63","211.5","63","206","line","63","223.5","63","228","textSize","12","textRotate","0","fontFamily","","fontStyle","Normal","fontWeight","Normal","linePitchRate","1.2","arrowSize","6","arrowAngle","0.5235987755982988"
"Parts","Black","1","0","仮想グラウンド回路","False"
"name","__抵抗","line","126.5","197","128.5","203","line","128.5","203","130.5","197","line","130.5","197","132.5","203","line","132.5","203","134.5","197","line","134.5","197","135.5","200","line","135.5","200","140.5","200","line","124.5","203","126.5","197","line","124.5","203","123.5","200","line","123.5","200","119.5","200","textSize","12","textRotate","0","fontFamily","Yu Gothic UI","fontStyle","Normal","fontWeight","Normal","linePitchRate","1.2","arrowSize","6","arrowAngle","0.5235987755982988"
"Parts","Black","1","0","仮想グラウンド回路","False"
"name","__コンデンサ","line","114","186","122","186","line","114","184","122","184","line","118","186","118","190","line","118","184","118","180","textSize","12","textRotate","0","fontFamily","Yu Gothic UI","fontStyle","Normal","fontWeight","Normal","linePitchRate","1.2","arrowSize","6","arrowAngle","0.5235987755982988"
"Parts","Black","1","0","仮想グラウンド回路","False"
"name","__NPNトランジスタ","line","149","200","139.83333333333334","200","line","149","201.83333333333334","158.16666666666666","209.16666666666666","line","149","209.16666666666666","149","190.83333333333334","line","149","198.16666666666666","158.16666666666666","190.83333333333334","line","158.16666666666666","190.83333333333334","155.39479121575653","194.4231392451678","line","155.39479121575653","194.4231392451678","154.0315737808827","192.69639716099425","line","154.0315737808827","192.69639716099425","158.16666666666666","190.83333333333334","textSize","12","textRotate","0","fontFamily","Yu Gothic UI","fontStyle","Normal","fontWeight","Normal","linePitchRate","1.2","arrowSize","6","arrowAngle","0.5235987755982988"
"Parts","Black","1","0","仮想グラウンド回路","False"
"name","__抵抗","line","155","183.5","161","181.5","line","161","181.5","155","179.5","line","155","179.5","161","177.5","line","161","177.5","155","175.5","line","155","175.5","158","174.5","line","161","185.5","155","183.5","line","161","185.5","158","186.5","line","158","174.5","158","169","line","158","186.5","158","191","textSize","12","textRotate","0","fontFamily","","fontStyle","Normal","fontWeight","Normal","linePitchRate","1.2","arrowSize","6","arrowAngle","0.5235987755982988"
"Parts","Black","1","0","仮想グラウンド回路","False"
"name","__抵抗","line","125.5","166","127.5","172","line","127.5","172","129.5","166","line","129.5","166","131.5","172","line","131.5","172","133.5","166","line","133.5","166","134.5","169","line","123.5","172","125.5","166","line","123.5","172","122.5","169","line","134.5","169","140","169","line","122.5","169","118","169","textSize","12","textRotate","0","fontFamily","","fontStyle","Normal","fontWeight","Normal","linePitchRate","1.2","arrowSize","6","arrowAngle","0.5235987755982988"
"Parts","Black","1","0","仮想グラウンド回路","False"
"name","__抵抗","line","155","161.5","161","159.5","line","161","159.5","155","157.5","line","155","157.5","161","155.5","line","161","155.5","155","153.5","line","155","153.5","158","152.5","line","161","163.5","155","161.5","line","161","163.5","158","164.5","line","158","152.5","158","147","line","158","164.5","158","169","textSize","12","textRotate","0","fontFamily","","fontStyle","Normal","fontWeight","Normal","linePitchRate","1.2","arrowSize","6","arrowAngle","0.5235987755982988"
"Parts","Black","1","0","仮想グラウンド回路","False"
"name","__PNPトランジスタ","line","149","138","139.9446148618626","138","line","149","136.18892297237252","158.0553851381374","128.9446148618626","line","149","128.9446148618626","149","147.0553851381374","line","158.0553851381374","147.0553851381374","149","139.81107702762748","line","149","139.81107702762748","151.73822542868433","143.35730340248097","line","151.73822542868433","143.35730340248097","153.0848936722996","141.65152362723498","line","153.0848936722996","141.65152362723498","149","139.81107702762748","textSize","12","textRotate","0","fontFamily","Yu Gothic UI","fontStyle","Normal","fontWeight","Normal","linePitchRate","1.2","arrowSize","6","arrowAngle","0.5235987755982988"
"Line","Black","1","0","仮想グラウンド回路","False"
"50","230","190","230"
"Line","Black","1","0","仮想グラウンド回路","False"
"158.16666666666666","209.16666666666666","158.16666666666663","230"
"Line","Black","1","0","仮想グラウンド回路","False"
"100","215","100","230"
"Line","Black","1","0","仮想グラウンド回路","False"
"63","228","63","230"
"Line","Black","1","0","仮想グラウンド回路","False"
"118","190","118","200"
"Polyline","Black","1","0","仮想グラウンド回路","False"
"139.25","200","139.25","138","139.9446148618626","138"
"Polyline","Black","1","0","仮想グラウンド回路","False"
"137.25","169","190","169"
"Polyline","Black","1","0","仮想グラウンド回路","False"
"80","194","77","194","77","169","119.125","169"
"Parts","Black","1","0","仮想グラウンド回路","False"
"name","__電解コンデンサ","line","174.25","199","174.25","195","line","170.25","199","178.25","199","line","170.25","201","178.25","201","line","174.25","201","174.25","205","line","170.75","199","172.25","201","line","171.75","199","173.25","201","line","172.75","199","174.25","201","line","173.75","199","175.25","201","line","174.75","199","176.25","201","line","175.75","199","177.25","201","line","169.75","202.5","171.25","202.5","line","170.5","201.75","170.5","203.25","line","169.75","197.5","171.25","197.5","textSize","12","textRotate","0","fontFamily","Yu Gothic UI","fontStyle","Normal","fontWeight","Normal","linePitchRate","1.2","arrowSize","6","arrowAngle","0.5235987755982988"
"Line","Black","1","0","仮想グラウンド回路","False"
"174.25","205","174.25","230"
"Line","Black","1","0","仮想グラウンド回路","False"
"174.272480118267","194.79305819508434","174.272480118267","169"
"Line","Black","1","0","仮想グラウンド回路","False"
"50","120","190","120"
"Parts","Black","1","0","仮想グラウンド回路","False"
"name","__電解コンデンサ","line","174.25","140","174.25","136","line","170.25","140","178.25","140","line","170.25","142","178.25","142","line","174.25","142","174.25","146","line","170.75","140","172.25","142","line","171.75","140","173.25","142","line","172.75","140","174.25","142","line","173.75","140","175.25","142","line","174.75","140","176.25","142","line","175.75","140","177.25","142","line","169.75","143.5","171.25","143.5","line","170.5","142.75","170.5","144.25","line","169.75","138.5","171.25","138.5","textSize","12","textRotate","0","fontFamily","Yu Gothic UI","fontStyle","Normal","fontWeight","Normal","linePitchRate","1.2","arrowSize","6","arrowAngle","0.5235987755982988"
"Line","Black","1","0","仮想グラウンド回路","False"
"174.25","146","174.25","169"
"Line","Black","1","0","仮想グラウンド回路","False"
"174.25","136","174.25","120"
"Line","Black","1","0","仮想グラウンド回路","False"
"158.0553851381374","128.9446148618626","158.0553851381374","120"
"Line","Black","1","0","仮想グラウンド回路","False"
"100","185","100","120"
"Parts","Black","1","0","仮想グラウンド回路","False"
"name","__抵抗","line","60","148.5","66","146.5","line","66","146.5","60","144.5","line","60","144.5","66","142.5","line","66","142.5","60","140.5","line","60","140.5","63","139.5","line","66","150.5","60","148.5","line","66","150.5","63","151.5","line","63","139.5","63","134","line","63","151.5","63","156","textSize","12","textRotate","0","fontFamily","","fontStyle","Normal","fontWeight","Normal","linePitchRate","1.2","arrowSize","6","arrowAngle","0.5235987755982988"
"Line","Black","1","0","仮想グラウンド回路","False"
"63","206","63","156"
"Line","Black","1","0","仮想グラウンド回路","False"
"63","134","63","120"
"Parts","Black","1","0","仮想グラウンド回路","False"
"name","__コンデンサ","line","74","146","82","146","line","74","144","82","144","line","78","146","78","150","line","78","144","78","140","textSize","12","textRotate","0","fontFamily","Yu Gothic UI","fontStyle","Normal","fontWeight","Normal","linePitchRate","1.2","arrowSize","6","arrowAngle","0.5235987755982988"
"Polyline","Black","1","0","仮想グラウンド回路","False"
"78","150","78","158","63","158"
"Polyline","Black","1","0","仮想グラウンド回路","False"
"78","140","78","134","63","134"
"Line","Black","1","0","仮想グラウンド回路","False"
"118","180","118","169"
"Parts","Black","1","0","仮想グラウンド回路","False"
"name","__接続点","arc","63.00000000000001","120","1","0","6.283185307179586","arc","63.00000000000001","120","0.5","0","6.283185307179586","arc","63.00000000000001","120","0.7071067811865476","0","6.283185307179586","arc","63.00000000000001","120","0.2895259468927665","0","6.283185307179586","textSize","12","textRotate","0","fontFamily","","fontStyle","Normal","fontWeight","Normal","linePitchRate","1.2","arrowSize","6","arrowAngle","0.5235987755982988"
"Parts","Black","1","0","仮想グラウンド回路","False"
"name","__接続点","arc","100","120","1","0","6.283185307179586","arc","100","120","0.5","0","6.283185307179586","arc","100","120","0.7071067811865476","0","6.283185307179586","arc","100","120","0.2895259468927665","0","6.283185307179586","textSize","12","textRotate","0","fontFamily","","fontStyle","Normal","fontWeight","Normal","linePitchRate","1.2","arrowSize","6","arrowAngle","0.5235987755982988"
"Parts","Black","1","0","仮想グラウンド回路","False"
"name","__接続点","arc","158.0553851381374","120","1","0","6.283185307179586","arc","158.0553851381374","120","0.5","0","6.283185307179586","arc","158.0553851381374","120","0.7071067811865476","0","6.283185307179586","arc","158.0553851381374","120","0.2895259468927665","0","6.283185307179586","textSize","12","textRotate","0","fontFamily","","fontStyle","Normal","fontWeight","Normal","linePitchRate","1.2","arrowSize","6","arrowAngle","0.5235987755982988"
"Parts","Black","1","0","仮想グラウンド回路","False"
"name","__接続点","arc","174.25","120","1","0","6.283185307179586","arc","174.25","120","0.5","0","6.283185307179586","arc","174.25","120","0.7071067811865476","0","6.283185307179586","arc","174.25","120","0.2895259468927665","0","6.283185307179586","textSize","12","textRotate","0","fontFamily","","fontStyle","Normal","fontWeight","Normal","linePitchRate","1.2","arrowSize","6","arrowAngle","0.5235987755982988"
"Parts","Black","1","0","仮想グラウンド回路","False"
"name","__接続点","arc","63","134","1","0","6.283185307179586","arc","63","134","0.5","0","6.283185307179586","arc","63","134","0.7071067811865476","0","6.283185307179586","arc","63","134","0.2895259468927665","0","6.283185307179586","textSize","12","textRotate","0","fontFamily","","fontStyle","Normal","fontWeight","Normal","linePitchRate","1.2","arrowSize","6","arrowAngle","0.5235987755982988"
"Parts","Black","1","0","仮想グラウンド回路","False"
"name","__接続点","arc","63","158","1","0","6.283185307179586","arc","63","158","0.5","0","6.283185307179586","arc","63","158","0.7071067811865476","0","6.283185307179586","arc","63","158","0.2895259468927665","0","6.283185307179586","textSize","12","textRotate","0","fontFamily","","fontStyle","Normal","fontWeight","Normal","linePitchRate","1.2","arrowSize","6","arrowAngle","0.5235987755982988"
"Parts","Black","1","0","仮想グラウンド回路","False"
"name","__接続点","arc","118","169","1","0","6.283185307179586","arc","118","169","0.5","0","6.283185307179586","arc","118","169","0.7071067811865476","0","6.283185307179586","arc","118","169","0.2895259468927665","0","6.283185307179586","textSize","12","textRotate","0","fontFamily","","fontStyle","Normal","fontWeight","Normal","linePitchRate","1.2","arrowSize","6","arrowAngle","0.5235987755982988"
"Parts","Black","1","0","仮想グラウンド回路","False"
"name","__接続点","arc","158","169","1","0","6.283185307179586","arc","158","169","0.5","0","6.283185307179586","arc","158","169","0.7071067811865476","0","6.283185307179586","arc","158","169","0.2895259468927665","0","6.283185307179586","textSize","12","textRotate","0","fontFamily","","fontStyle","Normal","fontWeight","Normal","linePitchRate","1.2","arrowSize","6","arrowAngle","0.5235987755982988"
"Parts","Black","1","0","仮想グラウンド回路","False"
"name","__接続点","arc","174.272480118267","169","1","0","6.283185307179586","arc","174.272480118267","169","0.5","0","6.283185307179586","arc","174.272480118267","169","0.7071067811865476","0","6.283185307179586","arc","174.272480118267","169","0.2895259468927665","0","6.283185307179586","textSize","12","textRotate","0","fontFamily","","fontStyle","Normal","fontWeight","Normal","linePitchRate","1.2","arrowSize","6","arrowAngle","0.5235987755982988"
"Parts","Black","1","0","仮想グラウンド回路","False"
"name","__接続点","arc","174.25","230.00000000000003","1","0","6.283185307179586","arc","174.25","230.00000000000003","0.5","0","6.283185307179586","arc","174.25","230.00000000000003","0.7071067811865476","0","6.283185307179586","arc","174.25","230.00000000000003","0.2895259468927665","0","6.283185307179586","textSize","12","textRotate","0","fontFamily","","fontStyle","Normal","fontWeight","Normal","linePitchRate","1.2","arrowSize","6","arrowAngle","0.5235987755982988"
"Parts","Black","1","0","仮想グラウンド回路","False"
"name","__接続点","arc","158.16666666666663","229.99999999999997","1","0","6.283185307179586","arc","158.16666666666663","229.99999999999997","0.5","0","6.283185307179586","arc","158.16666666666663","229.99999999999997","0.7071067811865476","0","6.283185307179586","arc","158.16666666666663","229.99999999999997","0.2895259468927665","0","6.283185307179586","textSize","12","textRotate","0","fontFamily","","fontStyle","Normal","fontWeight","Normal","linePitchRate","1.2","arrowSize","6","arrowAngle","0.5235987755982988"
"Parts","Black","1","0","仮想グラウンド回路","False"
"name","__接続点","arc","100","230","1","0","6.283185307179586","arc","100","230","0.5","0","6.283185307179586","arc","100","230","0.7071067811865476","0","6.283185307179586","arc","100","230","0.2895259468927665","0","6.283185307179586","textSize","12","textRotate","0","fontFamily","","fontStyle","Normal","fontWeight","Normal","linePitchRate","1.2","arrowSize","6","arrowAngle","0.5235987755982988"
"Parts","Black","1","0","仮想グラウンド回路","False"
"name","__接続点","arc","118","200","1","0","6.283185307179586","arc","118","200","0.5","0","6.283185307179586","arc","118","200","0.7071067811865476","0","6.283185307179586","arc","118","200","0.2895259468927665","0","6.283185307179586","textSize","12","textRotate","0","fontFamily","","fontStyle","Normal","fontWeight","Normal","linePitchRate","1.2","arrowSize","6","arrowAngle","0.5235987755982988"
"Parts","Black","1","0","仮想グラウンド回路","False"
"name","__接続点","arc","139.25","200","1","0","6.283185307179586","arc","139.25","200","0.5","0","6.283185307179586","arc","139.25","200","0.7071067811865476","0","6.283185307179586","arc","139.25","200","0.2895259468927665","0","6.283185307179586","textSize","12","textRotate","0","fontFamily","","fontStyle","Normal","fontWeight","Normal","linePitchRate","1.2","arrowSize","6","arrowAngle","0.5235987755982988"
"Parts","Black","1","0","仮想グラウンド回路","False"
"name","__接続点","arc","63","230","1","0","6.283185307179586","arc","63","230","0.5","0","6.283185307179586","arc","63","230","0.7071067811865476","0","6.283185307179586","arc","63","230","0.2895259468927665","0","6.283185307179586","textSize","12","textRotate","0","fontFamily","","fontStyle","Normal","fontWeight","Normal","linePitchRate","1.2","arrowSize","6","arrowAngle","0.5235987755982988"
"Parts","Black","1","0","仮想グラウンド回路","False"
"name","__端子","arc","191","120","1","0","6.283185307179586","arc","191","120","1.4142135623730951","0","6.283185307179586","arc","191","120","2","0","6.283185307179586","textSize","12","textRotate","0","fontFamily","Yu Gothic UI","fontStyle","Normal","fontWeight","Normal","linePitchRate","1.2","arrowSize","6","arrowAngle","0.5235987755982988"
"Parts","Black","1","0","仮想グラウンド回路","False"
"name","__端子","arc","190","169","1","0","6.283185307179586","arc","190","169","1.4142135623730951","0","6.283185307179586","arc","190","169","2","0","6.283185307179586","textSize","12","textRotate","0","fontFamily","Yu Gothic UI","fontStyle","Normal","fontWeight","Normal","linePitchRate","1.2","arrowSize","6","arrowAngle","0.5235987755982988"
"Parts","Black","1","0","仮想グラウンド回路","False"
"name","__端子","arc","190","230","1","0","6.283185307179586","arc","190","230","1.4142135623730951","0","6.283185307179586","arc","190","230","2","0","6.283185307179586","textSize","12","textRotate","0","fontFamily","Yu Gothic UI","fontStyle","Normal","fontWeight","Normal","linePitchRate","1.2","arrowSize","6","arrowAngle","0.5235987755982988"
"Parts","Black","1","0","仮想グラウンド回路","False"
"name","__端子","arc","50","120","1","0","6.283185307179586","arc","50","120","1.4142135623730951","0","6.283185307179586","arc","50","120","2","0","6.283185307179586","textSize","12","textRotate","0","fontFamily","Yu Gothic UI","fontStyle","Normal","fontWeight","Normal","linePitchRate","1.2","arrowSize","6","arrowAngle","0.5235987755982988"
"Parts","Black","1","0","仮想グラウンド回路","False"
"name","__端子","arc","51","230","1","0","6.283185307179586","arc","51","230","1.4142135623730951","0","6.283185307179586","arc","51","230","2","0","6.283185307179586","textSize","12","textRotate","0","fontFamily","Yu Gothic UI","fontStyle","Normal","fontWeight","Normal","linePitchRate","1.2","arrowSize","6","arrowAngle","0.5235987755982988"
"Line","Black","1","0","仮想グラウンド回路","False"
"80","206","63","206"
"Parts","Black","1","0","仮想グラウンド回路","False"
"name","__接続点","arc","63","206","1","0","6.283185307179586","arc","63","206","0.5","0","6.283185307179586","arc","63","206","0.7071067811865476","0","6.283185307179586","arc","63","206","0.2895259468927665","0","6.283185307179586","textSize","12","textRotate","0","fontFamily","","fontStyle","Normal","fontWeight","Normal","linePitchRate","1.2","arrowSize","6","arrowAngle","0.5235987755982988"
"Text","Black","1","0","仮想グラウンド回路","False"
"1000pF","122","185","5","0","Left","Center","1.2","Yu Gothic UI","Normal","Normal"
"Text","Black","1","0","仮想グラウンド回路","False"
"GND","194","169","6","0","Left","Center","1.2","Yu Gothic UI","Normal","Normal"
"Text","Black","1","0","仮想グラウンド回路","False"
"VOUT+","194","230","6","0","Left","Center","1.2","Yu Gothic UI","Normal","Normal"
"Text","Black","1","0","仮想グラウンド回路","False"
"VOUT-","195","120","6","0","Left","Center","1.2","Yu Gothic UI","Normal","Normal"
"Text","Black","1","0","仮想グラウンド回路","False"
"VIN+","34","230","6","0","Left","Center","1.2","Yu Gothic UI","Normal","Normal"
"Text","Black","1","0","仮想グラウンド回路","False"
"VIN-","34","120","6","0","Left","Center","1.2","Yu Gothic UI","Normal","Normal"
"Text","Black","1","0","仮想グラウンド回路","False"
"10K","123","166","5","0","Left","Top","1.2","Yu Gothic UI","Normal","Normal"
"Text","Black","1","0","仮想グラウンド回路","False"
"330μF\\n35V","180","148","5","0","Left","Top","1.2","Yu Gothic UI","Normal","Normal"
"Text","Black","1","0","仮想グラウンド回路","False"
"4.7Ω","144","161","5","0","Left","Top","1.2","Yu Gothic UI","Normal","Normal"
"Text","Black","1","0","仮想グラウンド回路","False"
"4.7Ω","144","183","5","0","Left","Top","1.2","Yu Gothic UI","Normal","Normal"
"Text","Black","1","0","仮想グラウンド回路","False"
"330μF\\n35V","180","207","5","0","Left","Top","1.2","Yu Gothic UI","Normal","Normal"
"Text","Black","1","0","仮想グラウンド回路","False"
"100Ω","122","210","5","0","Left","Top","1.2","Yu Gothic UI","Normal","Normal"
"Text","Black","1","0","仮想グラウンド回路","False"
"10K","50","220","5","0","Left","Top","1.2","Yu Gothic UI","Normal","Normal"
"Text","Black","1","0","仮想グラウンド回路","False"
"10K","51","149","5","0","Left","Top","1.2","Yu Gothic UI","Normal","Normal"
"Text","Black","1","0","仮想グラウンド回路","False"
"0.1μF","83","149","5","0","Left","Top","1.2","Yu Gothic UI","Normal","Normal"
"Text","Black","1","0","仮想グラウンド回路","False"
"LM358","89","200","5","0","Left","Center","1.2","Yu Gothic UI","Normal","Normal"
"Parts","Black","1","0","仮想グラウンド回路","False"
"name","__オペアンプ","line","85","81","85","111","line","85","111","115","96","line","115","96","85","81","line","115","96","120","96","line","100","88.5","100","81","line","100","103.5","100","111","line","85","102","80","102","line","85","90","80","90","text","+","87.5","98.5","5","0","Center","Bottom","text","-","87","85.5","5","0","Center","Bottom","textSize","12","textRotate","0","fontFamily","","fontStyle","Normal","fontWeight","Normal","linePitchRate","1.2","arrowSize","6","arrowAngle","0.5235987755982988"
"Polyline","Black","1","0","仮想グラウンド回路","False"
"81.25","102","76","102","76","120"
"Polyline","Black","1","0","仮想グラウンド回路","False"
"81.25","90","76","90","76","74","120","74","120","96"
"Text","Black","1","0","仮想グラウンド回路","False"
"LM358","90","96","5","0","Left","Center","1.2","Yu Gothic UI","Normal","Normal"
"Text","Black","1","0","仮想グラウンド回路","False"
"7","115","100","5","0","Left","Center","1.2","Yu Gothic UI","Normal","Normal"
"Text","Black","1","0","仮想グラウンド回路","False"
"5","81","105","5","0","Left","Center","1.2","Yu Gothic UI","Normal","Normal"
"Text","Black","1","0","仮想グラウンド回路","False"
"6","81","87","5","0","Left","Center","1.2","Yu Gothic UI","Normal","Normal"
"Text","Black","1","0","仮想グラウンド回路","False"
"1","114","204","5","0","Left","Center","1.2","Yu Gothic UI","Normal","Normal"
"Text","Black","1","0","仮想グラウンド回路","False"
"8","102","210","5","0","Left","Center","1.2","Yu Gothic UI","Normal","Normal"
"Text","Black","1","0","仮想グラウンド回路","False"
"4","102","190","5","0","Left","Center","1.2","Yu Gothic UI","Normal","Normal"
"Text","Black","1","0","仮想グラウンド回路","False"
"3","81","210","5","0","Left","Center","1.2","Yu Gothic UI","Normal","Normal"
"Text","Black","1","0","仮想グラウンド回路","False"
"2","81","191","5","0","Left","Center","1.2","Yu Gothic UI","Normal","Normal"
"Text","Black","1","0","仮想グラウンド回路","False"
"2SC2517","137","215","5","0","Left","Center","1.2","Yu Gothic UI","Normal","Normal"
"Text","Black","1","0","仮想グラウンド回路","False"
"2SA1069","136","125","5","0","Left","Center","1.2","Yu Gothic UI","Normal","Normal"
"Text","Black","1","0","仮想グラウンド回路","False"
"パワートランジスタ\\nPc = 20W\\nIc = 1.5A\\nhFE = 100\\n程度のものでコンプリメンタリのもの","139","110","5","0","Left","Top","1.2","Yu Gothic UI","Normal","Normal"
"Parts","Black","1","0","簡易±電源","False"
"name","__抵抗","line","108","42.5","114","40.5","line","114","40.5","108","38.5","line","108","38.5","114","36.5","line","114","36.5","108","34.5","line","108","34.5","111","33.5","line","114","44.5","108","42.5","line","114","44.5","111","45.5","line","111","33.5","111","28","line","111","45.5","111","50","textSize","12","textRotate","0","fontFamily","","fontStyle","Normal","fontWeight","Normal","linePitchRate","1.2","arrowSize","6","arrowAngle","0.5235987755982988"
"Parts","Black","1","0","簡易±電源","False"
"name","__電解コンデンサ","line","131.25","39","131.25","35","line","127.25","39","135.25","39","line","127.25","41","135.25","41","line","131.25","41","131.25","45","line","127.75","39","129.25","41","line","128.75","39","130.25","41","line","129.75","39","131.25","41","line","130.75","39","132.25","41","line","131.75","39","133.25","41","line","132.75","39","134.25","41","line","126.75","42.5","128.25","42.5","line","127.5","41.75","127.5","43.25","line","126.75","37.5","128.25","37.5","textSize","12","textRotate","0","fontFamily","Yu Gothic UI","fontStyle","Normal","fontWeight","Normal","linePitchRate","1.2","arrowSize","6","arrowAngle","0.5235987755982988"
"Line","Black","1","0","簡易±電源","False"
"131.25","45","131.25","50"
"Line","Black","1","0","簡易±電源","False"
"131.25","35","131.25","28"
"Parts","Black","1","0","簡易±電源","False"
"name","__抵抗","line","108","13.5","114","15.5","line","114","15.5","108","17.5","line","108","17.5","114","19.5","line","114","19.5","108","21.5","line","108","21.5","111","22.5","line","114","11.5","108","13.5","line","114","11.5","111","10.5","line","111","22.5","111","28","line","111","10.5","111","6","textSize","12","textRotate","0","fontFamily","","fontStyle","Normal","fontWeight","Normal","linePitchRate","1.2","arrowSize","6","arrowAngle","0.5235987755982988"
"Line","Black","1","0","簡易±電源","False"
"131.25","11","131.25","6"
"Line","Black","1","0","簡易±電源","False"
"131.25","21","131.25","28"
"Parts","Black","1","0","簡易±電源","False"
"name","__電解コンデンサ","line","131.25","15","131.25","11","line","127.25","15","135.25","15","line","127.25","17","135.25","17","line","131.25","17","131.25","21","line","127.75","15","129.25","17","line","128.75","15","130.25","17","line","129.75","15","131.25","17","line","130.75","15","132.25","17","line","131.75","15","133.25","17","line","132.75","15","134.25","17","line","126.75","18.5","128.25","18.5","line","127.5","17.75","127.5","19.25","line","126.75","13.5","128.25","13.5","textSize","12","textRotate","0","fontFamily","Yu Gothic UI","fontStyle","Normal","fontWeight","Normal","linePitchRate","1.2","arrowSize","6","arrowAngle","0.5235987755982988"
"Parts","Black","1","0","簡易±電源","False"
"name","__接続点","arc","111","28","1","0","6.283185307179586","arc","111","28","0.5","0","6.283185307179586","arc","111","28","0.7071067811865476","0","6.283185307179586","arc","111","28","0.2895259468927665","0","6.283185307179586","textSize","12","textRotate","0","fontFamily","","fontStyle","Normal","fontWeight","Normal","linePitchRate","1.2","arrowSize","6","arrowAngle","0.5235987755982988"
"Parts","Black","1","0","簡易±電源","False"
"name","__接続点","arc","131.25","28","1","0","6.283185307179586","arc","131.25","28","0.5","0","6.283185307179586","arc","131.25","28","0.7071067811865476","0","6.283185307179586","arc","131.25","28","0.2895259468927665","0","6.283185307179586","textSize","12","textRotate","0","fontFamily","","fontStyle","Normal","fontWeight","Normal","linePitchRate","1.2","arrowSize","6","arrowAngle","0.5235987755982988"
"Parts","Black","1","0","簡易±電源","False"
"name","__接続点","arc","111","6","1","0","6.283185307179586","arc","111","6","0.5","0","6.283185307179586","arc","111","6","0.7071067811865476","0","6.283185307179586","arc","111","6","0.2895259468927665","0","6.283185307179586","textSize","12","textRotate","0","fontFamily","","fontStyle","Normal","fontWeight","Normal","linePitchRate","1.2","arrowSize","6","arrowAngle","0.5235987755982988"
"Parts","Black","1","0","簡易±電源","False"
"name","__接続点","arc","131.25","6","1","0","6.283185307179586","arc","131.25","6","0.5","0","6.283185307179586","arc","131.25","6","0.7071067811865476","0","6.283185307179586","arc","131.25","6","0.2895259468927665","0","6.283185307179586","textSize","12","textRotate","0","fontFamily","","fontStyle","Normal","fontWeight","Normal","linePitchRate","1.2","arrowSize","6","arrowAngle","0.5235987755982988"
"Parts","Black","1","0","簡易±電源","False"
"name","__接続点","arc","111","50","1","0","6.283185307179586","arc","111","50","0.5","0","6.283185307179586","arc","111","50","0.7071067811865476","0","6.283185307179586","arc","111","50","0.2895259468927665","0","6.283185307179586","textSize","12","textRotate","0","fontFamily","","fontStyle","Normal","fontWeight","Normal","linePitchRate","1.2","arrowSize","6","arrowAngle","0.5235987755982988"
"Parts","Black","1","0","簡易±電源","False"
"name","__接続点","arc","131","50","1","0","6.283185307179586","arc","131","50","0.5","0","6.283185307179586","arc","131","50","0.7071067811865476","0","6.283185307179586","arc","131","50","0.2895259468927665","0","6.283185307179586","textSize","12","textRotate","0","fontFamily","","fontStyle","Normal","fontWeight","Normal","linePitchRate","1.2","arrowSize","6","arrowAngle","0.5235987755982988"
"Text","Black","1","0","簡易±電源","False"
"1000μF\\n25V","142","43","4","0","Center","Center","1.2","Yu Gothic UI","Normal","Normal"
"Text","Black","1","0","簡易±電源","False"
"1000μF\\n25V","142","19","4","0","Center","Center","1.2","Yu Gothic UI","Normal","Normal"
"Text","Black","1","0","簡易±電源","False"
"1K","118","39","4","0","Center","Center","1.2","Yu Gothic UI","Normal","Normal"
"Text","Black","1","0","簡易±電源","False"
"1K","118","16","4","0","Center","Center","1.2","Yu Gothic UI","Normal","Normal"
"Text","Black","1","0","簡易±電源","False"
"電流計","168","50","4","0","Center","Center","1.2","Yu Gothic UI","Normal","Normal"
"Polygon","Black","1","0","簡易±電源","False"
"FILL","False","AliceBlue","161","53","175","53","175","47","161","47"
"Polygon","Black","1","0","簡易±電源","False"
"FILL","False","AliceBlue","150","40","164","40","164","34","150","34"
"Line","Black","1","0","簡易±電源","False"
"100","50","161","50"
"Line","Black","1","0","簡易±電源","False"
"156.734","39.926","156.734","50"
"Line","Black","1","0","簡易±電源","False"
"100","6","184","6"
"Line","Black","1","0","簡易±電源","False"
"111","28","184","28"
"Line","Black","1","0","簡易±電源","False"
"157","34","157","6"
"Line","Black","1","0","簡易±電源","False"
"175","50","184","50"
"Parts","Black","1","0","簡易±電源","False"
"name","__接続点","arc","157","6","1","0","6.283185307179586","arc","157","6","0.5","0","6.283185307179586","arc","157","6","0.7071067811865476","0","6.283185307179586","arc","157","6","0.2895259468927665","0","6.283185307179586","textSize","12","textRotate","0","fontFamily","","fontStyle","Normal","fontWeight","Normal","linePitchRate","1.2","arrowSize","6","arrowAngle","0.5235987755982988"
"Parts","Black","1","0","簡易±電源","False"
"name","__接続点","arc","157","50","1","0","6.283185307179586","arc","157","50","0.5","0","6.283185307179586","arc","157","50","0.7071067811865476","0","6.283185307179586","arc","157","50","0.2895259468927665","0","6.283185307179586","textSize","12","textRotate","0","fontFamily","","fontStyle","Normal","fontWeight","Normal","linePitchRate","1.2","arrowSize","6","arrowAngle","0.5235987755982988"
"Parts","Black","1","0","簡易±電源","False"
"name","__端子","arc","184","50","1","0","6.283185307179586","arc","184","50","1.4142135623730951","0","6.283185307179586","arc","184","50","2","0","6.283185307179586","textSize","12","textRotate","0","fontFamily","Yu Gothic UI","fontStyle","Normal","fontWeight","Normal","linePitchRate","1.2","arrowSize","6","arrowAngle","0.5235987755982988"
"Parts","Black","1","0","簡易±電源","False"
"name","__端子","arc","184","28","1","0","6.283185307179586","arc","184","28","1.4142135623730951","0","6.283185307179586","arc","184","28","2","0","6.283185307179586","textSize","12","textRotate","0","fontFamily","Yu Gothic UI","fontStyle","Normal","fontWeight","Normal","linePitchRate","1.2","arrowSize","6","arrowAngle","0.5235987755982988"
"Parts","Black","1","0","簡易±電源","False"
"name","__端子","arc","184","6","1","0","6.283185307179586","arc","184","6","1.4142135623730951","0","6.283185307179586","arc","184","6","2","0","6.283185307179586","textSize","12","textRotate","0","fontFamily","Yu Gothic UI","fontStyle","Normal","fontWeight","Normal","linePitchRate","1.2","arrowSize","6","arrowAngle","0.5235987755982988"
"Text","Black","1","0","簡易±電源","False"
"電圧計","157","37","4","0","Center","Center","1.2","Yu Gothic UI","Normal","Normal"
"Text","Black","1","0","簡易±電源","False"
"+V","191","50","4","0","Center","Center","1.2","Yu Gothic UI","Normal","Normal"
"Text","Black","1","0","簡易±電源","False"
"-V","190","6","4","0","Center","Center","1.2","Yu Gothic UI","Normal","Normal"
"Text","Black","1","0","簡易±電源","False"
"GND","192","28","4","0","Center","Center","1.2","Yu Gothic UI","Normal","Normal"
"Text","Black","1","0","簡易±電源","False"
"MT3608\\nDC-DCコンバータ","51","32","5","0","Center","Center","1.2","Yu Gothic UI","Normal","Normal"
"Polygon","Black","1","0","簡易±電源","False"
"FILL","False","AliceBlue","30","40","71","40","71","19","30","19"
"Polyline","Black","1","0","簡易±電源","False"
"71","34","100","34","100","50"
"Polyline","Black","1","0","簡易±電源","False"
"71","26","100","26","100","6"
"Text","Black","1","0","簡易±電源","False"
"+VOUT","79","37","4","0","Center","Center","1.2","Yu Gothic UI","Normal","Normal"
"Text","Black","1","0","簡易±電源","False"
"-VOUT","79","23","4","0","Center","Center","1.2","Yu Gothic UI","Normal","Normal"
"Line","Black","1","0","簡易±電源","False"
"30","34","24","34"
"Line","Black","1","0","簡易±電源","False"
"30","26","24","26"
"Text","Black","1","0","簡易±電源","False"
"-VIN","19","26","4","0","Center","Center","1.2","Yu Gothic UI","Normal","Normal"
"Text","Black","1","0","簡易±電源","False"
"5-28V","79","30","4","0","Center","Center","1.2","Yu Gothic UI","Normal","Normal"
"Text","Black","1","0","簡易±電源","False"
"2-24V","21","30","4","0","Center","Center","1.2","Yu Gothic UI","Normal","Normal"
"Text","Black","1","0","簡易±電源","False"
"+VIN","18","34","4","0","Center","Center","1.2","Yu Gothic UI","Normal","Normal"
