﻿# ショートカットキーの設定ファイル
# Command
# createPoint, createLine, createHVLine, createTangentLine
# createRect, createPolyline, createPolygon
# createArc, createCircle, createTangentCircle, createEllipse, createText
# createArrow, createLabel, createSymbol, createImage
# createLocDimension, createDimension, createAngleDimension
# createDiameterDimension, createRadiusDimension
# translate, rotate, mirror, scale, trim, divide, stretch, offset
# connect, fillet
# symbolAssemble, disassemble, changeText, changeRadius, changeProperty, changeProperties
# copyTranslate, copyRotate, copyMirror, copyScale, copyTrim, copyStretch, copyOffset
# copyEntity, pasteEntity, copyProperty
# info, infoData, zumenComment
# measure, measureDistance, measureAngle
# remove
# zumenInfo, createLayer, setDispLayer, setAllDispLayer, oneLayerDisp, changeLayerName
# setSymbol, manageSymbol
# undo
# copyScreen, saveScreen, screenCapture, print
# cancel, close
# back, save, saveAs, open, gridSize
# 
"Key","Command"
"A","createLine"
"Q","createText"
"S","save"
"Z","undo"
