﻿# ショートカットキーの設定ファイル
# Command
# createPoint, createLine, createRect, createPolyline, createPolygon, createHVLine
# createArc, createCircle, createTangentCircle, createEllipse, createText
# createArrow, createLabel, createSymbol
# createLocDimension, createDimension, createAngleDimension
# createDiameterDimension, createRadiusDimension
# translate, rotate, mirror, scale, trim, divide, stretch, offset, symbolAssemble
# disassemble, changeText, changeRadius, changeProperty, changeProperties
# copyTranslate, copyRotate, copyMirror, copyScale, copyTrim, copyOffset
# copyEntity, pasteEntity, copyScreen, saveScreen
# info, infoData, zumenComment
# measure, measureDistance, measureAngle
# remove
# zumenInfo, createLayer, setDispLayer, setAllDispLayer, oneLayerDisp
# setSymbol, manageSymbol
# undo, print, cancel, close
# back, save, saveAs, open, gridSize
# 
"Key","Command"
"A","createLine"
"E","changeText"
"Q","createText"
"L","setDispLayer"
"S","save"
"X","remove"
"Z","undo"
