﻿"Property"
"Prperty","Color","Black","PointType","1","PointSize","3","LineType","0","Thickness","1","TextSize","12","TextRotate","0","LinePitchRate","1.2","HA","Left","VA","Top","ArrowSize","6","ArrowAngle","0.5235987755982988","GridSize","1","DispLaerBit","63","CreateLayer","BaseLayer","OneLayerDisp","False","FontFamily","Yu Gothic UI","FontStyle","Normal","FontWeight","Normal","SymbolCategoryIindex","0","BackColor","White"
"Comment"
"Comment","Comment",""
"Parts","Black","1","0","寸法線","False"
"name","寸法線","line","51.75","41","83.25","41","line","45.75","0","83.25","0","line","81","41","81","0","line","81","41","81.75","39.70096189432334","line","81","41","80.25","39.70096189432334","line","81","0","80.25","1.299038105676658","line","81","0","81.75","1.299038105676658","text","41","81","20.5","3","1.5707963267948966","Center","Bottom","textSize","3","textRotate","0","fontFamily","Yu Gothic UI","fontStyle","Normal","fontWeight","Normal","linePitchRate","1.2","arrowSize","1.5","arrowAngle","0.5235987755982988","refPoint","51","41","refPoint","45","0","refPoint","81","5"
"Parts","Black","1","0","寸法線","False"
"name","寸法線","line","6.000000000000001","33.75","6.000000000000002","48.25","line","76","33.75","76","48.25","line","6.000000000000001","46","76","46","line","6.000000000000001","46","7.299038105676659","46.75","line","6.000000000000001","46","7.299038105676659","45.25","line","76","46","74.70096189432334","45.25","line","76","46","74.70096189432334","46.75","text","70","41","46","3","0","Center","Bottom","textSize","3","textRotate","0","fontFamily","Yu Gothic UI","fontStyle","Normal","fontWeight","Normal","linePitchRate","1.2","arrowSize","1.5","arrowAngle","0.5235987755982988","refPoint","6.000000000000001","33","refPoint","76","33","refPoint","57","46"
"Parts","Black","1","0","寸法線","False"
"name","寸法線","line","76.75","65","83.25","65","line","66.75","108","83.25","108","line","81","65","81","108","line","81","65","80.25","66.29903810567666","line","81","65","81.75","66.29903810567666","line","81","108","81.75","106.70096189432334","line","81","108","80.25","106.70096189432334","text","43","81","86.5","3","1.5707963267948966","Center","Bottom","textSize","3","textRotate","0","fontFamily","Yu Gothic UI","fontStyle","Normal","fontWeight","Normal","linePitchRate","1.2","arrowSize","1.5","arrowAngle","0.5235987755982988","refPoint","76","65","refPoint","66","108","refPoint","81","98"
"Line","Black","1","2","中心線","False"
"0","24","82","24"
"Line","Black","1","2","中心線","False"
"41.00000000000001","47","41.00000000000001","6"
"Line","Black","1","2","中心線","False"
"41","112","41","60"
"Line","Black","1","0","BaseLayer","False"
"116","50","116","-20"
"Line","Black","1","0","BaseLayer","False"
"134","50","134","-19.999999999999996"
"Line","Black","1","0","BaseLayer","False"
"134","50","116","50"
"Line","Black","1","0","BaseLayer","False"
"134","-19.999999999999996","116","-20"
"Line","Black","1","0","BaseLayer","False"
"134","40","116","40"
"Line","Black","1","0","BaseLayer","False"
"134","-10.000000000000014","116","-10.000000000000014"
"Arc","Black","1","0","BaseLayer","False"
"FILL","False","AliceBlue","137","25","5","0","1.5707963267948966"
"Arc","Black","1","0","BaseLayer","False"
"FILL","False","AliceBlue","137","4.999999999999986","5","4.71238898038469","6.283185307179586"
"Line","Black","1","0","BaseLayer","False"
"142","25","140","24"
"Line","Black","1","0","BaseLayer","False"
"140","5.999999999999993","142","4.999999999999986"
"Line","Black","1","0","BaseLayer","False"
"140","24","140","5.999999999999993"
"Line","Black","1","0","BaseLayer","False"
"134","30","137","30"
"Line","Black","1","0","BaseLayer","False"
"134","0","137","0"
"Arc","Black","1","0","BaseLayer","False"
"FILL","False","AliceBlue","113","24.999999999999986","5","1.5707963267948966","3.1415926535897913"
"Arc","Black","1","0","BaseLayer","False"
"FILL","False","AliceBlue","113","4.999999999999986","5","3.141592653589793","4.71238898038469"
"Line","Black","1","0","BaseLayer","False"
"108","25","110","24"
"Line","Black","1","0","BaseLayer","False"
"110","5.999999999999993","108","4.999999999999986"
"Line","Black","1","0","BaseLayer","False"
"110","24","110","5.999999999999993"
"Line","Black","1","0","BaseLayer","False"
"116","30","113","30"
"Line","Black","1","0","BaseLayer","False"
"116","0","113","0"
"Arc","Black","1","0","BaseLayer","False"
"FILL","False","AliceBlue","125.57142857142856","15","19.57142857142856","2.6224228646638386","3.660762442515737"
"Arc","Black","1","0","BaseLayer","False"
"FILL","False","AliceBlue","103.33638717244145","18.882308815696113","2","1.3979357200077533","4.5395283735975465"
"Arc","Black","1","0","BaseLayer","False"
"FILL","False","AliceBlue","106.17596060903804","26.544921406184784","2","1.033885584054853","4.175478237644646"
"Line","Black","1","0","BaseLayer","False"
"107.1989283285734","28.263507175004207","108.62252180804205","27.416130103891902"
"Line","Black","1","0","BaseLayer","False"
"105.15299288950268","24.826335637365375","107.79650533032276","23.252816327353415"
"Line","Black","1","0","BaseLayer","False"
"103.68038921940189","20.852502357378512","106.71092236633854","20.323361649183227"
"Line","Black","1","0","BaseLayer","False"
"102.99238512548106","16.912115274013715","106.02291827241766","16.38297456581843"
"Arc","Black","1","0","BaseLayer","False"
"FILL","False","AliceBlue","106.17596060903804","3.4550785938152018","2","2.1077070695349405","5.2492997231247305"
"Line","Black","1","0","BaseLayer","False"
"107.1989283285734","1.7364928249957785","108.62252180804205","2.5838698961080837"
"Line","Black","1","0","BaseLayer","False"
"105.15299288950268","5.173664362634611","107.79650533032276","6.747183672646571"
"Arc","Black","1","0","BaseLayer","False"
"FILL","False","AliceBlue","103.33638717244145","11.117691184303865","2","1.7436569335820513","4.885249587171845"
"Line","Black","1","0","BaseLayer","False"
"103.68038921940189","9.147497642621467","106.71092236633854","9.676638350816752"
"Line","Black","1","0","BaseLayer","False"
"102.99238512548106","13.087884725986271","106.02291827241766","13.617025434181556"
"Arc","Black","1","0","BaseLayer","False"
"FILL","False","AliceBlue","125","-17","2","3.141592653589793","6.283185307179586"
"Arc","Black","1","0","BaseLayer","False"
"FILL","False","AliceBlue","125","-13","2","0","3.141592653589793"
"Line","Black","1","0","BaseLayer","False"
"123","-13","123","-17"
"Line","Black","1","0","BaseLayer","False"
"127","-13","127","-17"
"Arc","Black","1","0","BaseLayer","False"
"FILL","False","AliceBlue","125","46.999999999999986","2","0","3.141592653589793"
"Arc","Black","1","0","BaseLayer","False"
"FILL","False","AliceBlue","125","42.999999999999986","2","3.141592653589793","6.283185307179586"
"Line","Black","1","0","BaseLayer","False"
"123","42.999999999999986","123","46.999999999999986"
"Line","Black","1","0","BaseLayer","False"
"127","42.999999999999986","127","46.999999999999986"
"Line","Black","1","0","正面図","False"
"6.000000000000001","65.80000000000001","76","65.80000000000001"
"Line","Black","1","0","正面図","False"
"16.000000000000004","108","66","108"
"Line","Black","1","0","正面図","False"
"66","65","76","65"
"Line","Black","1","0","正面図","False"
"6.000000000000002","65","16","65"
"Line","Black","1","0","正面図","False"
"26","74.19999999999999","56.00000000000001","74.19999999999999"
"Line","Black","1","0","正面図","False"
"25.999999999999993","98.80000000000001","56","98.80000000000001"
"Line","Black","1","0","正面図","False"
"56","98.80000000000001","56","74.19999999999999"
"Line","Black","1","0","正面図","False"
"26","98.80000000000001","26.000000000000004","74.19999999999999"
"Line","Black","1","0","正面図","False"
"16.000000000000004","108","16.000000000000004","65"
"Line","Black","1","0","正面図","False"
"66","108","66","65.00000000000006"
"Line","Black","1","0","正面図","False"
"76","65","76","65.80000000000001"
"Line","Black","1","0","正面図","False"
"6.000000000000002","65","6.000000000000002","65.80000000000001"
"Line","Black","1","0","正面図","False"
"66","108","59","101"
"Line","Black","1","0","正面図","False"
"16.000000000000004","108","23.000000000000004","101"
"Line","Black","1","0","正面図","False"
"23.000000000000004","101","23.000000000000007","65.80000000000001"
"Line","Black","1","0","正面図","False"
"59","101","59","65.80000000000001"
"Line","Black","1","0","正面図","False"
"23.000000000000004","101","59","101"
"Line","Black","1","0","正面図","False"
"23.000000000000007","72.80000000000001","59","72.80000000000001"
"Line","Black","1","0","正面図","False"
"25.999999999999993","97.30000000000001","56","97.30000000000001"
"Line","Black","1","0","正面図","False"
"26","75.69999999999999","56.00000000000001","75.69999999999999"
"Line","Black","1","0","正面図","False"
"50.5449214061848","96.9","54.5449214061848","96.9"
"Line","Black","1","0","正面図","False"
"50.5449214061848","97.30000000000001","50.5449214061848","96.9"
"Line","Black","1","0","正面図","False"
"54.5449214061848","97.30000000000001","54.5449214061848","96.9"
"Line","Black","1","0","正面図","False"
"42.882308815696135","96.9","46.882308815696135","96.9"
"Line","Black","1","0","正面図","False"
"42.882308815696135","97.30000000000001","42.882308815696135","96.9"
"Line","Black","1","0","正面図","False"
"46.882308815696135","97.30000000000001","46.882308815696135","96.9"
"Line","Black","1","0","正面図","False"
"31.4550785938152","96.9","27.4550785938152","96.9"
"Line","Black","1","0","正面図","False"
"31.4550785938152","97.30000000000001","31.4550785938152","96.9"
"Line","Black","1","0","正面図","False"
"27.4550785938152","97.30000000000001","27.4550785938152","96.9"
"Line","Black","1","0","正面図","False"
"39.117691184303865","96.9","35.117691184303865","96.9"
"Line","Black","1","0","正面図","False"
"39.117691184303865","97.30000000000001","39.117691184303865","96.9"
"Line","Black","1","0","正面図","False"
"35.117691184303865","97.30000000000001","35.117691184303865","96.9"
"Line","Black","1","0","正面図","False"
"39","76.1","43","76.1"
"Line","Black","1","0","正面図","False"
"39","75.69999999999999","39","76.1"
"Line","Black","1","0","正面図","False"
"43","75.69999999999999","43","76.1"
"Line","Black","1","0","正面図","False"
"48.00000000000001","76.1","52.00000000000001","76.1"
"Line","Black","1","0","正面図","False"
"48.00000000000001","75.69999999999999","48.00000000000001","76.1"
"Line","Black","1","0","正面図","False"
"52.00000000000001","75.69999999999999","52.00000000000001","76.1"
"Line","Black","1","0","正面図","False"
"33.99999999999999","76.1","29.999999999999993","76.1"
"Line","Black","1","0","正面図","False"
"33.99999999999999","75.69999999999999","33.99999999999999","76.1"
"Line","Black","1","0","正面図","False"
"29.999999999999993","75.69999999999999","29.999999999999993","76.1"
"Text","Black","1","0","正面図","False"
"100V","46","78","2","0","Center","Center","1.2","Yu Gothic UI","Normal","Normal"
"Text","Black","1","0","正面図","False"
"0V","32","78","2","0","Center","Center","1.2","Yu Gothic UI","Normal","Normal"
"Text","Black","1","0","正面図","False"
"15V","29","95","2","0","Center","Center","1.2","Yu Gothic UI","Normal","Normal"
"Text","Black","1","0","正面図","False"
"20V","37","95","2","0","Center","Center","1.2","Yu Gothic UI","Normal","Normal"
"Text","Black","1","0","正面図","False"
"25V","45","95","2","0","Center","Center","1.2","Yu Gothic UI","Normal","Normal"
"Text","Black","1","0","正面図","False"
"30V","53","95","2","0","Center","Center","1.2","Yu Gothic UI","Normal","Normal"
"Text","Black","1","0","正面図","False"
"0.2A","42","91","2.5","0","Center","Center","1.2","Yu Gothic UI","Normal","Normal"
"Text","Black","1","0","正面図","False"
"HT3002","54","86","2.5","4.71238898038469","Center","Center","1.2","Yu Gothic UI","Normal","Normal"
"Text","Red","1","0","正面図","False"
"TOYODEN","41","84","3","0","Center","Center","1.2","Yu Gothic UI","Normal","Normal"
"Line","Black","1","0","平面図","False"
"6.000000000000001","15","76","15"
"Line","Black","1","0","平面図","False"
"6.000000000000002","33","76","33"
"Line","Black","1","0","平面図","False"
"6.000000000000002","33","6.000000000000001","15"
"Line","Black","1","0","平面図","False"
"76","33","76","15"
"Line","Black","1","0","平面図","False"
"16.000000000000007","33","16.000000000000007","15"
"Line","Black","1","0","平面図","False"
"66.00000000000001","33","66.00000000000001","15"
"Arc","Black","1","0","平面図","False"
"FILL","False","AliceBlue","31.000000000000004","36","5","1.5707963267948966","3.141592653589793"
"Arc","Black","1","0","平面図","False"
"FILL","False","AliceBlue","51.000000000000014","36","5","0","1.5707963267948966"
"Line","Black","1","0","平面図","False"
"31.000000000000004","41","32.00000000000001","39"
"Line","Black","1","0","平面図","False"
"50.00000000000001","39","51.000000000000014","41"
"Line","Black","1","0","平面図","False"
"32.00000000000001","39","50.00000000000001","39"
"Line","Black","1","0","平面図","False"
"26.000000000000004","33","26.000000000000004","36"
"Line","Black","1","0","平面図","False"
"56","33","56","36"
"Arc","Black","1","0","平面図","False"
"FILL","False","AliceBlue","31.00000000000001","12","5","3.141592653589793","4.712388980384688"
"Arc","Black","1","0","平面図","False"
"FILL","False","AliceBlue","51.000000000000014","12","5","4.71238898038469","6.283185307179586"
"Line","Black","1","0","平面図","False"
"31.000000000000004","7","32.00000000000001","9"
"Line","Black","1","0","平面図","False"
"50.00000000000001","9","51.000000000000014","7"
"Line","Black","1","0","平面図","False"
"32.00000000000001","9","50.00000000000001","9"
"Line","Black","1","0","平面図","False"
"26.000000000000004","15","26.000000000000004","12"
"Line","Black","1","0","平面図","False"
"56","15","56","12"
"Arc","Black","1","0","平面図","False"
"FILL","False","AliceBlue","41","24.571428571428555","19.57142857142856","4.193219191458735","5.231558769310634"
"Arc","Black","1","0","平面図","False"
"FILL","False","AliceBlue","37.11769118430389","2.336387172441448","2","2.96873204680265","6.110324700392443"
"Arc","Black","1","0","平面図","False"
"FILL","False","AliceBlue","29.455078593815212","5.175960609038043","2","2.6046819108497496","5.746274564439543"
"Line","Black","1","0","平面図","False"
"27.736492824995796","6.198928328573402","28.5838698961081","7.622521808042052"
"Line","Black","1","0","平面図","False"
"31.17366436263463","4.152992889502684","32.747183672646585","6.796505330322759"
"Line","Black","1","0","平面図","False"
"35.14749764262148","2.6803892194018886","35.676638350816766","5.7109223663385364"
"Line","Black","1","0","平面図","False"
"39.087884725986285","1.9923851254810643","39.61702543418157","5.022918272417655"
"Arc","Black","1","0","平面図","False"
"FILL","False","AliceBlue","52.5449214061848","5.175960609038043","2","3.678503396329837","6.820096049919627"
"Line","Black","1","0","平面図","False"
"54.26350717500422","6.198928328573402","53.416130103891916","7.622521808042052"
"Line","Black","1","0","平面図","False"
"50.82633563736539","4.152992889502684","49.25281632735343","6.796505330322759"
"Arc","Black","1","0","平面図","False"
"FILL","False","AliceBlue","44.882308815696135","2.336387172441448","2","3.314453260376948","6.456045913966742"
"Line","Black","1","0","平面図","False"
"46.85250235737853","2.6803892194018886","46.32336164918325","5.7109223663385364"
"Line","Black","1","0","平面図","False"
"42.91211527401373","1.9923851254810643","42.382974565818444","5.022918272417655"
"Arc","Black","1","0","平面図","False"
"FILL","False","AliceBlue","73","24","2","4.71238898038469","7.853981633974483"
"Arc","Black","1","0","平面図","False"
"FILL","False","AliceBlue","69","24","2","1.5707963267948966","4.71238898038469"
"Line","Black","1","0","平面図","False"
"69","22","73","22"
"Line","Black","1","0","平面図","False"
"69","26","73","26"
"Arc","Black","1","0","平面図","False"
"FILL","False","AliceBlue","9.000000000000014","24","2","1.5707963267948966","4.71238898038469"
"Arc","Black","1","0","平面図","False"
"FILL","False","AliceBlue","13.000000000000014","24","2","4.71238898038469","7.853981633974483"
"Line","Black","1","0","平面図","False"
"13.000000000000014","22","9.000000000000014","22"
"Line","Black","1","0","平面図","False"
"13.000000000000014","26","9.000000000000014","26"
"Line","Black","1","0","側面図","False"
"116","108","134","108"
"Line","Black","1","0","側面図","False"
"116","65.80000000000001","134","65.80000000000001"
"Line","Black","1","0","側面図","False"
"116","65","134","65"
"Line","Black","1","0","側面図","False"
"134","108","134","65"
"Line","Black","1","0","側面図","False"
"116","108","116","65"
"Line","Black","1","0","側面図","False"
"142","98.80000000000001","142","97.30000000000001"
"Line","Black","1","0","側面図","False"
"108","98.80000000000001","108","97.30000000000001"
"Line","Black","1","0","側面図","False"
"142","75.69999999999999","142","74.19999999999999"
"Line","Black","1","0","側面図","False"
"108","75.69999999999999","108","74.19999999999997"
"Line","Black","1","0","側面図","False"
"140","97.3","140","75.69999999999999"
"Polyline","Black","1","0","側面図","False"
"106","97.30000000000001","106","75.69999999999999"
"Line","Black","1","0","側面図","False"
"101","97.30000000000001","108","97.30000000000001"
"Line","Black","1","0","側面図","False"
"101","97.7","108","97.7"
"Line","Black","1","0","側面図","False"
"101","97.7","101","97.30000000000001"
"Line","Black","1","0","側面図","False"
"108","74.19999999999999","116","74.19999999999999"
"Line","Black","1","0","側面図","False"
"116","75.69999999999999","106","75.69999999999999"
"Line","Black","1","0","側面図","False"
"116","97.30000000000001","106","97.30000000000001"
"Line","Black","1","0","側面図","False"
"108","98.80000000000001","116","98.80000000000001"
"Line","Black","1","0","側面図","False"
"134","74.19999999999999","142","74.19999999999999"
"Line","Black","1","0","側面図","False"
"134","75.69999999999999","142","75.69999999999999"
"Line","Black","1","0","側面図","False"
"134","97.30000000000001","142","97.30000000000001"
"Line","Black","1","0","側面図","False"
"134","98.80000000000001","142","98.80000000000001"
"Line","Black","1","2","中心線","False"
"125","113","125","60"
"Line","Black","1","2","中心線","False"
"125","53","125","-23"
