﻿"Parts","Black","1","0","00.表紙","False"
"name","__A4枠","line","0","0","210","0","line","210","0","210","297","line","210","297","0","297","line","0","297","0","0","textSize","12","textRotate","0","fontFamily","","fontStyle","Normal","fontWeight","Normal","linePitchRate","1.2","arrowSize","6","arrowAngle","0.5235987755982988"
"Parts","Black","1","0","BaseLayer","False"
"name","__A5枠","line","0","0","148","0","line","148","0","148","210","line","148","210","0","210","line","0","210","0","0","textSize","12","textRotate","0","fontFamily","","fontStyle","Normal","fontWeight","Normal","linePitchRate","1.2","arrowSize","6","arrowAngle","0.5235987755982988"
"Parts","Black","1","0","BaseLayer","False"
"name","__A6枠","line","0","0","105","0","line","105","0","105","148","line","105","148","0","148","line","0","148","0","0","textSize","12","textRotate","0","fontFamily","","fontStyle","Normal","fontWeight","Normal","linePitchRate","1.2","arrowSize","6","arrowAngle","0.5235987755982988"
"Parts","Black","1","0","BaseLayer","False"
"name","__B4枠","line","0","0","257","0","line","257","0","257","364","line","257","364","0","364","line","0","364","0","0","textSize","12","textRotate","0","fontFamily","","fontStyle","Normal","fontWeight","Normal","linePitchRate","1.2","arrowSize","6","arrowAngle","0.5235987755982988"
"Parts","Black","1","0","BaseLayer","False"
"name","__B5枠","line","0","0","182","0","line","182","0","182","257","line","182","257","0","257","line","0","257","0","0","textSize","12","textRotate","0","fontFamily","","fontStyle","Normal","fontWeight","Normal","linePitchRate","1.2","arrowSize","6","arrowAngle","0.5235987755982988"
"Parts","Black","1","0","BaseLayer","False"
"name","__B6枠","line","0","0","128","0","line","128","0","128","182","line","128","182","0","182","line","0","182","0","0","textSize","12","textRotate","0","fontFamily","","fontStyle","Normal","fontWeight","Normal","linePitchRate","1.2","arrowSize","6","arrowAngle","0.5235987755982988"
"Parts","Black","1","0","BaseLayer","False"
"name","__B7枠","line","0","0","91","0","line","91","0","91","128","line","91","128","0","128","line","0","128","0","0","textSize","12","textRotate","0","fontFamily","","fontStyle","Normal","fontWeight","Normal","linePitchRate","1.2","arrowSize","6","arrowAngle","0.5235987755982988"
"Parts","Black","1","0","BaseLayer","False"
"name","__A7枠","line","0","0","74","0","line","74","0","74","105","line","74","105","0","105","line","0","105","0","0","textSize","12","textRotate","0","fontFamily","","fontStyle","Normal","fontWeight","Normal","linePitchRate","1.2","arrowSize","6","arrowAngle","0.5235987755982988"
"Parts","Black","1","0","BaseLayer","False"
"name","__はがき枠","line","0","0","100","0","line","100","0","100","148","line","100","148","0","148","line","0","148","0","0","textSize","12","textRotate","0","fontFamily","","fontStyle","Normal","fontWeight","Normal","linePitchRate","1.2","arrowSize","6","arrowAngle","0.5235987755982988"
"Parts","Black","1","0","キャビネット","False"
"name","__A4標準印刷枠","line","0","0","270","0","line","270","0","270","180","line","270","180","0","180","line","0","180","0","0","textSize","12","textRotate","0","fontFamily","","fontStyle","Normal","fontWeight","Normal","linePitchRate","1.2","arrowSize","6","arrowAngle","0.5235987755982988"
