﻿"Parts","Black","1","0","BaseLayer","False"
"name","__インダクタ","line","132.5612494995996","130","132.5612494995996","127","line","132.5612494995996","109","132.5612494995996","106","arc","132.5612494995996","113","4","4.71238898038469","8.749646427832348","arc","132.5612494995996","118","4","3.8167241865268253","8.749646427832348","arc","132.5612494995996","123","4","3.8167241865268253","7.853981633974483","textSize","12","textRotate","0","fontFamily","Yu Gothic UI","fontStyle","Normal","fontWeight","Normal","linePitchRate","1.2","arrowSize","6","arrowAngle","0.5235987755982988"
"Parts","Black","1","0","BaseLayer","False"
"name","__電源","line","108","53","112","53","line","110","55","110","51","line","108","40","112","40","line","110","56","110","60","line","110","38","110","34","arc","110","47","9.055385138137417","0","6.283185307179586","textSize","12","textRotate","0","fontFamily","Yu Gothic UI","fontStyle","Normal","fontWeight","Normal","linePitchRate","1.2","arrowSize","6","arrowAngle","0.5235987755982988"
"Parts","Black","1","0","BaseLayer","False"
"name","__コンデンサ","line","81","49","89","49","line","81","47","89","47","line","85","49","85","53","line","85","47","85","43","textSize","12","textRotate","0","fontFamily","Yu Gothic UI","fontStyle","Normal","fontWeight","Normal","linePitchRate","1.2","arrowSize","6","arrowAngle","0.5235987755982988"
"Parts","Black","1","0","BaseLayer","False"
"name","__アッテネータ","line","40","55","37","54","line","37","54","43","52","line","43","52","37","50","line","37","50","43","48","line","43","48","37","46","line","37","46","40","45","line","40","45","40","40","line","28","45","31","46","line","31","46","25","48","line","25","48","31","50","line","31","50","25","52","line","25","52","31","54","line","31","54","28","55","line","28","55","28","60","line","32","50","36","50","line","34","50","34","60","textSize","12","textRotate","0","fontFamily","Yu Gothic UI","fontStyle","Normal","fontWeight","Normal","linePitchRate","1.2","arrowSize","6","arrowAngle","0.5235987755982988"
"Parts","Black","1","0","BaseLayer","False"
"name","__プラス端子","line","19","60","21","60","line","20","61","20","59","arc","20","60","1.4142135623730951","0","6.283185307179586","textSize","12","textRotate","0","fontFamily","Yu Gothic UI","fontStyle","Normal","fontWeight","Normal","linePitchRate","1.2","arrowSize","6","arrowAngle","0.5235987755982988"
"Parts","Black","1","0","BaseLayer","False"
"name","__マイナス端子","line","19","50","21","50","arc","20","50","1.4142135623730951","0","6.283185307179586","textSize","12","textRotate","0","fontFamily","Yu Gothic UI","fontStyle","Normal","fontWeight","Normal","linePitchRate","1.2","arrowSize","6","arrowAngle","0.5235987755982988"
"Parts","Black","1","0","BaseLayer","False"
"name","__抵抗","line","60","220.5","66","218.5","line","66","218.5","60","216.5","line","60","216.5","66","214.5","line","66","214.5","60","212.5","line","60","212.5","63","211.5","line","66","222.5","60","220.5","line","66","222.5","63","223.5","line","63","211.5","63","206","line","63","223.5","63","228","textSize","12","textRotate","0","fontFamily","","fontStyle","Normal","fontWeight","Normal","linePitchRate","1.2","arrowSize","6","arrowAngle","0.5235987755982988"
"Parts","Black","1","0","BaseLayer","False"
"name","__アース","line","120","47","130","47","line","130","47","125","43","line","125","43","120","47","line","125","47","125","53","textSize","12","textRotate","0","fontFamily","Yu Gothic UI","fontStyle","Normal","fontWeight","Normal","linePitchRate","1.2","arrowSize","6","arrowAngle","0.5235987755982988"
"Parts","Black","1","0","BaseLayer","False"
"name","__ダイオード","line","138","50","148","50","line","148","50","143","44","line","143","44","138","50","line","138","44","148","44","line","143","44","143","41","line","143","50","143","53","textSize","12","textRotate","0","fontFamily","Yu Gothic UI","fontStyle","Normal","fontWeight","Normal","linePitchRate","1.2","arrowSize","6","arrowAngle","0.5235987755982988"
"Parts","Black","1","0","BaseLayer","False"
"name","__NPNトランジスタ","line","35","14","25.833333333333336","14","line","35","15.833333333333334","44.166666666666664","23.166666666666664","line","35","23.166666666666664","35","4.833333333333334","line","35","12.16666666666667","44.166666666666664","4.833333333333334","line","44.166666666666664","4.833333333333334","41.39479121575652","8.423139245167791","line","41.39479121575652","8.423139245167791","40.03157378088268","6.696397160994248","line","40.03157378088268","6.696397160994248","44.166666666666664","4.833333333333334","textSize","12","textRotate","0","fontFamily","Yu Gothic UI","fontStyle","Normal","fontWeight","Normal","linePitchRate","1.2","arrowSize","6","arrowAngle","0.5235987755982988"
"Parts","Black","1","0","BaseLayer","False"
"name","__PNPトランジスタ","line","56","14","46.94461486186258","14","line","56","15.811077027627483","65.05538513813741","23.055385138137417","line","56","23.055385138137417","56","4.944614861862583","line","65.05538513813741","4.944614861862583","56","12.188922972372517","line","56","12.188922972372517","58.73822542868433","8.642696597519038","line","58.73822542868433","8.642696597519038","60.08489367229957","10.348476372765024","line","60.08489367229957","10.348476372765024","56","12.188922972372517","textSize","12","textRotate","0","fontFamily","Yu Gothic UI","fontStyle","Normal","fontWeight","Normal","linePitchRate","1.2","arrowSize","6","arrowAngle","0.5235987755982988"
"Parts","Black","1","0","BaseLayer","False"
"name","__2Pスイッチ","line","89","18","77.94868329805051","14.316227766016837","line","73","14","76","14","line","91","14","94","14","arc","77","14","1","0","6.283185307179586","arc","90","14","1","0","6.283185307179586","textSize","12","textRotate","0","fontFamily","Yu Gothic UI","fontStyle","Normal","fontWeight","Normal","linePitchRate","1.2","arrowSize","6","arrowAngle","0.5235987755982988"
"Parts","Black","1","0","BaseLayer","False"
"name","__3Pスイッチ","line","100","14","103","14","line","118","10","121","10","line","105","14","117","14","line","118","18","121","18","arc","104","14","1","0","6.283185307179586","arc","117","10","1","0","6.283185307179586","arc","117","18","1","0","6.283185307179586","textSize","12","textRotate","0","fontFamily","Yu Gothic UI","fontStyle","Normal","fontWeight","Normal","linePitchRate","1.2","arrowSize","6","arrowAngle","0.5235987755982988"
"Parts","Black","1","0","BaseLayer","False"
"name","__6Pスイッチ","line","128","18","131","18","line","146","14","149","14","line","133","18","145","18","line","146","22","149","22","line","128","6","131","6","line","146","2","149","2","line","133","6","145","6","line","146","10","149","10","line","139","18","139","16","line","139","15","139","13","line","139","12","139","10","line","139","9","139","7","arc","132","18","1","0","6.283185307179586","arc","145","14","1","0","6.283185307179586","arc","145","22","1","0","6.283185307179586","arc","132","6","1","0","6.283185307179586","arc","145","2","1","0","6.283185307179586","arc","145","10","1","0","6.283185307179586","textSize","12","textRotate","0","fontFamily","Yu Gothic UI","fontStyle","Normal","fontWeight","Normal","linePitchRate","1.2","arrowSize","6","arrowAngle","0.5235987755982988"
"Parts","Black","1","0","BaseLayer","False"
"name","__RCAコネクタ","line","16","-10","20","-10","line","15","-12","15","-15","arc","15","-10","1","0","6.283185307179586","arc","15","-10","2","0","6.283185307179586","textSize","12","textRotate","0","fontFamily","Yu Gothic UI","fontStyle","Normal","fontWeight","Normal","linePitchRate","1.2","arrowSize","6","arrowAngle","0.5235987755982988"
"Parts","Black","1","0","BaseLayer","False"
"name","__DC IN","line","29","-9.5","33","-9.5","line","28","-14","28","-18","arc","28","-9.5","0.5","0","6.283185307179586","arc","28","-9.5","0.7071067811865476","0","6.283185307179586","arc","28","-9.5","1","0","6.283185307179586","arc","28","-13","0.5","0","6.283185307179586","arc","28","-13","0.7071067811865476","0","6.283185307179586","arc","28","-13","1","0","6.283185307179586","textSize","12","textRotate","0","fontFamily","Yu Gothic UI","fontStyle","Normal","fontWeight","Normal","linePitchRate","1.2","arrowSize","6","arrowAngle","0.5235987755982988"
"Parts","Black","1","0","BaseLayer","False"
"name","__端子","arc","40.5","-12","1","0","6.283185307179586","arc","40.5","-12","1.4142135623730951","0","6.283185307179586","arc","40.5","-12","2","0","6.283185307179586","textSize","12","textRotate","0","fontFamily","Yu Gothic UI","fontStyle","Normal","fontWeight","Normal","linePitchRate","1.2","arrowSize","6","arrowAngle","0.5235987755982988"
"Parts","Black","1","0","BaseLayer","False"
"name","__ボリューム","line","-12.5","52.5","-6.5","50.5","line","-6.5","50.5","-12.5","48.5","line","-12.5","48.5","-6.5","46.5","line","-6.5","46.5","-12.5","44.5","line","-12.5","44.5","-9.5","43.5","line","-9.5","43.5","-9.5","38.5","line","-6.5","54.5","-12.5","52.5","line","-6.5","54.5","-9.5","55.5","line","-9.5","55.5","-9.5","59.5","line","-6","50.5","2","50.5","line","-6","50.5","-3.5","51.5","line","-6","50.5","-3.5","49.5","textSize","12","textRotate","0","fontFamily","Yu Gothic UI","fontStyle","Normal","fontWeight","Normal","linePitchRate","1.2","arrowSize","6","arrowAngle","0.5235987755982988"
"Parts","Black","1","0","BaseLayer","False"
"name","__電解コンデンサ","line","-23.5","49.5","-23.5","45.5","line","-27.5","49.5","-19.5","49.5","line","-27.5","51.5","-19.5","51.5","line","-23.5","51.5","-23.5","55.5","line","-27","49.5","-25.5","51.5","line","-26","49.5","-24.5","51.5","line","-25","49.5","-23.5","51.5","line","-24","49.5","-22.5","51.5","line","-23","49.5","-21.5","51.5","line","-22","49.5","-20.5","51.5","line","-28","53","-26.5","53","line","-27.25","52.25","-27.25","53.75","line","-28","48","-26.5","48","textSize","12","textRotate","0","fontFamily","Yu Gothic UI","fontStyle","Normal","fontWeight","Normal","linePitchRate","1.2","arrowSize","6","arrowAngle","0.5235987755982988"
"Parts","Black","1","0","BaseLayer","False"
"name","__五極管","line","-37","16","-32.5","16","line","-49.5","16","-45","16","line","-38.5","16","-43.5","16","line","-47.5","9","-34.5","9","line","-34.5","9","-34.5","3","line","-41","8.5","-44.5","6","line","-41","8.5","-38","6","line","-44.5","6","-44.5","2","line","-38","2","-38","6","line","-49.5","12.5","-45","12.5","line","-38.5","12.5","-43.5","12.5","line","-37","12.5","-32.5","12.5","line","-49.5","19.5","-45","19.5","line","-38.5","19.5","-43.5","19.5","line","-37","19.5","-32.5","19.5","line","-46","23","-36","23","line","-41","23","-41","29.5","line","-32.5","19.5","-31","18","line","-31","18","-31","11","line","-31","11","-34.5","7.5","line","-34.5","7.5","-34.5","7.5","line","-31.5","19.5","-27.5","19.5","line","-31.5","16","-27.5","16","line","-50.5","12.5","-54","12.5","arc","-41","16","12.509996003196804","0","6.283185307179586","textSize","12","textRotate","0","fontFamily","Yu Gothic UI","fontStyle","Normal","fontWeight","Normal","linePitchRate","1.2","arrowSize","6","arrowAngle","0.5235987755982988"
"Parts","Black","1","0","BaseLayer","False"
"name","__三極管","line","-6.000000000000001","15","-1.5","15","line","-18.5","15","-14","15","line","-7.5","15","-12.5","15","line","-15","22.5","-5","22.5","line","-10","22.5","-10","28.5","line","-16.5","8","-3.5","8","line","-3.5","8","-3.5","2","line","-10","7.5","-13.5","5","line","-10","7.5","-7","5","line","-13.5","5","-13.5","1","line","-7","1","-7","5","arc","-10","15","12.509996003196804","0","6.283185307179586","textSize","12","textRotate","0","fontFamily","Yu Gothic UI","fontStyle","Normal","fontWeight","Normal","linePitchRate","1.2","arrowSize","6","arrowAngle","0.5235987755982988"
"Parts","Black","1","0","BaseLayer","False"
"name","__GND","line","140","53","140","47","line","135","47","145","47","line","135","46.5","145","46.5","line","138","46.5","135","42","line","140","46.5","137","42","line","142","46.5","139","42","line","144","46.5","141","42","textSize","12","textRotate","0","fontFamily","Yu Gothic UI","fontStyle","Normal","fontWeight","Normal","linePitchRate","1.2","arrowSize","6","arrowAngle","0.5235987755982988"
"Parts","Black","1","0","BaseLayer","False"
"name","__出力トランス","line","-22","-26","-19","-26","line","-19","-59","-22","-59","line","-0.8775010008007977","-42.5","2","-42.5","line","1.9999999999999973","-31","-4.000000000000003","-31.000000000000007","line","-3.9999999999999964","-54","2.0000000000000036","-54","line","-12.999999999999998","-60","-13","-23.5","line","-9.999999999999998","-60","-10","-23.5","arc","-19","-30","4","3.8167241865268253","7.853981633974483","arc","-19","-35","4","3.8167241865268253","8.749646427832348","arc","-19","-40","4","3.8167241865268253","8.749646427832348","arc","-3.9999999999999964","-45","4","0.6751315329370318","5.608053774242556","arc","-3.9999999999999964","-50","4","0.6751315329370344","4.71238898038469","arc","-3.9999999999999964","-40","4","0.6751315329370327","5.6080537742425545","arc","-19","-55","4","4.71238898038469","8.749646427832348","arc","-19","-50","4","3.8167241865268253","8.749646427832348","arc","-19","-45","4","3.8167241865268253","8.749646427832348","arc","-4.000000000000003","-35.00000000000001","4","1.5707963267948966","5.608053774242556","textSize","12","textRotate","0","fontFamily","Yu Gothic UI","fontStyle","Normal","fontWeight","Normal","linePitchRate","1.2","arrowSize","6","arrowAngle","0.5235987755982988"
"Parts","Black","1","0","BaseLayer","False"
"name","__電源トランス","line","-64","-35.5","-61","-35.5","line","-61","-68.5","-64","-68.5","line","-55","-20","-55","-89","line","-52","-20.000000000000007","-52","-89","line","-40","-65","-46","-65","line","-46","-88","-40","-88","line","-46","-58","-40","-58","line","-39.99999999999999","-20.000000000000004","-45.99999999999999","-20.00000000000001","arc","-61","-39.5","4","3.8167241865268253","7.853981633974483","arc","-61","-44.5","4","3.8167241865268253","8.749646427832348","arc","-61","-49.5","4","3.8167241865268253","8.749646427832348","arc","-61","-64.5","4","4.71238898038469","8.749646427832348","arc","-61","-59.5","4","3.8167241865268253","8.749646427832348","arc","-61","-54.5","4","3.8167241865268253","8.749646427832348","arc","-46","-39","4","0.6751315329370318","5.608053774242556","arc","-46","-34","4","0.6751315329370327","5.6080537742425545","arc","-46","-79","4","0.6751315329370318","5.608053774242556","arc","-46","-84","4","0.6751315329370344","4.71238898038469","arc","-46","-74","4","0.6751315329370327","5.6080537742425545","arc","-46","-69","4","1.5707963267948966","5.608053774242556","arc","-46","-54","4","0.6751315329370344","4.71238898038469","arc","-45.99999999999999","-49","4","0.6751315329370318","5.608053774242556","arc","-45.99999999999999","-44","4","0.6751315329370327","5.6080537742425545","arc","-45.99999999999999","-24.00000000000001","4","1.5707963267948966","5.608053774242556","arc","-46.00000000000001","-28.999999999999996","4","0.6751315329370327","5.6080537742425545","textSize","12","textRotate","0","fontFamily","Yu Gothic UI","fontStyle","Normal","fontWeight","Normal","linePitchRate","1.2","arrowSize","6","arrowAngle","0.5235987755982988"
"Parts","Black","1","0","BaseLayer","False"
"name","__接続点","arc","50","-12","1","0","6.283185307179586","arc","50","-12","0.5","0","6.283185307179586","arc","50","-12","0.7071067811865476","0","6.283185307179586","arc","50","-12","0.2895259468927665","0","6.283185307179586","textSize","12","textRotate","0","fontFamily","","fontStyle","Normal","fontWeight","Normal","linePitchRate","1.2","arrowSize","6","arrowAngle","0.5235987755982988"
"Parts","Black","1","0","BaseLayer","False"
"name","__ヒューズ","line","72.5","-16","75.5","-16","line","90.5","-16","93.5","-16","arc","76.5","-16","1","0","6.283185307179586","arc","89.5","-16","1","0","6.283185307179586","arc","79.75","-16.25","3.2596012026013246","0.07677189126977804","2.756818764608823","arc","86.25","-15.749999999999945","3.2596012026013246","3.218364544859573","5.8984114181986","textSize","12","textRotate","0","fontFamily","Yu Gothic UI","fontStyle","Normal","fontWeight","Normal","linePitchRate","1.2","arrowSize","6","arrowAngle","0.5235987755982988"
"Parts","Black","1","0","BaseLayer","False"
"name","__N MOS FET","line","33.5","-55","46.5","-55","line","46.5","-55","46.5","-54.5","line","46.5","-54.5","33.5","-54.5","line","33.5","-54.5","33.5","-55","line","33.5","-53.5","37","-53.5","line","37","-53.5","37","-53","line","37","-53","33.5","-53","line","33.5","-53","33.5","-53.5","line","38.5","-53.5","42","-53.5","line","42","-53.5","42","-53","line","42","-53","38.5","-53","line","38.5","-53","38.5","-53.5","line","43.5","-53.5","46.5","-53.5","line","46.5","-53.5","46.5","-53","line","46.5","-53","43.5","-53","line","43.5","-53","43.5","-53.5","line","41","-43.5","41","-46.5","line","41","-46.5","39","-45","line","39","-43.5","39","-46.5","line","45","-45","45","-53","line","35","-45","35","-53","line","40","-49","51.5","-49","line","35","-49","28.5","-49","line","40","-55","40","-61.5","line","40","-49","40","-53","line","40","-53","39.5","-52","line","40","-53","40.5","-52","line","41","-45","45","-45","line","39","-45","41","-43.5","line","39","-45","35","-45","arc","40","-50","10","0","6.283185307179586","textSize","12","textRotate","0","fontFamily","Yu Gothic UI","fontStyle","Normal","fontWeight","Normal","linePitchRate","1.2","arrowSize","6","arrowAngle","0.5235987755982988"
"Parts","Black","1","0","BaseLayer","False"
"name","__ブリッジ整流器","line","96.07106781186555","188.1801948466053","103.14213562373098","195.2512626584708","line","103.14213562373098","195.2512626584708","95.36396103067896","195.95836943965733","line","95.36396103067896","195.95836943965733","96.07106781186555","188.1801948466053","line","91.82842712474624","192.42283553372457","98.89949493661169","199.49390334559007","line","95.36396103067896","195.95836943965733","93.2426406871193","198.07968978321696","line","99.60660171779827","191.71572875253807","101.72792206135792","189.59440840897844","line","94.65685424949235","207.97918471982865","89","202.32233047033623","line","89","202.32233047033623","93.2426406871193","198.07968978321696","line","112.33452377915613","190.30151519016505","106.67766952966377","184.64466094067262","line","106.67766952966377","184.64466094067262","101.72792206135792","189.59440840897844","line","110.92031021678291","215.75735931288074","106.6776695296636","220","line","106.6776695296636","220","102.43502884254434","215.75735931288068","line","113.74873734152915","205.8578643762691","120.81980515339458","212.92893218813458","line","120.81980515339458","212.92893218813458","113.04163056034255","213.6360389693211","line","113.04163056034255","213.6360389693211","113.74873734152915","205.8578643762691","line","109.50609665440984","210.10050506338837","116.57716446627529","217.17157287525384","line","113.04163056034255","213.6360389693211","110.92031021678291","215.75735931288074","line","117.28427124746187","209.39339828220184","119.4055915910215","207.2720779386422","line","119.4055915910215","207.2720779386422","124.35533905932738","202.3223304703364","line","124.35533905932738","202.3223304703364","120.11269837220811","198.0796897832171","line","92.53553390593268","212.92893218813447","99.6066017177982","205.85786437626902","line","99.6066017177982","205.85786437626902","100.31370849898471","213.63603896932105","line","100.31370849898471","213.63603896932105","92.53553390593268","212.92893218813447","line","96.77817459305194","217.17157287525376","103.84924240491746","210.1005050633883","line","100.31370849898471","213.63603896932105","102.43502884254434","215.75735931288068","line","96.07106781186545","209.39339828220173","93.9497474683058","207.2720779386421","line","110.21320343559645","195.25126265847086","117.28427124746196","188.18019484660542","line","117.28427124746196","188.18019484660542","117.99137802864848","195.95836943965745","line","117.99137802864848","195.95836943965745","110.21320343559645","195.25126265847086","line","114.45584412271572","199.49390334559016","121.52691193458122","192.4228355337247","line","117.99137802864848","195.95836943965745","120.11269837220811","198.0796897832171","line","113.74873734152922","191.71572875253815","111.62741699796959","189.5944084089785","textSize","12","textRotate","0","fontFamily","Yu Gothic UI","fontStyle","Normal","fontWeight","Normal","linePitchRate","1.2","arrowSize","6","arrowAngle","0.5235987755982988"
"Parts","Black","1","0","BaseLayer","False"
"name","__電源トランス_2","line","27.061249499599597","172.5","21.061249499599597","172.5","line","21.061249499599597","149.5","27.061249499599597","149.5","line","27.061249499599597","199.5","21.061249499599597","199.5","line","21.061249499599597","176.5","27.061249499599597","176.5","line","27.061249499599597","227.5","21.061249499599597","227.5","line","21.061249499599597","204.5","27.061249499599597","204.5","line","12.061249499599601","148","12.061249499599597","230","line","15.061249499599601","148","15.061249499599597","230","line","3.0612494995995974","205","6.061249499599597","205","line","6.061249499599597","172","3.0612494995995974","172","arc","21.061249499599597","158.5","4","0.6751315329370318","5.608053774242556","arc","21.061249499599597","153.5","4","0.6751315329370344","4.71238898038469","arc","21.061249499599597","163.5","4","0.6751315329370327","5.6080537742425545","arc","21.061249499599597","168.5","4","1.5707963267948966","5.608053774242556","arc","21.061249499599597","185.5","4","0.6751315329370318","5.608053774242556","arc","21.061249499599597","180.5","4","0.6751315329370344","4.71238898038469","arc","21.061249499599597","190.5","4","0.6751315329370327","5.6080537742425545","arc","21.061249499599597","195.5","4","1.5707963267948966","5.608053774242556","arc","21.061249499599597","213.5","4","0.6751315329370318","5.608053774242556","arc","21.061249499599597","208.5","4","0.6751315329370344","4.71238898038469","arc","21.061249499599597","218.5","4","0.6751315329370327","5.6080537742425545","arc","21.061249499599597","223.5","4","1.5707963267948966","5.608053774242556","arc","6.061249499599597","201","4","3.8167241865268253","7.853981633974483","arc","6.061249499599597","196","4","3.8167241865268253","8.749646427832348","arc","6.061249499599597","191","4","3.8167241865268253","8.749646427832348","arc","6.061249499599597","176","4","4.71238898038469","8.749646427832348","arc","6.061249499599597","181","4","3.8167241865268253","8.749646427832348","arc","6.061249499599597","186","4","3.8167241865268253","8.749646427832348","textSize","12","textRotate","0","fontFamily","Yu Gothic UI","fontStyle","Normal","fontWeight","Normal","linePitchRate","1.2","arrowSize","6","arrowAngle","0.5235987755982988"
"Parts","Black","1","0","BaseLayer","False"
"name","__3端子レギュレータ","line","126","235","150","235","line","150","235","150","221","line","150","221","126","221","line","126","221","126","235","line","150","228","153","228","line","126","228","123","228","line","138","221","138","218","text","GND","139","226","4","0","Center","Top","text","IN","130","231","4","0","Center","Top","text","OUT","145","231","4","0","Center","Top","textSize","12","textRotate","0","fontFamily","Yu Gothic UI","fontStyle","Normal","fontWeight","Normal","linePitchRate","1.2","arrowSize","6","arrowAngle","0.5235987755982988"
"Parts","Black","1","0","部品","False"
"name","__電源トランス_3","line","21.061249499599597","-159.5","27.061249499599597","-159.5","line","27.061249499599604","-121.5","21.061249499599604","-121.50000000000001","line","3.0612494995995974","-124","6.061249499599597","-124","line","6.061249499599597","-157","3.0612494995995974","-157","line","12.061249499599597","-120","12.0612494995996","-161","line","15.061249499599597","-120","15.0612494995996","-161","arc","21.061249499599597","-140.5","4","0.6751315329370318","5.608053774242556","arc","21.061249499599597","-135.5","4","0.6751315329370327","5.6080537742425545","arc","21.061249499599597","-155.5","4","0.6751315329370344","4.71238898038469","arc","21.061249499599604","-150.5","4","0.6751315329370318","5.608053774242556","arc","21.061249499599604","-145.5","4","0.6751315329370327","5.6080537742425545","arc","21.061249499599604","-125.50000000000001","4","1.5707963267948966","5.608053774242556","arc","21.06124949959959","-130.5","4","0.6751315329370327","5.6080537742425545","arc","6.061249499599597","-128","4","3.8167241865268253","7.853981633974483","arc","6.061249499599597","-133","4","3.8167241865268253","8.749646427832348","arc","6.061249499599597","-138","4","3.8167241865268253","8.749646427832348","arc","6.061249499599597","-153","4","4.71238898038469","8.749646427832348","arc","6.061249499599597","-148","4","3.8167241865268253","8.749646427832348","arc","6.061249499599597","-143","4","3.8167241865268253","8.749646427832348","textSize","12","textRotate","0","fontFamily","Yu Gothic UI","fontStyle","Normal","fontWeight","Normal","linePitchRate","1.2","arrowSize","6","arrowAngle","0.5235987755982988"
"Parts","Black","1","0","BaseLayer","False"
"name","__P MOS FET","line","74","-55.5","87","-55.5","line","87","-55.5","87","-55","line","87","-55","74","-55","line","74","-55","74","-55.5","line","74","-54","77.5","-54","line","77.5","-54","77.5","-53.5","line","77.5","-53.5","74","-53.5","line","74","-53.5","74","-54","line","79","-54","82.5","-54","line","82.5","-54","82.5","-53.5","line","82.5","-53.5","79","-53.5","line","79","-53.5","79","-54","line","84","-54","87","-54","line","87","-54","87","-53.5","line","87","-53.5","84","-53.5","line","84","-53.5","84","-54","line","81.5","-44","81.5","-47","line","79.5","-44","79.5","-47","line","85.5","-45.5","85.5","-53.5","line","75.5","-45.5","75.5","-53.5","line","80.5","-49.5","92","-49.5","line","75.5","-49.5","69","-49.5","line","80.5","-55.5","80.5","-62","line","80.5","-49.5","80.5","-53.5","line","81.5","-45.5","85.5","-45.5","line","79.5","-45.5","75.5","-45.5","line","80.5","-49.5","80","-50.5","line","80.5","-49.5","81","-50.5","line","79.5","-47","81.5","-45.5","line","81.5","-45.5","79.5","-44","arc","80.5","-50.5","10","0","6.283185307179586","textSize","12","textRotate","0","fontFamily","Yu Gothic UI","fontStyle","Normal","fontWeight","Normal","linePitchRate","1.2","arrowSize","6","arrowAngle","0.5235987755982988"
"Parts","Black","1","0","BaseLayer","False"
"name","__LED","line","115","-49.5","115","-52.5","line","115","-43.5","115","-40","line","111.5","-43.5","118.5","-43.5","line","118.5","-43.5","115","-49.5","line","115","-49.5","111.5","-43.5","line","111.5","-49.5","118","-49.5","line","123","-44.5","120.5","-46","line","123","-44.5","122.2719558307219","-45.81146928579366","line","123","-44.5","121.5002121975806","-44.52522989722485","line","118","-46","120.5","-44.5","line","120.5","-44.5","120.5","-46","line","118","-48","120.5","-46.5","line","120.5","-46.5","120.5","-48","line","123","-46.5","120.5","-48","line","123","-46.5","122.2719558307219","-47.81146928579366","line","123","-46.5","121.5002121975806","-46.52522989722485","textSize","12","textRotate","0","fontFamily","","fontStyle","Normal","fontWeight","Normal","linePitchRate","1.2","arrowSize","6","arrowAngle","0.5235987755982988"
"Parts","Black","1","0","BaseLayer","False"
"name","__電池","line","130","-40","140","-40","line","132","-41.5","138","-41.5","line","138","-41.5","138","-43","line","138","-43","132","-43","line","132","-43","132","-41.5","line","130","-44.5","140","-44.5","line","132","-46","138","-46","line","138","-46","138","-47.5","line","138","-47.5","132","-47.5","line","132","-47.5","132","-46","line","135","-40","135","-37","line","135","-47.5","135","-50","textSize","12","textRotate","0","fontFamily","","fontStyle","Normal","fontWeight","Normal","linePitchRate","1.2","arrowSize","6","arrowAngle","0.5235987755982988"
"Parts","Black","1","0","BaseLayer","False"
"name","__オペアンプ","line","85","185","85","215","line","85","215","115","200","line","115","200","85","185","line","115","200","120","200","line","100","192.5","100","185","line","100","207.5","100","215","line","85","206","80","206","line","85","194","80","194","text","+","87.5","202.5","5","0","Center","Bottom","text","-","87","189.5","5","0","Center","Bottom","textSize","12","textRotate","0","fontFamily","","fontStyle","Normal","fontWeight","Normal","linePitchRate","1.2","arrowSize","6","arrowAngle","0.5235987755982988"
"Parts","Black","1","0","BaseLayer","False"
"name","__スピーカ","line","221.8","172.20000000000002","226.20000000000002","172.20000000000002","line","226.20000000000002","172.20000000000002","226.20000000000002","163.60000000000002","line","226.20000000000002","163.60000000000002","221.8","163.60000000000002","line","221.8","163.60000000000002","221.8","172.20000000000002","line","226.20000000000002","172.20000000000002","230","177.8","line","230","177.8","230","158.00000000000003","line","230","158.00000000000003","226.20000000000002","163.60000000000002","textSize","12","textRotate","0","fontFamily","","fontStyle","Normal","fontWeight","Normal","linePitchRate","1.2","arrowSize","6","arrowAngle","0.5235987755982988"
"Parts","Black","1","0","BaseLayer","False"
"name","__端子1","arc","60","-12.5","1.5","0","6.283185307179586","textSize","12","textRotate","0","fontFamily","","fontStyle","Normal","fontWeight","Normal","linePitchRate","1.2","arrowSize","6","arrowAngle","0.5235987755982988"
"Parts","Black","1","0","SW ONでLED ON","False"
"name","__CdS","line","28.75","-78.75","28.75","-90","line","21.25","-78.75","21.25","-90","line","22","-81.5","28","-83.5","line","28","-83.5","22","-85.5","line","22","-85.5","28","-87.5","line","28","-87.5","22","-89.5","line","22","-89.5","25","-90.5","line","28","-79.5","22","-81.5","line","28","-79.5","25","-78.5","line","25","-90.5","25","-95","line","25","-78.5","25","-73.75","arc","25","-78.75","3.75","0","3.141592653589793","arc","25","-90","3.75","3.141592653589793","6.283185307179586","textSize","12","textRotate","0","fontFamily","","fontStyle","Normal","fontWeight","Normal","linePitchRate","1.2","arrowSize","6","arrowAngle","0.5235987755982988"
"Parts","Black","1","0","BaseLayer","False"
"name","__電圧計","line","137","41","143","41","arc","140","45","6.4031242374328485","0","6.283185307179586","text","V","140.66500000000002","45.335","10","0","Center","Center","textSize","12","textRotate","0","fontFamily","","fontStyle","Normal","fontWeight","Normal","linePitchRate","1.2","arrowSize","6","arrowAngle","0.5235987755982988"
"Parts","Black","1","0","BaseLayer","False"
"name","__電源トランス_1","line","-17.938750500400403","116.5","-23.938750500400403","116.5","line","-23.938750500400403","93.5","-17.938750500400403","93.5","line","-23.938750500400403","123.5","-17.938750500400403","123.5","line","-17.938750500400403","146.5","-23.938750500400403","146.5","line","-29.938750500400403","150","-29.9387505004004","91","line","-32.9387505004004","150","-32.938750500400396","91","line","-41.9387505004004","136","-38.9387505004004","136","line","-38.9387505004004","103","-41.9387505004004","103","arc","-23.938750500400403","102.5","4","0.6751315329370318","5.608053774242556","arc","-23.938750500400403","97.5","4","0.6751315329370344","4.71238898038469","arc","-23.938750500400403","107.5","4","0.6751315329370327","5.6080537742425545","arc","-23.938750500400403","112.5","4","1.5707963267948966","5.608053774242556","arc","-23.938750500400403","127.5","4","0.6751315329370344","4.71238898038469","arc","-23.938750500400396","132.5","4","0.6751315329370318","5.608053774242556","arc","-23.938750500400396","137.5","4","0.6751315329370327","5.6080537742425545","arc","-23.938750500400403","142.5","4","1.5707963267948966","5.608053774242556","arc","-38.9387505004004","132","4","3.8167241865268253","7.853981633974483","arc","-38.9387505004004","127","4","3.8167241865268253","8.749646427832348","arc","-38.9387505004004","122","4","3.8167241865268253","8.749646427832348","arc","-38.9387505004004","107","4","4.71238898038469","8.749646427832348","arc","-38.9387505004004","112","4","3.8167241865268253","8.749646427832348","arc","-38.9387505004004","117","4","3.8167241865268253","8.749646427832348","textSize","12","textRotate","0","fontFamily","","fontStyle","Normal","fontWeight","Normal","linePitchRate","1.2","arrowSize","6","arrowAngle","0.5235987755982988"
