﻿"Property"
"Prperty","Color","Black","PointType","0","PointSize","1","LineType","0","Thickness","1","TextSize","5","TextRotate","0","LinePitchRate","1.2","HA","Center","VA","Top","ArrowSize","2.5","ArrowAngle","0.5235987755982988","GridSize","0.5","DispLaerBit","4294967295","CreateLayer","BaseLayer","OneLayerDisp","False","FontFamily","Yu Gothic UI","FontStyle","Normal","FontWeight","Normal","SymbolCategoryIindex","0"
"Comment"
"Comment","Comment",""
"Arc","Black","1","0","BaseLayer","False"
"FILL","False","AliceBlue","70","83","4","4.71238898038469","8.749646427832348"
"Arc","Black","1","0","BaseLayer","False"
"FILL","False","AliceBlue","70","88","4","3.8167241865268253","8.749646427832348"
"Arc","Black","1","0","BaseLayer","False"
"FILL","False","AliceBlue","70","93","4","3.8167241865268253","7.853981633974483"
"Line","Black","1","0","BaseLayer","False"
"70","100","70","97"
"Line","Black","1","0","BaseLayer","False"
"70","79","70","76"
"Line","Black","1","0","BaseLayer","False"
"81","89","89","89"
"Line","Black","1","0","BaseLayer","False"
"81","87","89","87"
"Line","Black","1","0","BaseLayer","False"
"85","89","85","93"
"Line","Black","1","0","BaseLayer","False"
"85","87","85","83"
"Parts","Black","1","0","BaseLayer","False"
"name","__インダクタ","line","70","60","70","57","line","70","39","70","36","arc","70","43","4","4.71238898038469","8.749646427832348","arc","70","48","4","3.8167241865268253","8.749646427832348","arc","70","53","4","3.8167241865268253","7.853981633974483","textSize","12","textRotate","0","fontFamily","Yu Gothic UI","fontStyle","Normal","fontWeight","Normal","linePitchRate","1.2","arrowSize","6","arrowAngle","0.5235987755982988"
"Parts","Black","1","0","BaseLayer","False"
"name","__コンデンサ","line","81","49","89","49","line","81","47","89","47","line","85","49","85","53","line","85","47","85","43","textSize","12","textRotate","0","fontFamily","Yu Gothic UI","fontStyle","Normal","fontWeight","Normal","linePitchRate","1.2","arrowSize","6","arrowAngle","0.5235987755982988"
"Line","Black","1","0","BaseLayer","False"
"55","100","55","96"
"Line","Black","1","0","BaseLayer","False"
"55","96","59","94"
"Line","Black","1","0","BaseLayer","False"
"59","94","51","90"
"Line","Black","1","0","BaseLayer","False"
"51","90","59","86"
"Line","Black","1","0","BaseLayer","False"
"59","86","51","82"
"Line","Black","1","0","BaseLayer","False"
"51","82","55","80"
"Line","Black","1","0","BaseLayer","False"
"55","80","55","76"
"Parts","Black","1","0","BaseLayer","False"
"name","__抵抗","line","55","60","55","56","line","55","56","59","54","line","59","54","51","50","line","51","50","59","46","line","59","46","51","42","line","51","42","55","40","line","55","40","55","36","textSize","12","textRotate","0","fontFamily","Yu Gothic UI","fontStyle","Normal","fontWeight","Normal","linePitchRate","1.2","arrowSize","6","arrowAngle","0.5235987755982988"
"Parts","Black","1","0","BaseLayer","False"
"name","矢印","line","112.6233941852603","87.79716024340772","103.40635564570653","89.35496957403652","line","112.6233941852603","87.79716024340772","111.21753386505299","87.27413370482044","line","112.6233941852603","87.79716024340772","111.46750975588662","88.75315772558614","textSize","12","textRotate","0","fontFamily","Yu Gothic UI","fontStyle","Normal","fontWeight","Normal","linePitchRate","1.2","arrowSize","1.5","arrowAngle","0.5235987755982988"
"Parts","Black","1","0","BaseLayer","False"
"name","矢印","line","110.93576741041242","80.13793103448276","102.49763353617307","88.96551724137932","line","110.93576741041242","80.13793103448276","109.49600192945928","80.55873426623815","line","110.93576741041242","80.13793103448276","110.5803109586306","81.59520613235779","textSize","12","textRotate","0","fontFamily","Yu Gothic UI","fontStyle","Normal","fontWeight","Normal","linePitchRate","1.2","arrowSize","1.5","arrowAngle","0.5235987755982988"
"Parts","Black","1","0","BaseLayer","False"
"name","矢印","line","109.11832319134548","77.41176470588235","103.1467207572684","82.99391480730223","line","109.11832319134548","77.41176470588235","107.65717795139061","77.75096168074683","line","109.11832319134548","77.41176470588235","108.68150376848752","78.84675208973422","textSize","12","textRotate","0","fontFamily","Yu Gothic UI","fontStyle","Normal","fontWeight","Normal","linePitchRate","1.2","arrowSize","1.5","arrowAngle","0.5235987755982988"
"Line","Blue","1","0","BaseLayer","False"
"110","79","110","76"
"Arc","Blue","1","0","BaseLayer","False"
"FILL","False","AliceBlue","110","83","4","4.71238898038469","8.749646427832348"
"Arc","Blue","1","0","BaseLayer","False"
"FILL","False","AliceBlue","110","88","4","3.8167241865268253","8.749646427832348"
"Arc","Blue","1","0","BaseLayer","False"
"FILL","False","AliceBlue","110","93","4","3.8167241865268253","7.853981633974483"
"Line","Blue","1","0","BaseLayer","False"
"110","100","110","97"
"Polygon","Black","1","1","BaseLayer","False"
"FILL","False","AliceBlue","105.4834347532116","102.20689655172414","115.7390128465179","102.20689655172414","115.7390128465179","72.73833671399595","105.4834347532116","72.73833671399595"
"Parts","Black","1","0","BaseLayer","False"
"name","__コイル","line","130","79","130","76","line","130","100","130","97","arc","130","83","4","4.71238898038469","8.749646427832348","arc","130","88","4","3.8167241865268253","8.749646427832348","arc","130","93","4","3.8167241865268253","7.853981633974483","textSize","12","textRotate","0","fontFamily","Yu Gothic UI","fontStyle","Normal","fontWeight","Normal","linePitchRate","1.2","arrowSize","6","arrowAngle","0.5235987755982988"
"Polygon","Black","1","0","BaseLayer","False"
"FILL","False","AliceBlue","125","87","122","84","122","85","120","85","120","89","122","89","122","90"
"Text","Black","1","0","BaseLayer","False"
"シンボル変換","117","83","2","0","Left","Top","1.2","","Normal","Normal"
"Parts","Black","1","0","BaseLayer","False"
"name","ラベル","line","109.24814063556455","97.79310344827586","103.01690331304934","83.64300202839758","line","103.01690331304934","83.64300202839758","100.01690331304934","83.64300202839758","line","109.24814063556455","97.79310344827586","109.41099572395038","96.3019702482609","line","109.24814063556455","97.79310344827586","108.03820894811813","96.9065002045907","text","線分","100.01690331304934","83.64300202839758","2","0","Right","Center","textSize","2","textRotate","0","fontFamily","Yu Gothic UI","fontStyle","Normal","fontWeight","Normal","linePitchRate","1.2","arrowSize","1.5","arrowAngle","0.5235987755982988"
"Parts","Black","1","0","BaseLayer","False"
"name","ラベル","line","111.71467207572682","95.32657200811359","103.01690331304934","90.26369168356999","line","103.01690331304934","90.26369168356999","100.01690331304934","90.26369168356999","line","111.71467207572682","95.32657200811359","110.96928469084285","94.02488170452527","line","111.71467207572682","95.32657200811359","110.21468151251749","95.32125126728938","text","円弧","100.01690331304934","90.26369168356999","2","0","Right","Center","textSize","2","textRotate","0","fontFamily","Yu Gothic UI","fontStyle","Normal","fontWeight","Normal","linePitchRate","1.2","arrowSize","1.5","arrowAngle","0.5235987755982988"
"Parts","Black","1","0","BaseLayer","False"
"name","ラベル","line","128.73782585831253","92.50845165652473","127.20525880850411","95.03267973856214","line","127.20525880850411","95.03267973856214","125.20525880850411","95.03267973856214","line","128.73782585831253","92.50845165652473","127.86098385243965","92.98923029242364","line","128.73782585831253","92.50845165652473","128.71577136766138","93.5082084266654","text","シンボル","125.20525880850411","95.03267973856214","2","0","Right","Center","textSize","2","textRotate","0","fontFamily","Yu Gothic UI","fontStyle","Normal","fontWeight","Normal","linePitchRate","1.2","arrowSize","1","arrowAngle","0.5235987755982988"
"Parts","Black","1","0","BaseLayer","False"
"name","__アッテネータ","line","40","55","37","54","line","37","54","43","52","line","43","52","37","50","line","37","50","43","48","line","43","48","37","46","line","37","46","40","45","line","40","45","40","40","line","28","45","31","46","line","31","46","25","48","line","25","48","31","50","line","31","50","25","52","line","25","52","31","54","line","31","54","28","55","line","28","55","28","60","line","32","50","36","50","line","34","50","34","60","textSize","12","textRotate","0","fontFamily","Yu Gothic UI","fontStyle","Normal","fontWeight","Normal","linePitchRate","1.2","arrowSize","6","arrowAngle","0.5235987755982988"
"Parts","Black","1","0","BaseLayer","False"
"name","__電源","line","102","53","106","53","line","104","55","104","51","line","102","40","106","40","line","104","56","104","60","line","104","38","104","34","arc","104","47","9.055385138137417","0","6.283185307179586","textSize","12","textRotate","0","fontFamily","Yu Gothic UI","fontStyle","Normal","fontWeight","Normal","linePitchRate","1.2","arrowSize","6","arrowAngle","0.5235987755982988"
"Parts","Black","1","0","BaseLayer","False"
"name","__マイナス端子","line","14","46","16","46","arc","15","46","1.4142135623730951","0","6.283185307179586","textSize","12","textRotate","0","fontFamily","Yu Gothic UI","fontStyle","Normal","fontWeight","Normal","linePitchRate","1.2","arrowSize","6","arrowAngle","0.5235987755982988"
"Parts","Black","1","0","BaseLayer","False"
"name","__プラス端子","line","14","56","16","56","line","15","57","15","55","arc","15","56","1.4142135623730951","0","6.283185307179586","textSize","12","textRotate","0","fontFamily","Yu Gothic UI","fontStyle","Normal","fontWeight","Normal","linePitchRate","1.2","arrowSize","6","arrowAngle","0.5235987755982988"
"Text","Black","1","0","BaseLayer","False"
"プラス端子","15.1995","53","3","0","Center","Top","1.2","","Normal","Normal"
"Text","Black","1","0","BaseLayer","False"
"マイナス端子","15.1995","43","3","0","Center","Top","1.2","","Normal","Normal"
"Text","Black","1","0","BaseLayer","False"
"アッテネータ","34","40","3","0","Center","Top","1.2","","Normal","Normal"
"Text","Black","1","0","BaseLayer","False"
"抵抗","55","35","3","0","Center","Top","1.2","","Normal","Normal"
"Text","Black","1","0","BaseLayer","False"
"インダクタ","70","35","3","0","Center","Top","1.2","","Normal","Normal"
"Text","Black","1","0","BaseLayer","False"
"コンデンサ","85","40","3","0","Center","Top","1.2","","Normal","Normal"
"Text","Black","1","0","BaseLayer","False"
"電源","104","33","3","0","Center","Top","1.2","","Normal","Normal"
"Text","Black","1","0","BaseLayer","False"
"アース","125","40","3","0","Center","Top","1.2","","Normal","Normal"
"Parts","Black","1","0","BaseLayer","False"
"name","__アース","line","120","47","130","47","line","130","47","125","43","line","125","43","120","47","line","125","47","125","53","textSize","12","textRotate","0","fontFamily","Yu Gothic UI","fontStyle","Normal","fontWeight","Normal","linePitchRate","1.2","arrowSize","6","arrowAngle","0.5235987755982988"
"Text","Black","1","0","BaseLayer","False"
"ダイオード","15","6","3","0","Center","Top","1.2","","Normal","Normal"
"Parts","Black","1","0","BaseLayer","False"
"name","__ダイオード","line","10","16","20","16","line","20","16","15","10","line","15","10","10","16","line","10","10","20","10","line","15","10","15","7","line","15","16","15","19","textSize","12","textRotate","0","fontFamily","Yu Gothic UI","fontStyle","Normal","fontWeight","Normal","linePitchRate","1.2","arrowSize","6","arrowAngle","0.5235987755982988"
"Line","Black","1","0","BaseLayer","False"
"16","87","11","87"
"Line","Black","1","0","BaseLayer","False"
"37","87","32","87"
"Line","Black","1","0","BaseLayer","False"
"16","88","21","92"
"Line","Black","1","0","BaseLayer","False"
"16","92","16","82"
"Line","Black","1","0","BaseLayer","False"
"37","88","42","92"
"Line","Black","1","0","BaseLayer","False"
"37","92","37","82"
"Polyline","Black","1","0","BaseLayer","False"
"42","82","37","86","38.51193206413281","84.0419240480903","39.25550521042763","84.9837833667304","37","86"
"Polyline","Black","1","0","BaseLayer","False"
"16","86","21","82","19.488067935867193","83.9580759519097","18.74449478957237","83.0162166332696","21","82"
"Polyline","Black","1","0","BaseLayer","False"
"-6","92","4.799999999999997","92","2.3999999999999986","92.6","2.3999999999999986","91.4","4.799999999999997","92"
"Polyline","Black","1","0","BaseLayer","False"
"4.276733867760996","78.30784168334658","-4.200000000000003","85","-2.6880679358671955","83.0419240480903","-1.9444947895723743","83.9837833667304","-4.200000000000003","85"
"Parts","Black","1","0","BaseLayer","False"
"name","__NPNトランジスタ","line","35","14","25.833333333333336","14","line","35","15.833333333333334","44.166666666666664","23.166666666666664","line","35","23.166666666666664","35","4.833333333333334","line","35","12.16666666666667","44.166666666666664","4.833333333333334","line","44.166666666666664","4.833333333333334","41.39479121575652","8.423139245167791","line","41.39479121575652","8.423139245167791","40.03157378088268","6.696397160994248","line","40.03157378088268","6.696397160994248","44.166666666666664","4.833333333333334","textSize","12","textRotate","0","fontFamily","Yu Gothic UI","fontStyle","Normal","fontWeight","Normal","linePitchRate","1.2","arrowSize","6","arrowAngle","0.5235987755982988"
"Text","Black","1","0","BaseLayer","False"
"NPNトランジスタ","34","2","3","0","Center","Top","1.2","","Normal","Normal"
"Text","Black","1","0","BaseLayer","False"
"PNPトランジスタ","55","2","3","0","Center","Top","1.2","","Normal","Normal"
"Parts","Black","1","0","BaseLayer","False"
"name","__PNPトランジスタ","line","56","14","46.94461486186258","14","line","56","15.811077027627483","65.05538513813741","23.055385138137417","line","56","23.055385138137417","56","4.944614861862583","line","65.05538513813741","4.944614861862583","56","12.188922972372517","line","56","12.188922972372517","58.73822542868433","8.642696597519038","line","58.73822542868433","8.642696597519038","60.08489367229957","10.348476372765024","line","60.08489367229957","10.348476372765024","56","12.188922972372517","textSize","12","textRotate","0","fontFamily","Yu Gothic UI","fontStyle","Normal","fontWeight","Normal","linePitchRate","1.2","arrowSize","6","arrowAngle","0.5235987755982988"
"Parts","Black","1","0","BaseLayer","False"
"name","__6Pスイッチ","line","128","18","131","18","line","146","14","149","14","line","133","18","145","18","line","146","22","149","22","line","128","6","131","6","line","146","2","149","2","line","133","6","145","6","line","146","10","149","10","line","139","18","139","16","line","139","15","139","13","line","139","12","139","10","line","139","9","139","7","arc","132","18","1","0","6.283185307179586","arc","145","14","1","0","6.283185307179586","arc","145","22","1","0","6.283185307179586","arc","132","6","1","0","6.283185307179586","arc","145","2","1","0","6.283185307179586","arc","145","10","1","0","6.283185307179586","textSize","12","textRotate","0","fontFamily","Yu Gothic UI","fontStyle","Normal","fontWeight","Normal","linePitchRate","1.2","arrowSize","6","arrowAngle","0.5235987755982988"
"Parts","Black","1","0","BaseLayer","False"
"name","__3Pスイッチ","line","100","14","103","14","line","118","10","121","10","line","105","14","117","14","line","118","18","121","18","arc","104","14","1","0","6.283185307179586","arc","117","10","1","0","6.283185307179586","arc","117","18","1","0","6.283185307179586","textSize","12","textRotate","0","fontFamily","Yu Gothic UI","fontStyle","Normal","fontWeight","Normal","linePitchRate","1.2","arrowSize","6","arrowAngle","0.5235987755982988"
"Parts","Black","1","0","BaseLayer","False"
"name","__2Pスイッチ","line","89","18","77.94868329805051","14.316227766016837","line","73","14","76","14","line","91","14","94","14","arc","77","14","1","0","6.283185307179586","arc","90","14","1","0","6.283185307179586","textSize","12","textRotate","0","fontFamily","Yu Gothic UI","fontStyle","Normal","fontWeight","Normal","linePitchRate","1.2","arrowSize","6","arrowAngle","0.5235987755982988"
"Text","Black","1","0","BaseLayer","False"
"3Pスイッチ","110","2","3","0","Center","Top","1.2","","Normal","Normal"
"Text","Black","1","0","BaseLayer","False"
"2Pスイッチ","82","2","3","0","Center","Top","1.2","","Normal","Normal"
"Text","Black","1","0","BaseLayer","False"
"6Pスイッチ","140","0","3","0","Center","Top","1.2","","Normal","Normal"
"Text","Black","1","0","BaseLayer","False"
"RCAコネクタ","15","-20","3","0","Center","Top","1.2","","Normal","Normal"
"Parts","Black","1","0","BaseLayer","False"
"name","__RCAコネクタ","line","16","-10","20","-10","line","15","-12","15","-15","arc","15","-10","1","0","6.283185307179586","arc","15","-10","2","0","6.283185307179586","textSize","12","textRotate","0","fontFamily","Yu Gothic UI","fontStyle","Normal","fontWeight","Normal","linePitchRate","1.2","arrowSize","6","arrowAngle","0.5235987755982988"
"Parts","Black","1","0","BaseLayer","False"
"name","__DC IN","line","29","-9.5","33","-9.5","line","28","-14","28","-18","arc","28","-9.5","0.5","0","6.283185307179586","arc","28","-9.5","0.7071067811865476","0","6.283185307179586","arc","28","-9.5","1","0","6.283185307179586","arc","28","-13","0.5","0","6.283185307179586","arc","28","-13","0.7071067811865476","0","6.283185307179586","arc","28","-13","1","0","6.283185307179586","textSize","12","textRotate","0","fontFamily","Yu Gothic UI","fontStyle","Normal","fontWeight","Normal","linePitchRate","1.2","arrowSize","6","arrowAngle","0.5235987755982988"
"Text","Black","1","0","BaseLayer","False"
"DC IN","28","-20","3","0","Center","Top","1.2","","Normal","Normal"
"Line","Black","1","0","BaseLayer","False"
"-13.5","91.5","-9.5","91.5"
"Line","Black","1","0","BaseLayer","False"
"-14.5","89.5","-14.5","86.5"
"Arc","Black","1","0","BaseLayer","False"
"FILL","False","AliceBlue","-14.5","91.5","1","0","6.283185307179586"
"Arc","Black","1","0","BaseLayer","False"
"FILL","False","AliceBlue","-14.5","91.5","2","0","6.283185307179586"
"Line","Black","1","0","BaseLayer","False"
"-13.5","80.25","-9.5","80.25"
"Line","Black","1","0","BaseLayer","False"
"-14.5","75.75","-14.5","71.75"
"Arc","Black","1","0","BaseLayer","False"
"FILL","False","AliceBlue","-14.5","80.25","0.5","0","6.283185307179586"
"Arc","Black","1","0","BaseLayer","False"
"FILL","False","AliceBlue","-14.5","80.25","0.7071067811865476","0","6.283185307179586"
"Arc","Black","1","0","BaseLayer","False"
"FILL","False","AliceBlue","-14.5","80.25","1","0","6.283185307179586"
"Arc","Black","1","0","BaseLayer","False"
"FILL","False","AliceBlue","-14.5","76.75","0.5","0","6.283185307179586"
"Arc","Black","1","0","BaseLayer","False"
"FILL","False","AliceBlue","-14.5","76.75","0.7071067811865476","0","6.283185307179586"
"Arc","Black","1","0","BaseLayer","False"
"FILL","False","AliceBlue","-14.5","76.75","1","0","6.283185307179586"
"Arc","Black","1","0","BaseLayer","False"
"FILL","False","AliceBlue","-14.5","65.25","0.5","0","6.283185307179586"
"Arc","Black","1","0","BaseLayer","False"
"FILL","False","AliceBlue","-14.5","65.25","0.7071067811865476","0","6.283185307179586"
"Arc","Black","1","0","BaseLayer","False"
"FILL","False","AliceBlue","-14.5","65.25","1","0","6.283185307179586"
"Text","Black","1","0","BaseLayer","False"
"端子","40.5","-20","3","0","Center","Top","1.2","","Normal","Normal"
"Parts","Black","1","0","BaseLayer","False"
"name","__抵抗","line","-8.5","49.5","-2.5","47.5","line","-2.5","47.5","-8.5","45.5","line","-8.5","45.5","-2.5","43.5","line","-2.5","43.5","-8.5","41.5","line","-8.5","41.5","-5.5","40.5","line","-5.5","40.5","-5.5","35.5","line","-2.5","51.5","-8.5","49.5","line","-2.5","51.5","-5.5","52.5","line","-5.5","52.5","-5.5","56.5","textSize","12","textRotate","0","fontFamily","Yu Gothic UI","fontStyle","Normal","fontWeight","Normal","linePitchRate","1.2","arrowSize","6","arrowAngle","0.5235987755982988"
"Parts","Black","1","0","BaseLayer","False"
"name","__ボリューム","line","-29.75","48.5","-23.75","46.5","line","-23.75","46.5","-29.75","44.5","line","-29.75","44.5","-23.75","42.5","line","-23.75","42.5","-29.75","40.5","line","-29.75","40.5","-26.75","39.5","line","-26.75","39.5","-26.75","34.5","line","-23.75","50.5","-29.75","48.5","line","-23.75","50.5","-26.75","51.5","line","-26.75","51.5","-26.75","55.5","line","-23.25","46.5","-15.25","46.5","line","-23.25","46.5","-20.75","47.5","line","-23.25","46.5","-20.75","45.5","textSize","12","textRotate","0","fontFamily","Yu Gothic UI","fontStyle","Normal","fontWeight","Normal","linePitchRate","1.2","arrowSize","6","arrowAngle","0.5235987755982988"
"Parts","Black","1","0","BaseLayer","False"
"name","__三極管","line","-9","11.25","-4.5","11.25","line","-21.5","11.25","-17","11.25","line","-10.5","11.25","-15.5","11.25","line","-18","18.75","-8","18.75","line","-13","18.75","-13","24.75","line","-19.5","4.25","-6.5","4.25","line","-6.5","4.25","-6.5","-1.75","line","-13","3.75","-16.5","1.25","line","-13","3.75","-10","1.25","line","-16.5","1.25","-16.5","-2.75","line","-10","-2.75","-10","1.25","arc","-13","11.25","12.509996003196804","0","6.283185307179586","textSize","12","textRotate","0","fontFamily","Yu Gothic UI","fontStyle","Normal","fontWeight","Normal","linePitchRate","1.2","arrowSize","6","arrowAngle","0.5235987755982988"
"Parts","Black","1","0","BaseLayer","False"
"name","__五極管","line","-41.25","11.25","-36.75","11.25","line","-53.75","11.25","-49.25","11.25","line","-42.75","11.25","-47.75","11.25","line","-51.75","4.25","-38.75","4.25","line","-38.75","4.25","-38.75","-1.75","line","-45.25","3.75","-48.75","1.25","line","-45.25","3.75","-42.25","1.25","line","-48.75","1.25","-48.75","-2.75","line","-42.25","-2.75","-42.25","1.25","line","-53.75","7.75","-49.25","7.75","line","-42.75","7.75","-47.75","7.75","line","-41.25","7.75","-36.75","7.75","line","-53.75","14.75","-49.25","14.75","line","-42.75","14.75","-47.75","14.75","line","-41.25","14.75","-36.75","14.75","line","-50.25","18.25","-40.25","18.25","line","-45.25","18.25","-45.25","24.75","line","-36.75","14.75","-35.25","13.25","line","-35.25","13.25","-35.25","6.25","line","-35.25","6.25","-38.75","2.75","line","-38.75","2.75","-38.75","2.75","line","-35.75","14.75","-31.75","14.75","line","-35.75","11.25","-31.75","11.25","line","-54.75","7.75","-58.25","7.75","arc","-45.25","11.25","12.509996003196804","0","6.283185307179586","textSize","12","textRotate","0","fontFamily","Yu Gothic UI","fontStyle","Normal","fontWeight","Normal","linePitchRate","1.2","arrowSize","6","arrowAngle","0.5235987755982988"
"Text","Black","1","0","BaseLayer","False"
"抵抗","-5.5","33","3","0","Center","Top","1.2","","Normal","Normal"
"Text","Black","1","0","BaseLayer","False"
"ボリューム","-26.5","32","3","0","Center","Top","1.2","","Normal","Normal"
"Text","Black","1","0","BaseLayer","False"
"電解コンデンサ","-45","37.5","3","0","Center","Top","1.2","","Normal","Normal"
"Parts","Black","1","0","BaseLayer","False"
"name","__電解コンデンサ","line","-45.75","46","-45.75","42","line","-49.75","46","-41.75","46","line","-49.75","48","-41.75","48","line","-45.75","48","-45.75","52","line","-49.25","46","-47.75","48","line","-48.25","46","-46.75","48","line","-47.25","46","-45.75","48","line","-46.25","46","-44.75","48","line","-45.25","46","-43.75","48","line","-44.25","46","-42.75","48","line","-50.25","49.5","-48.75","49.5","line","-49.5","48.75","-49.5","50.25","line","-50.25","44.5","-48.75","44.5","textSize","12","textRotate","0","fontFamily","Yu Gothic UI","fontStyle","Normal","fontWeight","Normal","linePitchRate","1.2","arrowSize","6","arrowAngle","0.5235987755982988"
"Text","Black","1","0","BaseLayer","False"
"三極管","-12.5","-7.5","3","0","Center","Top","1.2","","Normal","Normal"
"Text","Black","1","0","BaseLayer","False"
"五極管","-45.5","-8","3","0","Center","Top","1.2","","Normal","Normal"
"Parts","Black","1","0","BaseLayer","False"
"name","__GND","line","140","53","140","47","line","135","47","145","47","line","135","46.5","145","46.5","line","138","46.5","135","42","line","140","46.5","137","42","line","142","46.5","139","42","line","144","46.5","141","42","textSize","12","textRotate","0","fontFamily","Yu Gothic UI","fontStyle","Normal","fontWeight","Normal","linePitchRate","1.2","arrowSize","6","arrowAngle","0.5235987755982988"
"Text","Black","1","0","BaseLayer","False"
"GND","140","39.5","3","0","Center","Top","1.2","","Normal","Normal"
"Parts","Black","1","0","BaseLayer","False"
"name","__出力トランス","line","-22","-26","-19","-26","line","-19","-59","-22","-59","line","-0.8775010008007977","-42.5","2","-42.5","line","1.9999999999999973","-31","-4.000000000000003","-31.000000000000007","line","-3.9999999999999964","-54","2.0000000000000036","-54","line","-12.999999999999998","-60","-13","-23.5","line","-9.999999999999998","-60","-10","-23.5","arc","-19","-30","4","3.8167241865268253","7.853981633974483","arc","-19","-35","4","3.8167241865268253","8.749646427832348","arc","-19","-40","4","3.8167241865268253","8.749646427832348","arc","-3.9999999999999964","-45","4","0.6751315329370318","5.608053774242556","arc","-3.9999999999999964","-50","4","0.6751315329370344","4.71238898038469","arc","-3.9999999999999964","-40","4","0.6751315329370327","5.6080537742425545","arc","-19","-55","4","4.71238898038469","8.749646427832348","arc","-19","-50","4","3.8167241865268253","8.749646427832348","arc","-19","-45","4","3.8167241865268253","8.749646427832348","arc","-4.000000000000003","-35.00000000000001","4","1.5707963267948966","5.608053774242556","textSize","12","textRotate","0","fontFamily","Yu Gothic UI","fontStyle","Normal","fontWeight","Normal","linePitchRate","1.2","arrowSize","6","arrowAngle","0.5235987755982988"
"Text","Black","1","0","BaseLayer","False"
"出力トランス","-12","-67","3","0","Center","Top","1.2","","Normal","Normal"
"Text","Black","1","0","BaseLayer","False"
"電源トランス","-56","-96","3","0","Center","Top","1.2","","Normal","Normal"
"Parts","Black","1","0","BaseLayer","False"
"name","__電源トランス","line","-64","-35.5","-61","-35.5","line","-61","-68.5","-64","-68.5","line","-55","-20","-55","-89","line","-52","-20.000000000000007","-52","-89","line","-40","-65","-46","-65","line","-46","-88","-40","-88","line","-46","-58","-40","-58","line","-39.99999999999999","-20.000000000000004","-45.99999999999999","-20.00000000000001","arc","-61","-39.5","4","3.8167241865268253","7.853981633974483","arc","-61","-44.5","4","3.8167241865268253","8.749646427832348","arc","-61","-49.5","4","3.8167241865268253","8.749646427832348","arc","-61","-64.5","4","4.71238898038469","8.749646427832348","arc","-61","-59.5","4","3.8167241865268253","8.749646427832348","arc","-61","-54.5","4","3.8167241865268253","8.749646427832348","arc","-46","-39","4","0.6751315329370318","5.608053774242556","arc","-46","-34","4","0.6751315329370327","5.6080537742425545","arc","-46","-79","4","0.6751315329370318","5.608053774242556","arc","-46","-84","4","0.6751315329370344","4.71238898038469","arc","-46","-74","4","0.6751315329370327","5.6080537742425545","arc","-46","-69","4","1.5707963267948966","5.608053774242556","arc","-46","-54","4","0.6751315329370344","4.71238898038469","arc","-45.99999999999999","-49","4","0.6751315329370318","5.608053774242556","arc","-45.99999999999999","-44","4","0.6751315329370327","5.6080537742425545","arc","-45.99999999999999","-24.00000000000001","4","1.5707963267948966","5.608053774242556","arc","-46.00000000000001","-28.999999999999996","4","0.6751315329370327","5.6080537742425545","textSize","12","textRotate","0","fontFamily","Yu Gothic UI","fontStyle","Normal","fontWeight","Normal","linePitchRate","1.2","arrowSize","6","arrowAngle","0.5235987755982988"
"Parts","Black","1","0","BaseLayer","False"
"name","__ヒューズ","line","72.5","-16","75.5","-16","line","90.5","-16","93.5","-16","arc","76.5","-16","1","0","6.283185307179586","arc","89.5","-16","1","0","6.283185307179586","arc","79.75","-16.25","3.2596012026013246","0.07677189126977804","2.756818764608823","arc","86.25","-15.749999999999945","3.2596012026013246","3.218364544859573","5.8984114181986","textSize","12","textRotate","0","fontFamily","Yu Gothic UI","fontStyle","Normal","fontWeight","Normal","linePitchRate","1.2","arrowSize","6","arrowAngle","0.5235987755982988"
"Text","Black","1","0","BaseLayer","False"
"ヒューズ","82.5","-22.5","3","0","Center","Top","1.2","","Normal","Normal"
"Text","Black","1","0","BaseLayer","False"
"接続点","50","-20","3","0","Center","Top","1.2","","Normal","Normal"
"Text","Black","1","0","BaseLayer","False"
"N MOS FET 2SK2750","40","-64.5","3","0","Center","Top","1.2","","Normal","Normal"
"Parts","Black","1","0","BaseLayer","False"
"name","__N MOS FET","line","33.5","-55","46.5","-55","line","46.5","-55","46.5","-54.5","line","46.5","-54.5","33.5","-54.5","line","33.5","-54.5","33.5","-55","line","33.5","-53.5","37","-53.5","line","37","-53.5","37","-53","line","37","-53","33.5","-53","line","33.5","-53","33.5","-53.5","line","38.5","-53.5","42","-53.5","line","42","-53.5","42","-53","line","42","-53","38.5","-53","line","38.5","-53","38.5","-53.5","line","43.5","-53.5","46.5","-53.5","line","46.5","-53.5","46.5","-53","line","46.5","-53","43.5","-53","line","43.5","-53","43.5","-53.5","line","41","-43.5","41","-46.5","line","41","-46.5","39","-45","line","39","-43.5","39","-46.5","line","45","-45","45","-53","line","35","-45","35","-53","line","40","-49","51.5","-49","line","35","-49","28.5","-49","line","40","-55","40","-61.5","line","40","-49","40","-53","line","40","-53","39.5","-52","line","40","-53","40.5","-52","line","41","-45","45","-45","line","39","-45","41","-43.5","line","39","-45","35","-45","arc","40","-50","10","0","6.283185307179586","textSize","12","textRotate","0","fontFamily","Yu Gothic UI","fontStyle","Normal","fontWeight","Normal","linePitchRate","1.2","arrowSize","6","arrowAngle","0.5235987755982988"
"Parts","Black","1","0","BaseLayer","False"
"name","__矢印","line","165","50","168","50","line","168","50","168","52","line","168","52","170.5","48.5","line","170.5","48.5","168","45","line","168","45","168","47","line","168","47","165","47","line","165","47","165","50","textSize","12","textRotate","0","fontFamily","Yu Gothic UI","fontStyle","Normal","fontWeight","Normal","linePitchRate","1.2","arrowSize","6","arrowAngle","0.5235987755982988"
"Parts","Black","1","0","BaseLayer","False"
"name","__P MOS FET","line","74","-55.5","87","-55.5","line","87","-55.5","87","-55","line","87","-55","74","-55","line","74","-55","74","-55.5","line","74","-54","77.5","-54","line","77.5","-54","77.5","-53.5","line","77.5","-53.5","74","-53.5","line","74","-53.5","74","-54","line","79","-54","82.5","-54","line","82.5","-54","82.5","-53.5","line","82.5","-53.5","79","-53.5","line","79","-53.5","79","-54","line","84","-54","87","-54","line","87","-54","87","-53.5","line","87","-53.5","84","-53.5","line","84","-53.5","84","-54","line","81.5","-44","81.5","-47","line","79.5","-44","79.5","-47","line","85.5","-45.5","85.5","-53.5","line","75.5","-45.5","75.5","-53.5","line","80.5","-49.5","92","-49.5","line","75.5","-49.5","69","-49.5","line","80.5","-55.5","80.5","-62","line","80.5","-49.5","80.5","-53.5","line","81.5","-45.5","85.5","-45.5","line","79.5","-45.5","75.5","-45.5","line","80.5","-49.5","80","-50.5","line","80.5","-49.5","81","-50.5","line","79.5","-47","81.5","-45.5","line","81.5","-45.5","79.5","-44","arc","80.5","-50.5","10","0","6.283185307179586","textSize","12","textRotate","0","fontFamily","Yu Gothic UI","fontStyle","Normal","fontWeight","Normal","linePitchRate","1.2","arrowSize","6","arrowAngle","0.5235987755982988"
"Text","Black","1","0","BaseLayer","False"
"Gate","85","-61","3","0","Center","Top","1.2","","Normal","Normal"
"Text","Black","1","0","BaseLayer","False"
"Gate","44.5","-60.5","3","0","Center","Top","1.2","","Normal","Normal"
"Text","Black","1","0","BaseLayer","False"
"Drain","25.5","-45","3","0","Center","Top","1.2","","Normal","Normal"
"Text","Black","1","0","BaseLayer","False"
"Drain","65.5","-45","3","0","Center","Top","1.2","","Normal","Normal"
"Text","Black","1","0","BaseLayer","False"
"Source","55.5","-45","3","0","Center","Top","1.2","","Normal","Normal"
"Text","Black","1","0","BaseLayer","False"
"Source","96","-45.5","3","0","Center","Top","1.2","","Normal","Normal"
"Arc","Black","1","0","BaseLayer","False"
"FILL","False","AliceBlue","39.75","-85.9423076923077","7.561826037257898","2.3382108176470897","7.08656714312229"
"Line","Black","1","0","BaseLayer","False"
"34.5","-80.5","45","-80.5"
"Polygon","Black","1","0","BaseLayer","False"
"FILL","False","AliceBlue","39","-85.5","41","-85.5","41","-86","39","-86"
"Polygon","Black","1","0","BaseLayer","False"
"FILL","False","AliceBlue","34","-85.5","36","-85.5","36","-86","34","-86"
"Polygon","Black","1","0","BaseLayer","False"
"FILL","False","AliceBlue","44","-85.5","46","-85.5","46","-86","44","-86"
"Text","Black","1","0","BaseLayer","False"
"1","35","-85.5","3","0","Center","Top","1.2","","Normal","Normal"
"Text","Black","1","0","BaseLayer","False"
"2","40","-85.5","3","0","Center","Top","1.2","","Normal","Normal"
"Text","Black","1","0","BaseLayer","False"
"3","45","-85.5","3","0","Center","Top","1.2","","Normal","Normal"
"Text","Black","1","0","BaseLayer","False"
"K30A  (N MOS FET)\\n1. Source\\n2. Gate\\n3. Drain","40","-94","3","0","Center","Top","1.2","","Normal","Normal"
"Text","Black","1","0","BaseLayer","False"
"P MOS FET","80.5","-66.5","3","0","Center","Top","1.2","","Normal","Normal"
"Text","Black","1","0","BaseLayer","False"
"2SC1000 NPN TRANSISTER\\n1.Emitter\\n2.Collector\\n3.Base","73","-94.5","3","0","Center","Top","1.2","","Normal","Normal"
"Arc","Black","1","0","BaseLayer","False"
"FILL","False","AliceBlue","73.75","-85.9423076923077","7.561826037257898","2.3382108176470897","7.08656714312229"
"Line","Black","1","0","BaseLayer","False"
"68.5","-80.5","79","-80.5"
"Polygon","Black","1","0","BaseLayer","False"
"FILL","False","AliceBlue","73","-85.5","75","-85.5","75","-86","73","-86"
"Polygon","Black","1","0","BaseLayer","False"
"FILL","False","AliceBlue","68","-85.5","70","-85.5","70","-86","68","-86"
"Polygon","Black","1","0","BaseLayer","False"
"FILL","False","AliceBlue","78","-85.5","80","-85.5","80","-86","78","-86"
"Text","Black","1","0","BaseLayer","False"
"1","69","-85.5","3","0","Center","Top","1.2","","Normal","Normal"
"Text","Black","1","0","BaseLayer","False"
"2","74","-85.5","3","0","Center","Top","1.2","","Normal","Normal"
"Text","Black","1","0","BaseLayer","False"
"3","79","-85.5","3","0","Center","Top","1.2","","Normal","Normal"
"Parts","Black","1","0","BaseLayer","False"
"name","__LED","line","115","-49.5","115","-52.5","line","115","-43.5","115","-40","line","111.5","-43.5","118.5","-43.5","line","118.5","-43.5","115","-49.5","line","115","-49.5","111.5","-43.5","line","111.5","-49.5","118","-49.5","line","123","-44.5","120.5","-46","line","123","-44.5","122.2719558307219","-45.81146928579366","line","123","-44.5","121.5002121975806","-44.52522989722485","line","118","-46","120.5","-44.5","line","120.5","-44.5","120.5","-46","line","118","-48","120.5","-46.5","line","120.5","-46.5","120.5","-48","line","123","-46.5","120.5","-48","line","123","-46.5","122.2719558307219","-47.81146928579366","line","123","-46.5","121.5002121975806","-46.52522989722485","textSize","12","textRotate","0","fontFamily","","fontStyle","Normal","fontWeight","Normal","linePitchRate","1.2","arrowSize","6","arrowAngle","0.5235987755982988"
"Text","Black","1","0","BaseLayer","False"
"LED","115","-55.5","3","0","Center","Top","1.2","Yu Gothic UI","Normal","Normal"
"Text","Black","1","0","BaseLayer","False"
"電池","135","-53","3","0","Center","Top","1.2","Yu Gothic UI","Normal","Normal"
"Parts","Black","1","0","BaseLayer","False"
"name","__電池","line","130","-40","140","-40","line","132","-41.5","138","-41.5","line","138","-41.5","138","-43","line","138","-43","132","-43","line","132","-43","132","-41.5","line","130","-44.5","140","-44.5","line","132","-46","138","-46","line","138","-46","138","-47.5","line","138","-47.5","132","-47.5","line","132","-47.5","132","-46","line","135","-40","135","-37","line","135","-47.5","135","-50","textSize","12","textRotate","0","fontFamily","","fontStyle","Normal","fontWeight","Normal","linePitchRate","1.2","arrowSize","6","arrowAngle","0.5235987755982988"
"Parts","Black","1","0","BaseLayer","False"
"name","__オペアンプ","line","115","-75","115","-105","line","115","-105","145","-90","line","145","-90","115","-75","line","115","-83.5","110","-83.5","line","115","-96.5","110","-96.5","line","145","-90","150","-90","line","130","-82.5","130","-75","line","130","-97.5","130","-105","text","+","117.5","-92.5","5","0","Center","Top","text","-","117","-79.5","5","0","Center","Top","textSize","12","textRotate","0","fontFamily","","fontStyle","Normal","fontWeight","Normal","linePitchRate","1.2","arrowSize","6","arrowAngle","0.5235987755982988"
"Parts","Black","1","0","BaseLayer","False"
"name","__端子","arc","40.5","-12","1","0","6.283185307179586","arc","40.5","-12","1.4142135623730951","0","6.283185307179586","arc","40.5","-12","2","0","6.283185307179586","textSize","12","textRotate","0","fontFamily","Yu Gothic UI","fontStyle","Normal","fontWeight","Normal","linePitchRate","1.2","arrowSize","6","arrowAngle","0.5235987755982988"
"Parts","Black","1","0","BaseLayer","False"
"name","__接続点","arc","50","-12","1","0","6.283185307179586","arc","50","-12","0.5","0","6.283185307179586","arc","50","-12","0.7071067811865476","0","6.283185307179586","arc","50","-12","0.2895259468927665","0","6.283185307179586","textSize","12","textRotate","0","fontFamily","","fontStyle","Normal","fontWeight","Normal","linePitchRate","1.2","arrowSize","6","arrowAngle","0.5235987755982988"
"Text","Black","1","0","BaseLayer","False"
"端子","60","-20","3","0","Center","Top","1.2","","Normal","Normal"
"Parts","Black","1","0","BaseLayer","False"
"name","__端子1","arc","60","-12.5","1.5","0","6.283185307179586","textSize","12","textRotate","0","fontFamily","","fontStyle","Normal","fontWeight","Normal","linePitchRate","1.2","arrowSize","6","arrowAngle","0.5235987755982988"
