﻿"Property"
"Prperty","Color","Black","PointType","1","PointSize","3","LineType","0","Thickness","1","TextSize","3","TextRotate","0","LinePitchRate","1.2","HA","Left","VA","Top","ArrowSize","1.5","ArrowAngle","0.5235987755982988","GridSize","1","DispLaerBit","4294967295","CreateLayer","BaseLayer","OneLayerDisp","False","FontFamily","Yu Gothic UI","FontStyle","Normal","FontWeight","Normal","SymbolCategoryIindex","1","BackColor","White"
"Comment"
"Comment","Comment",""
"Polyline","Black","1","0","BaseLayer","False"
"0","50","20","50","20","30","0","30"
"Point","Black","3","1","BaseLayer","False"
"0","50"
"Point","Black","3","1","BaseLayer","False"
"20","50"
"Point","Black","3","1","BaseLayer","False"
"20","30"
"Point","Black","3","1","BaseLayer","False"
"0","30"
"Point","Black","3","1","BaseLayer","False"
"-2","28"
"Text","Black","1","0","BaseLayer","False"
"L1","-1","55","3","0","Left","Top","1.2","Yu Gothic UI","Normal","Normal"
"Text","Black","1","0","BaseLayer","False"
"L2","19","55","3","0","Left","Top","1.2","Yu Gothic UI","Normal","Normal"
"Text","Black","1","0","BaseLayer","False"
"L3","18","29","3","0","Left","Top","1.2","Yu Gothic UI","Normal","Normal"
"Text","Black","1","0","BaseLayer","False"
"L4","-2","35","3","0","Left","Top","1.2","Yu Gothic UI","Normal","Normal"
"Text","Black","1","0","BaseLayer","False"
"L5 右ボタン","-4","27","3","0","Left","Top","1.2","Yu Gothic UI","Normal","Normal"
"Text","Black","1","0","BaseLayer","False"
"[作成][ポリライン]コマンドを選択してマウスの\\n左ボタンで順番にロケイトしていく。(L1 - L4)\\nロケイトを終了する時は要素のないところで\\nマウスの右ボタン(L5)を押すと確定する。","-14","19","3","0","Left","Top","1.2","Yu Gothic UI","Normal","Normal"
"Text","Black","1","0","BaseLayer","False"
"折れ点の移動\\n移動したい折れ点の近くをピック(p)して\\nマウスの左ボタンで移動量を指定する\\n(L1\, l2)","43","24","3","0","Left","Top","1.2","Yu Gothic UI","Normal","Normal"
"Polyline","Black","1","0","BaseLayer","False"
"49","-3","69","-3","69","-23","49","-23"
"Text","Black","1","0","BaseLayer","False"
"P","66","-14","3","0","Left","Top","1.2","Yu Gothic UI","Normal","Normal"
"Point","Black","3","3","BaseLayer","False"
"69","-14"
"Point","Black","3","1","BaseLayer","False"
"71","-10"
"Text","Black","1","0","BaseLayer","False"
"L1","67","-8","3","0","Left","Top","1.2","Yu Gothic UI","Normal","Normal"
"Parts","Black","1","0","BaseLayer","False"
"name","矢印","line","75","-13","72","-13","line","75","-13","73.70096189432334","-13.75","line","75","-13","73.70096189432334","-12.25","textSize","12","textRotate","0","fontFamily","Yu Gothic UI","fontStyle","Normal","fontWeight","Normal","linePitchRate","1.2","arrowSize","1.5","arrowAngle","0.5235987755982988"
"Text","Black","1","0","BaseLayer","False"
"L2","76","-8","3","0","Left","Top","1.2","Yu Gothic UI","Normal","Normal"
"Point","Black","3","1","BaseLayer","False"
"80","-11"
"Text","Black","1","0","BaseLayer","False"
"折れ点の追加\\n折れ点を追加したい線分の中間あたりを\\nピック(p)してマウスの左ボタンで移動量を\\n指定する(L1\, l2)","43","-28","3","0","Left","Top","1.2","Yu Gothic UI","Normal","Normal"
"Polyline","Black","1","1","BaseLayer","False"
"49","-3","69","-3","78","-13","69","-23","49","-23"
"Polyline","Black","1","1","BaseLayer","False"
"48","-53","68","-53","68","-73","48","-73"
"Polyline","Black","1","0","BaseLayer","False"
"48","-53","68","-53","77","-63","68","-73","48","-73"
"Point","Black","3","3","BaseLayer","False"
"75","-65"
"Text","Black","1","0","BaseLayer","False"
"P","76","-64","3","0","Left","Top","1.2","Yu Gothic UI","Normal","Normal"
"Point","Black","3","1","BaseLayer","False"
"68","-73"
"Point","Black","3","1","BaseLayer","False"
"77","-63"
"Text","Black","1","0","BaseLayer","False"
"L2","68","-73","3","0","Left","Top","1.2","Yu Gothic UI","Normal","Normal"
"Text","Black","1","0","BaseLayer","False"
"L1","79","-61","3","0","Left","Top","1.2","Yu Gothic UI","Normal","Normal"
"Parts","Black","1","0","BaseLayer","False"
"name","矢印","line","74","-73","79","-67","line","74","-73","74.25545797012586","-71.52191298446297","line","74","-73","75.40778988952192","-72.48218958395968","textSize","12","textRotate","0","fontFamily","Yu Gothic UI","fontStyle","Normal","fontWeight","Normal","linePitchRate","1.2","arrowSize","1.5","arrowAngle","0.5235987755982988"
"Text","Black","1","0","BaseLayer","False"
"折れ点の削除\\n削除したい折れ点の近傍をピック(p)して\\n削除たしい折れ点(L1)の座標を次の\\n折れ点(L2)または手前の折れ点に\\n重ねれることで削除できる。\\nまた折れ点を直線上の中間点にしても\\n削除できる。","40","-79","3","0","Left","Top","1.2","Yu Gothic UI","Normal","Normal"
"Polyline","Black","1","0","BaseLayer","False"
"46","-114","66","-114","66","-134","46","-134"
"Text","Black","1","0","BaseLayer","False"
"P","63","-125","3","0","Left","Top","1.2","Yu Gothic UI","Normal","Normal"
"Point","Black","3","3","BaseLayer","False"
"66","-125"
"Parts","Black","1","0","BaseLayer","False"
"name","矢印","line","72","-124","69","-124","line","72","-124","70.70096189432334","-124.75","line","72","-124","70.70096189432334","-123.25","textSize","12","textRotate","0","fontFamily","Yu Gothic UI","fontStyle","Normal","fontWeight","Normal","linePitchRate","1.2","arrowSize","1.5","arrowAngle","0.5235987755982988"
"Polyline","Black","1","1","BaseLayer","False"
"multi","46","-114","0","66","-114","0","74","-125","1","66","-134","0","46","-134","0"
"Text","Black","1","0","BaseLayer","False"
"Alt + L1","66","-119","3","0","Right","Top","1.2","Yu Gothic UI","Normal","Normal"
"Point","Black","3","1","BaseLayer","False"
"67","-121"
"Point","Black","3","1","BaseLayer","False"
"75","-121"
"Text","Black","1","0","BaseLayer","False"
"L2","76","-119","3","0","Left","Top","1.2","Yu Gothic UI","Normal","Normal"
"Text","Black","1","0","BaseLayer","False"
"円弧に変換\\n円弧に変換したい線分の中間点近傍を\\nピックしてAltキーを押しながらマウスの左\\nボタンでロケイトするとその線分を円弧に\\n変換する。","40","-139","3","0","Left","Top","1.2","Yu Gothic UI","Normal","Normal"
"Polyline","Black","1","0","BaseLayer","False"
"109","43","121","50","134","39","151","52"
"Polyline","Black","1","0","BaseLayer","False"
"115","37.5","121","41","134","30","142","36.11764705882353"
"Point","Black","3","1","BaseLayer","False"
"115","46.5"
"Point","Black","3","1","BaseLayer","False"
"142","45.11764705882353"
"Point","Black","3","3","BaseLayer","False"
"127","45"
"Line","Black","1","0","BaseLayer","False"
"115","54","115","42"
"Line","Black","1","0","BaseLayer","False"
"142","54","142","42.00000000000002"
"Line","Black","1","0","BaseLayer","False"
"115","31","115","41"
"Line","Black","1","0","BaseLayer","False"
"142","31.000000000000007","142","41"
"Text","Black","1","0","BaseLayer","False"
"p","124","47","3","0","Left","Top","1.2","Yu Gothic UI","Normal","Normal"
"Text","Black","1","0","BaseLayer","False"
"L1","111","50","3","0","Left","Top","1.2","Yu Gothic UI","Normal","Normal"
"Text","Black","1","0","BaseLayer","False"
"L2","138","49","3","0","Left","Top","1.2","Yu Gothic UI","Normal","Normal"
"Parts","Black","1","0","BaseLayer","False"
"name","矢印","line","129","37","129","42","line","129","37","128.25","38.29903810567666","line","129","37","129.75","38.29903810567666","textSize","12","textRotate","0","fontFamily","Yu Gothic UI","fontStyle","Normal","fontWeight","Normal","linePitchRate","1.2","arrowSize","1.5","arrowAngle","0.5235987755982988"
"Point","Black","3","3","BaseLayer","False"
"126.51177110530895","-12.679101392515207"
"Point","Black","3","1","BaseLayer","False"
"110.51177110530895","-7.679101392515207"
"Point","Black","3","1","BaseLayer","False"
"145.51177110530895","-2.679101392515207"
"Polyline","Black","1","0","BaseLayer","False"
"113.0506312089359","-12.031432998732823","120.51177110530895","-7.679101392515207","133.51177110530895","-18.679101392515207","142.23447852888972","-12.00879571565931"
"Line","Black","1","1","BaseLayer","False"
"110.51177110530895","-7.679101392515207","113.0506312089359","-12.031432998732825"
"Polyline","Black","1","1","BaseLayer","False"
"108.51177110530895","-14.679101392515207","113.0506312089359","-12.031432998732823"
"Line","Black","1","1","BaseLayer","False"
"145.51177110530895","-2.679101392515207","148.8043475245229","-6.984778248410404"
"Polyline","Black","1","1","BaseLayer","False"
"142.23447852888972","-12.00879571565931","148.80434752452294","-6.9847782484104"
"Polyline","Black","1","0","BaseLayer","False"
"148.1776318892216","-6.151307690095642","147.41629886317486","-6.799668718729002","148.06465989180822","-7.561001744775748"
"Polyline","Black","1","0","BaseLayer","False"
"112.4717471063213","-11.141013569493673","111.6353953635926","-11.689206749344201","112.18358854344311","-12.525558492072923"
"Text","Black","1","0","BaseLayer","False"
"L2","141.3379168101985","-0.015440285865402359","3","0","Left","Top","1.2","Yu Gothic UI","Normal","Normal"
"Text","Black","1","0","BaseLayer","False"
"L1","106.49133289127826","-4.959888004090594","3","0","Left","Top","1.2","Yu Gothic UI","Normal","Normal"
"Text","Black","1","0","BaseLayer","False"
"p","123.91462485073836","-12.023384744412297","3","0","Left","Top","1.2","Yu Gothic UI","Normal","Normal"
"Text","Black","1","0","BaseLayer","False"
"トリムは折線上にロケイトした点で両端の\\n位置に変更する","107.6287128330643","21.045583888179294","3","0","Left","Top","1.2","Yu Gothic UI","Normal","Normal"
"Text","Black","1","0","BaseLayer","False"
"ポリラインの作成\\n[作成][ポリライン]","-1","67","3","0","Left","Top","1.2","Yu Gothic UI","Normal","Normal"
"Text","Black","1","0","BaseLayer","False"
"ポリラインのストレッチ\\n[編集][ストレッチ]","48.31474107919931","67","3","0","Left","Top","1.2","Yu Gothic UI","Normal","Normal"
"Text","Black","1","0","BaseLayer","False"
"ロケイト点が線上から離れた場合には垂点が\\nトリム位置となる。\\n延長線上の位置(L2)もトリム位置として指定\\nできる。また垂点の候補が複数ある時は最も\\n近い垂点がトリム位置となる","101.52585164942637","-26.800847791542225","3","0","Left","Top","1.2","Yu Gothic UI","Normal","Normal"
"Text","Black","1","0","BaseLayer","False"
"ポリラインの分割\\n[編集][分割]","171","66","3","0","Left","Top","1.2","Yu Gothic UI","Normal","Normal"
"Polyline","Black","1","0","BaseLayer","False"
"165","41","178","48","186","39","200","48"
"Text","Black","1","0","BaseLayer","False"
"p","177","48","3","0","Left","Top","1.2","Yu Gothic UI","Normal","Normal"
"Point","Black","3","3","BaseLayer","False"
"180","46"
"Point","Black","3","1","BaseLayer","False"
"183","42"
"Text","Black","1","0","BaseLayer","False"
"L","181","44","3","0","Left","Top","1.2","Yu Gothic UI","Normal","Normal"
"Polyline","Black","1","0","BaseLayer","False"
"165","31","178","38","182.68965517241378","32.724137931034484"
"Polyline","Black","1","0","BaseLayer","False"
"183.68965517241378","31.724137931034484","187","28","201","37"
"Parts","Black","1","0","BaseLayer","False"
"name","矢印","line","182","35","183","40","line","182","35","181.51932682591433","36.42089876476631","line","182","35","182.99019783945073","36.12672456205903","textSize","12","textRotate","0","fontFamily","Yu Gothic UI","fontStyle","Normal","fontWeight","Normal","linePitchRate","1.2","arrowSize","1.5","arrowAngle","0.5235987755982988"
"Text","Black","1","0","BaseLayer","False"
"分割は折線上にでケイトした点で2つの\\nポリライン要素に変換する","161.6287128330643","21.045583888179294","3","0","Left","Top","1.2","Yu Gothic UI","Normal","Normal"
"Polyline","Black","1","0","BaseLayer","False"
"230","45","250","45","250","30","230","30"
"Text","Black","1","0","BaseLayer","False"
"ポリラインのオフセット\\n[編集/コピー][オフセット]","230","66","3","0","Left","Top","1.2","Yu Gothic UI","Normal","Normal"
"Text","Black","1","0","BaseLayer","False"
"ポリラインのトリム\\n[編集/コピー][トリム]","118","66","3","0","Left","Top","1.2","Yu Gothic UI","Normal","Normal"
"Polyline","Black","1","1","BaseLayer","False"
"230","49","254.00000000000003","49","254.00000000000003","26","230","26"
"Point","Black","3","3","BaseLayer","False"
"250","42"
"Text","Black","1","0","BaseLayer","False"
"p","247","43","3","0","Left","Top","1.2","Yu Gothic UI","Normal","Normal"
"Point","Black","3","1","BaseLayer","False"
"235","47"
"Point","Black","3","1","BaseLayer","False"
"237","51"
"Text","Black","1","0","BaseLayer","False"
"L1","231","49","3","0","Left","Top","1.2","Yu Gothic UI","Normal","Normal"
"Text","Black","1","0","BaseLayer","False"
"L2","233","53","3","0","Left","Top","1.2","Yu Gothic UI","Normal","Normal"
"Parts","Black","1","0","BaseLayer","False"
"name","矢印","line","243","48","243","46","line","243","48","243.75","46.70096189432334","line","243","48","242.25","46.70096189432334","textSize","12","textRotate","0","fontFamily","Yu Gothic UI","fontStyle","Normal","fontWeight","Normal","linePitchRate","1.2","arrowSize","1.5","arrowAngle","0.5235987755982988"
"Parts","Black","1","0","BaseLayer","False"
"name","矢印","line","244","27","244","29","line","244","27","243.25","28.299038105676658","line","244","27","244.75","28.299038105676658","textSize","12","textRotate","0","fontFamily","Yu Gothic UI","fontStyle","Normal","fontWeight","Normal","linePitchRate","1.2","arrowSize","1.5","arrowAngle","0.5235987755982988"
"Parts","Black","1","0","BaseLayer","False"
"name","矢印","line","253","37","251","37","line","253","37","251.70096189432334","36.25","line","253","37","251.70096189432334","37.75","textSize","12","textRotate","0","fontFamily","Yu Gothic UI","fontStyle","Normal","fontWeight","Normal","linePitchRate","1.2","arrowSize","1.5","arrowAngle","0.5235987755982988"
"Polyline","Black","1","0","BaseLayer","False"
"multi","230","14","0","250","14","0","256","6.5","1","250","-1","0","230","-1","0"
"Polyline","Black","1","1","BaseLayer","False"
"multi","230","17","0","250.30565233988776","17","0","259","6.499999999999997","1","250.30565233988776","-4","0","230","-4","0"
"Polyline","Black","1","1","BaseLayer","False"
"multi","230","19","0","250.48566733133922","19","0","261","6.499999999999986","1","250.4856673313392","-6.0000000000000036","0","230","-6","0"
"Point","Black","3","3","BaseLayer","False"
"255","10"
"Text","Black","1","0","BaseLayer","False"
"p","252","11","3","0","Left","Top","1.2","Yu Gothic UI","Normal","Normal"
"Point","Black","3","1","BaseLayer","False"
"239","15"
"Text","Black","1","0","BaseLayer","False"
"L1","235","17","3","0","Left","Top","1.2","Yu Gothic UI","Normal","Normal"
"Text","Black","1","0","BaseLayer","False"
"L2","238","20","3","0","Left","Top","1.2","Yu Gothic UI","Normal","Normal"
"Point","Black","3","1","BaseLayer","False"
"242","18"
"Parts","Black","1","0","BaseLayer","False"
"name","矢印","line","253","15","252","14","line","253","15","252.61177143234622","13.551111260566401","line","253","15","251.5511112605664","14.61177143234622","textSize","12","textRotate","0","fontFamily","Yu Gothic UI","fontStyle","Normal","fontWeight","Normal","linePitchRate","1.2","arrowSize","1.5","arrowAngle","0.5235987755982988"
"Parts","Black","1","0","BaseLayer","False"
"name","矢印","line","256","16","253","13","line","256","16","255.61177143234622","14.551111260566397","line","256","16","254.5511112605664","15.61177143234622","textSize","12","textRotate","0","fontFamily","Yu Gothic UI","fontStyle","Normal","fontWeight","Normal","linePitchRate","1.2","arrowSize","1.5","arrowAngle","0.5235987755982988"
"Text","Black","1","0","BaseLayer","False"
"オフセットはピックした要素と一定の距離でおいて\\n複製するする。\\n[編集]コマンドの場合は複製した後に元の要素を\\n削除する。\\n[コピー]コマンドの場合はロケイトして分だけ複数\\n作成し、要素のないところでマウスの右ボタンを\\n押すことにより完了する","220","-10","3","0","Left","Top","1.2","Yu Gothic UI","Normal","Normal"
"Polyline","Black","1","0","BaseLayer","False"
"multi","230","-50","0","260","-50","0","254","-60","1","260","-70","0","230","-70","0"
"Arc","Black","1","1","BaseLayer","False"
"FILL","False","AliceBlue","265.3333333333333","-60","8.333333333333323","0.6913369287694611","5.227937987843671"
"Line","Black","1","1","BaseLayer","False"
"230","-73","271","-73"
"Line","Black","1","1","BaseLayer","False"
"230","-47","271","-47"
"Text","Black","1","0","BaseLayer","False"
"オフセットできないパターン\\nポリラインの線分や円弧をオフセットした結果\\n交点ができない場合はオフセットできない。","222","-76","3","0","Left","Top","1.2","Yu Gothic UI","Normal","Normal"
"Polyline","Black","1","0","BaseLayer","False"
"50","49","70","49","70","29","50","29"
"Parts","Black","1","0","BaseLayer","False"
"name","矢印","line","74","52","71","50","line","74","52","73.33516010898458","50.655385587123725","line","74","52","72.50310981464673","51.90346102863049","textSize","12","textRotate","0","fontFamily","Yu Gothic UI","fontStyle","Normal","fontWeight","Normal","linePitchRate","1.2","arrowSize","1.5","arrowAngle","0.5235987755982988"
"Point","Black","3","1","BaseLayer","False"
"68","51"
"Text","Black","1","0","BaseLayer","False"
"L1","64","53","3","0","Left","Top","1.2","Yu Gothic UI","Normal","Normal"
"Text","Black","1","0","BaseLayer","False"
"L2","70","59","3","0","Left","Top","1.2","Yu Gothic UI","Normal","Normal"
"Text","Black","1","0","BaseLayer","False"
"P","67","47","3","0","Left","Top","1.2","Yu Gothic UI","Normal","Normal"
"Point","Black","3","3","BaseLayer","False"
"70","47"
"Polyline","Black","1","1","BaseLayer","False"
"50","49","76","54","70","29","50","29"
"Point","Black","3","1","BaseLayer","False"
"74","56"
"Point","Black","3","1","BaseLayer","False"
"243","21"
"Text","Black","1","0","BaseLayer","False"
"L3","239","23","3","0","Left","Top","1.2","Yu Gothic UI","Normal","Normal"
"Point","Black","3","1","BaseLayer","False"
"247","22"
"Text","Black","1","0","BaseLayer","False"
"L4 右ボタン(確定)","248","23","3","0","Left","Top","1.2","Yu Gothic UI","Normal","Normal"
