﻿"Property"
"Prperty","Color","Black","PointType","3","PointSize","3","LineType","0","Thickness","1","TextSize","8","TextRotate","0","LinePitchRate","1.2","HA","Left","VA","Center","ArrowSize","4","ArrowAngle","0.5235987755982988","GridSize","1","DispLaerBit","127","CreateLayer","C面の作成","OneLayerDisp","False","FontFamily","Yu Gothic UI","FontStyle","Normal","FontWeight","Normal"
"Comment"
"Comment","Comment",""
"Line","Black","1","0","正面図"
"0","200","40","200"
"Line","Black","1","0","正面図"
"0","200","0","100"
"Line","Black","1","0","正面図"
"100","100","100","120"
"Arc","Black","1","0","正面図"
"90","120.00000000000001","10","0","1.5707963267948966"
"Line","Black","1","0","正面図"
"53.00000000000001","130","90","130"
"Arc","Black","1","0","正面図"
"53.00000000000001","143","13","3.141592653589793","4.71238898038469"
"Line","Black","1","0","正面図"
"40","200","40","143"
"Text","Black","1","0","正面図"
"正面図","30","90","8","0","Left","Top","1.2","Yu Gothic UI","Normal","Normal"
"Line","Black","1","0","正面図"
"0","100","100","100"
"Point","Black","3","3","正面図"
"-1","179"
"Text","Black","1","0","正面図"
"A","-7","179","8","0","Center","Center","1.2","Yu Gothic UI","Normal","Normal"
"Point","Black","3","3","正面図"
"41","186"
"Text","Black","1","0","正面図"
"H","35","186","8","0","Center","Center","1.2","Yu Gothic UI","Normal","Normal"
"Point","Black","3","3","正面図"
"40","141"
"Point","Black","3","3","正面図"
"53.00000000000001","130"
"Text","Black","1","0","正面図"
"J","35","141","8","0","Center","Center","1.2","Yu Gothic UI","Normal","Normal"
"Text","Black","1","0","正面図"
"K","54","124","8","0","Center","Center","1.2","Yu Gothic UI","Normal","Normal"
"Point","Black","3","3","正面図"
"0","100"
"Point","Black","3","3","正面図"
"100","100"
"Text","Black","1","0","正面図"
"L","-3","91","8","0","Center","Center","1.2","Yu Gothic UI","Normal","Normal"
"Text","Black","1","0","正面図"
"M","103","90","8","0","Center","Center","1.2","Yu Gothic UI","Normal","Normal"
"Arc","Black","1","1","正面図"
"94","122","16.278820596099706","0","6.283185307179586"
"Text","Black","1","0","側面図"
"側面図","199","90","8","0","Left","Top","1.2","Yu Gothic UI","Normal","Normal"
"Line","Black","1","0","側面図"
"198","100","217","100"
"Line","Black","1","0","側面図"
"199","200","218","200"
"Line","Black","1","0","側面図"
"218","200","218","100"
"Line","Black","1","0","側面図"
"198","100.00000000000001","198","200.00000000000003"
"Line","Black","1","0","側面図"
"198","120.00000000000001","217","120.00000000000001"
"Line","Black","1","0","側面図"
"198","130","217","130"
"Line","Black","1","0","側面図"
"198","143","217","143"
"Line","Black","1","0","平面図"
"-3.061616997868383E-15","250","-1.83697019872103E-15","230"
"Text","Black","1","0","平面図"
"平面図","30","224","8","0","Left","Top","1.2","Yu Gothic UI","Normal","Normal"
"Line","Black","1","0","平面図"
"40","230","40","250"
"Line","Black","1","0","平面図"
"53.000000000000014","230","53.000000000000014","250"
"Line","Black","1","0","平面図"
"100.00000000000001","230","100.00000000000001","249.99999999999997"
"Line","Black","1","0","平面図"
"-1.83697019872103E-15","230","100.00000000000001","230"
"Line","Black","1","0","平面図"
"-2.449293598294706E-15","250","100.00000000000001","250"
"Line","Black","1","0","平面図"
"90","230","90","250"
"Point","Black","3","3","平面図"
"-1","229"
"Point","Black","3","3","平面図"
"1","251"
"Text","Black","1","0","平面図"
"B","-8","226","8","0","Center","Center","1.2","Yu Gothic UI","Normal","Normal"
"Text","Black","1","0","平面図"
"C","-6","255","8","0","Center","Center","1.2","Yu Gothic UI","Normal","Normal"
"Parts","Black","1","0","平面図"
"name","ラベル","line","-2","239","-12","246","line","-12","246","-20","246","line","-2","239","-5.984827307769069","239.34806799229162","line","-2","239","-3.6909779303157553","242.62499567436777","text","B-C間に線を引く場合\\nAをピックして[コピー][トリム]を選択しB\,Cを\\n右ボタンでロケイト(オートロケイト)するとE\,F\\n線分の端点でトリムする","-20","246","8","0","Right","Center","textSize","8","textRotate","0","fontFamily","Yu Gothic UI","fontStyle","Normal","fontWeight","Normal","linePitchRate","1.2","arrowSize","4","arrowAngle","0.5235987755982988"
"Text","Black","1","0","平面図"
"E","18","226","8","0","Center","Center","1.2","Yu Gothic UI","Normal","Normal"
"Text","Black","1","0","平面図"
"F","19","255","8","0","Center","Center","1.2","Yu Gothic UI","Normal","Normal"
"Text","Black","1","0","平面図"
"G","6","239","8","0","Center","Center","1.2","Yu Gothic UI","Normal","Normal"
"Parts","Black","1","0","平面図"
"name","ラベル","line","37","237","-25","196","line","-25","196","-33","196","line","37","237","35.213726811098056","233.42100180293284","line","37","237","33.007360046790154","236.75745886115453","text","G線分と同じく、Hをピックして\\n[コピー][トリムを選択し]E\,Fを\\n右ボタンでオートロケイトする","-33","196","8","0","Right","Center","textSize","8","textRotate","0","fontFamily","Yu Gothic UI","fontStyle","Normal","fontWeight","Normal","linePitchRate","1.2","arrowSize","4","arrowAngle","0.5235987755982988"
"Point","Black","3","3","平面図"
"40","244"
"Text","Black","1","0","平面図"
"I","34","244","8","0","Center","Center","1.2","Yu Gothic UI","Normal","Normal"
"Parts","Black","1","0","平面図"
"name","ラベル","line","13","253","-6","314","line","-6","314","-14","314","line","13","253","10.060316659898016","255.7126116308692","line","13","253","13.879348912882868","256.9021462670448","text","線分Fは線分Eをピックして[コピー][オフセット]を\\n選択し、オフセット方向を決めるロケイトをして\\nキーボードの右側Windowsキー(メニューキー)を\\nおしてロケイトの選択メニューをだし[平行距離]を\\n選択し、厚みを数値入力して作成する。\\n数値入力欄には数式も使える。","-14","314","8","0","Right","Center","textSize","8","textRotate","0","fontFamily","Yu Gothic UI","fontStyle","Normal","fontWeight","Normal","linePitchRate","1.2","arrowSize","4","arrowAngle","0.5235987755982988"
"Parts","Black","1","0","平面図"
"name","ラベル","line","55","239","100","264","line","100","264","112","264","line","55","239","57.05688376973978","242.4306310145192","line","55","239","58.9994554944543","238.93400191003306","text","Iをピックし[コピー][オフセット]を\\n選択しJ\,Kを右ボタンでオート\\nロケイトする","112","264","8","0","Left","Center","textSize","8","textRotate","0","fontFamily","Yu Gothic UI","fontStyle","Normal","fontWeight","Normal","linePitchRate","1.2","arrowSize","4","arrowAngle","0.5235987755982988"
"Parts","Black","1","0","平面図"
"name","ラベル","line","60","229","65","215","line","65","215","73","215","line","60","229","63.0485872792606","226.41038311699774","line","60","229","59.28161963288125","225.06503752900508","text","線分Eは水平線を適当に引いた後に\\nEをピックして[編集][トリム]を選択して\\nLとMを右ボタンでロケイト(オートロケイト)\\nすることで正面図と同じ長さにする","73","215","8","0","Left","Center","textSize","8","textRotate","0","fontFamily","Yu Gothic UI","fontStyle","Normal","fontWeight","Normal","linePitchRate","1.2","arrowSize","4","arrowAngle","0.5235987755982988"
"Text","Black","1","0","R面の作成"
"線分A\,Bをピックして[作成][接円]を\\n選択すると円がドラッギング表示され\\nるのでキーボードの右側Windowsキー\\n(メニューキー)を押してロケイトの選択\\nメニューが表示れるのでそこで[半径]を\\n選択し半径値10を入力して接円を\\n作成","-7","18","8","0","Left","Center","1.2","Yu Gothic UI","Normal","Normal"
"Line","Black","1","0","R面の作成"
"60","30","60","67"
"Line","Black","1","0","R面の作成"
"10","60","69","60"
"Point","Black","3","3","R面の作成"
"37","60"
"Point","Black","3","3","R面の作成"
"60","36"
"Arc","Black","1","0","R面の作成"
"50","50","10","0","6.283185307179586"
"Text","Black","1","0","R面の作成"
"A","32","65","8","0","Center","Center","1.2","Yu Gothic UI","Normal","Normal"
"Text","Black","1","0","R面の作成"
"B","56","31","8","0","Center","Center","1.2","Yu Gothic UI","Normal","Normal"
"Text","Black","1","0","R面の作成"
"線分Cと円Dをピックして[編集][分割]を\\n選択し、2要素の交点を求めるために\\nEを右ボタンでロケイト(オートロケイト)と\\nすると接点で要素が分割される。\\nピックすると分割を確認することができる","122","16","8","0","Left","Center","1.2","Yu Gothic UI","Normal","Normal"
"Point","Black","3","3","R面の作成"
"170","60"
"Point","Black","3","3","R面の作成"
"179","45"
"Point","Black","3","3","R面の作成"
"187","60"
"Text","Black","1","0","R面の作成"
"C","163","66","8","0","Center","Center","1.2","Yu Gothic UI","Normal","Normal"
"Text","Black","1","0","R面の作成"
"D","175","39","8","0","Center","Center","1.2","Yu Gothic UI","Normal","Normal"
"Text","Black","1","0","R面の作成"
"E","184","69","8","0","Center","Center","1.2","Yu Gothic UI","Normal","Normal"
"Point","Black","3","3","R面の作成"
"198","50"
"Text","Black","1","0","R面の作成"
"F","204","43","8","0","Center","Center","1.2","Yu Gothic UI","Normal","Normal"
"Line","Black","1","0","R面の作成"
"148","60","188","60"
"Arc","Black","1","0","R面の作成"
"188","50.000000000000014","10","0","1.5707963267948966"
"Line","Black","1","0","R面の作成"
"198","30","198","50"
"Line","Red","1","0","R面の作成"
"198","50","198","67"
"Line","Red","1","0","R面の作成"
"188","60","207","60"
"Arc","Red","1","0","R面の作成"
"188","50.000000000000014","10","1.5707963267948966","6.283185307179586"
"Line","Black","1","0","R面の作成"
"274","60","314","60"
"Arc","Black","1","0","R面の作成"
"314","50.000000000000014","10","0","1.5707963267948966"
"Line","Black","1","0","R面の作成"
"324","30","324","50"
"Arc","Red","1","1","R面の作成"
"314","50.000000000000014","10","1.5707963267948966","6.283185307179586"
"Line","Red","1","1","R面の作成"
"324","50","324","67"
"Line","Red","1","1","R面の作成"
"314","60","333","60"
"Text","Black","1","0","R面の作成"
"左図の赤線の要素を削除して\\nR面が出来上がる","261","16","8","0","Left","Center","1.2","Yu Gothic UI","Normal","Normal"
"Polygon","Black","1","0","R面の作成"
"109","57","119","47","109","37","109","43","99","43","99","51","109","51"
"Polygon","Black","1","0","R面の作成"
"247","56","257","46","247","36","247","42","237","42","237","50","247","50"
"Text","Black","1","0","R面の作成"
"R面の作成","75","70","8","0","Left","Center","1.2","Yu Gothic UI","Normal","Normal"
"Parts","Black","1","0","R面の作成"
"name","矢印","line","71","73","88","106","line","71","73","70.80845904910055","76.99541137608239","line","71","73","74.36435727480696","75.16358501738515","textSize","12","textRotate","0","fontFamily","Yu Gothic UI","fontStyle","Normal","fontWeight","Normal","linePitchRate","1.2","arrowSize","4","arrowAngle","0.5235987755982988"
"Line","Black","1","0","C面の作成"
"-110","140","-51","140"
"Line","Black","1","0","C面の作成"
"-60","151","-60","92"
"Line","Black","1","0","C面の作成"
"-110","67","-51","67"
"Line","Black","1","0","C面の作成"
"-60","78","-60","19"
"Point","Black","3","3","C面の作成"
"-59","140"
"Point","Black","3","1","C面の作成"
"-38.93230522557101","131.27347509649476"
"Text","Black","1","0","C面の作成"
"C面の作成","-146","159","8","0","Left","Center","1.2","Yu Gothic UI","Normal","Normal"
"Arc","Black","1","0","C面の作成"
"-60","140","20","0","6.283185307179586"
"Arc","Black","1","0","C面の作成"
"-60","67","20","0","6.283185307179586"
"Line","Black","1","0","C面の作成"
"-80","67","-60","47"
"Point","Black","3","3","C面の作成"
"-60","47"
"Point","Black","3","3","C面の作成"
"-80","67"
"Line","Black","1","0","C面の作成"
"-80","-4","-60","-24"
"Point","Black","3","3","C面の作成"
"-60","-24"
"Point","Black","3","3","C面の作成"
"-80","-4"
"Line","Black","1","0","C面の作成"
"-60","-24","-60","-52"
"Line","Black","1","0","C面の作成"
"-110","-4","-80","-4"
"Line","Black","1","1","C面の作成"
"-80","-4","-51","-4"
"Line","Black","1","1","C面の作成"
"-60","7","-60","-24"
"Text","Black","1","0","C面の作成"
"C面からはみ出した線分を\\nピックして[編集][分割]で\\n円との交点を右ボタンで\\nロケイトしする。\\n不要となった線分と円を\\n削除\\n","-200","0","8","0","Left","Center","1.2","Yu Gothic UI","Normal","Normal"
"Arc","Black","1","1","C面の作成"
"-60","-4","20","0","6.283185307179586"
"Text","Black","1","0","タイトル"
"正面図から平面図を作る","21","300","8","0","Left","Top","1.2","Yu Gothic UI","Normal","Normal"
"Text","Black","1","0","C面の作成"
"[作成][円]を選択して線分\\nの交点を右ボタンでロケイトし\\n中心を決めてキーボードの右側\\nWindowsキー(メニューキー)を\\n押してメニューの[半径]を選択\\nC面と同じ半径の円を作成","-200","145","8","0","Left","Center","1.2","Yu Gothic UI","Normal","Normal"
"Text","Black","1","0","C面の作成"
"[作成][線分]を選択して\\n線分と円の交点を右ボタン\\nでロケイトして交点同士を\\n結ぶ線分を作成","-198","74","8","0","Left","Center","1.2","Yu Gothic UI","Normal","Normal"
