﻿"Property"
"Prperty","Color","Black","PointType","1","PointSize","3","LineType","0","Thickness","1","TextSize","8","TextRotate","0","LinePitchRate","1.2","HA","Left","VA","Top","ArrowSize","4","ArrowAngle","0.5235987755982988","GridSize","1","DispLaerBit","4294967295","CreateLayer","BaseLayer"
"Comment"
"Comment","Comment","ストレッチの使い方の確認"
"Line","Black","1","0","BaseLayer"
"-28","200","99","200"
"Line","Black","1","0","BaseLayer"
"-23","176","78","259"
"Arc","Black","1","0","BaseLayer"
"50.87541720653266","216","16","0","6.283185307179586"
"Point","Black","3","1","BaseLayer"
"52.73315047021947","215.30172413793105"
"Text","Black","1","0","BaseLayer"
"２つの線分を選択して最後にロケイトした近傍に\\n接円を作成する。\\n接円の半径を指定する場合にはメニューキー(右Winキー)を\\n押すと選択メニューで「半径」を選択して数値を入力する","-31.965125391849497","169.39655172413794","8","0","Left","Top","1.2"
"Arc","Black","1","0","BaseLayer"
"-1.5917153163888789","221.76724137931032","21.76724137931035","0","6.283185307179586"
"Point","Black","3","1","BaseLayer"
"-8.042711598746052","223.06034482758622"
"Point","Black","3","3","BaseLayer"
"33.5344827586207","221.88793103448276"
"Point","Black","3","3","BaseLayer"
"68.27586206896552","200.64655172413794"
"Arc","Black","1","0","BaseLayer"
"10","50","45.34313619501854","0","6.283185307179586"
"Line","Black","1","0","BaseLayer"
"101.06772187676654","41.00700960994912","-69.8624646693047","42.29219898247597"
"Arc","Black","1","0","BaseLayer"
"75.83925275181966","62.95609584397133","21.758783467806047","0","6.283185307179586"
"Arc","Black","1","0","BaseLayer"
"-14.8205073423823","29.028725619115637","12.849260866095543","0","6.283185307179586"
"Point","Black","3","1","BaseLayer"
"-14","27"
"Point","Black","3","1","BaseLayer"
"83","61"
"Point","Black","3","3","BaseLayer"
"95","40"
"Point","Black","3","3","BaseLayer"
"42","81"
"Text","Black","1","0","BaseLayer"
"２つの線分を選択して最後にロケイトした近傍に\\n接円を作成する","-37","-16","8","0","Left","Top","1.2"
"Text","Black","1","0","BaseLayer"
"線分と円に接する円の作成\\n接円を作成する","-12","116","8","0","Left","Top","1.2"
"Arc","Black","1","0","BaseLayer"
"220","227","32.64965543462902","0","6.283185307179586"
"Arc","Black","1","0","BaseLayer"
"251","183","51.24451190127583","0","6.283185307179586"
"Point","Black","3","3","BaseLayer"
"227","256"
"Point","Black","3","3","BaseLayer"
"296","206"
"Arc","Black","1","0","BaseLayer"
"262.0379580939275","247.36741008551377","14.062455567746952","0","6.283185307179586"
"Arc","Black","1","0","BaseLayer"
"268.894383406509","209.47245818772515","19.291421283934913","0","6.283185307179586"
"Point","Black","3","1","BaseLayer"
"263","247"
"Point","Black","3","1","BaseLayer"
"269","209"
"Arc","Black","1","0","BaseLayer"
"223.2089783102778","208.29148302178797","13.667923445163957","0","6.283185307179586"
"Point","Black","3","1","BaseLayer"
"224","206"
"Text","Black","1","0","BaseLayer"
"円と円に接する円の作成","202","294","8","0","Left","Top","1.2"
"Text","Black","1","0","BaseLayer"
"2線分に接する円の作成\\n\\n線分をピック → [作成][接円] → ロケイト","-20","287","8","0","Left","Top","1.2"
"Text","Black","1","0","BaseLayer"
"円と円に接する円は最大８か所あり、そのうちロケイト点に\\n最も近い円を表示する。\\n接円の半径を指定する場合にはコマンドで[接円]を選択\\nした後の作成位置にマウスを置いてメニューキー(右Winキー)\\nを押してロケイトの選択メニューを出して[半径]を選択し、\\n数値入力で半径を指定する","166","122","8","0","Left","Top","1.2"
