﻿"Property"
"Prperty","Color","Black","PointType","0","PointSize","1","LineType","0","Thickness","1","TextSize","8","TextRotate","0","LinePitchRate","1.2","HA","Center","VA","Center","ArrowSize","4","ArrowAngle","0.5235987755982988","GridSize","1","DispLaerBit","4294967295","CreateLayer","BaseLayer","OneLayerDisp","False","FontFamily","Yu Gothic UI","FontStyle","Normal","FontWeight","Normal","SymbolCategoryIindex","0"
"Comment"
"Comment","Comment","内接円・外接円・傍接円・九点円\\nhttps://shabonlearning.com/Math/triangle_circle.html"
"Text","Black","1","0","BaseLayer","False"
"内接円","-0","90","6","0","Left","Top","1.2","Yu Gothic UI","Normal","Normal"
"Polygon","Black","1","0","BaseLayer","False"
"FILL","False","AliceBlue","20","70","-0","50","30","50"
"Text","Black","1","0","BaseLayer","False"
"B","33","49","4","0","Center","Center","1.2","Yu Gothic UI","Normal","Normal"
"Text","Black","1","0","BaseLayer","False"
"a","27","63","4","0","Center","Center","1.2","Yu Gothic UI","Normal","Normal"
"Text","Black","1","0","BaseLayer","False"
"C","20","74","4","0","Center","Center","1.2","Yu Gothic UI","Normal","Normal"
"Text","Black","1","0","BaseLayer","False"
"A","-3","50","4","0","Center","Center","1.2","Yu Gothic UI","Normal","Normal"
"Text","Black","1","0","BaseLayer","False"
"b","7","63","4","0","Center","Center","1.2","Yu Gothic UI","Normal","Normal"
"Text","Black","1","0","BaseLayer","False"
"c","15","48","4","0","Center","Center","1.2","Yu Gothic UI","Normal","Normal"
"Text","Black","1","0","BaseLayer","False"
"各頂点に対応する辺の長さを a\, b\, c とする","41","78","4","0","Left","Center","1.2","Yu Gothic UI","Normal","Normal"
"Text","Black","1","0","BaseLayer","False"
"内接円の半径\\n\\n三角形の面積を S とすると、内接円の半径は\\n    S = r / 2 (a + b + c)\\nとなる\\n    r = 2 S / (a + b + c)\\n三角形の面積はヘロンの公式より\\n    S = 1 / 4 sqr((a + b +c) (a + b - c) ( a - b + c) (-a + b + c))\\nで求められる","41","70","4","0","Left","Center","1.2","Yu Gothic UI","Normal","Normal"
"Text","Black","1","0","BaseLayer","False"
"外接円","0","-10","6","0","Left","Top","1.2","Yu Gothic UI","Normal","Normal"
"Text","Black","1","0","BaseLayer","False"
"外接円\\n\\n直線状にないことンる3点があるとそれらを通る円は一つに決定する。\\n三角形の外接円は三角形の頂点を通る円となる","1","-21","4","0","Left","Center","1.2","Yu Gothic UI","Normal","Normal"
"Text","Black","1","0","BaseLayer","False"
"外接円の半径\\n\\nこの時の外接円の半径は\\n    r = a * b * c / (4 * S)","1","-44","4","0","Left","Center","1.2","Yu Gothic UI","Normal","Normal"
"Text","Black","1","0","BaseLayer","False"
"傍接円","1","-100","6","0","Left","Center","1.2","Yu Gothic UI","Normal","Normal"
"Arc","Black","1","0","BaseLayer","False"
"FILL","False","AliceBlue","7.224329255314836","-153.8924614640073","6.107538535992688","0","6.283185307179586"
"Arc","Red","2","0","BaseLayer","False"
"FILL","False","AliceBlue","25.36047492659778","-147","13","0","6.283185307179586"
"Text","Black","1","0","BaseLayer","False"
"傍接円は三角形の一辺と接し他の2辺の延長となる直線に接する円\\n一つの三角形に３つの円が存在する\\n","63.81313770438752","-106.44526878791454","4","0","Left","Center","1.2","Yu Gothic UI","Normal","Normal"
"Line","Black","1","0","BaseLayer","False"
"18","-160","8.68965517241379","-144.48275862068965"
"Line","Black","1","0","BaseLayer","False"
"-9","-160","44.963154514444966","-160"
"Line","Black","1","0","BaseLayer","False"
"-9","-160","35.0288348660598","-121.37821502977211"
"Text","Black","1","0","BaseLayer","False"
"外接円の中心\\n\\n    (a^2 (c^2 + c^2 - a^2) av + b^2 (c^2 + a^2 -b^2) bv + c^2 (a^2 + b^2 - c^2)) / (16 * S^2)","1","-67","4","0","Left","Center","1.2","Yu Gothic UI","Normal","Normal"
"Text","Black","1","0","BaseLayer","False"
"内接円の中心\\n\\n頂点 A\,B\,C の位置ベクトルを av\, bv\, cv とすると\\n内接円の中心座標は\\n    cp = (a av + b bv + c cv) / ( a + b + c)\\n","42","20","4","0","Left","Center","1.2","Yu Gothic UI","Normal","Normal"
"Text","Black","1","0","BaseLayer","False"
"傍接円の半径\\n\\n    r = 2 * S / (b + c - a)        (角Aの傍接円の半径)","66.3302119857093","-122.01981069329902","4","0","Left","Center","1.2","Yu Gothic UI","Normal","Normal"
"Text","Black","1","0","BaseLayer","False"
"ヘロンの公式\\n\\n3角形の周の半分を\\n     s = (a + b + c) / 2\\n3角形の面積は\\n    A = sqr(s * (s - a) * (s - b) * (s - c))","162.25394741227373","80.62651345144313","4","0","Left","Center","1.2","Yu Gothic UI","Normal","Normal"
"Arc","Blue","1","0","BaseLayer","False"
"FILL","False","AliceBlue","17.961795736232002","57.44001939852253","7.440019398522529","0","6.283185307179586"
"Text","Black","1","0","BaseLayer","False"
"傍接円の中心\\n\\n頂点Aに対する辺と接する傍接円の中心は\\n    (b bv + c cv - a av) / (b + c - a)","70","-142","4","0","Left","Center","1.2","Yu Gothic UI","Normal","Normal"
"Text","Black","1","0","BaseLayer","False"
"A","-13","-161","4","0","Center","Center","1.2","Yu Gothic UI","Normal","Normal"
"Text","Black","1","0","BaseLayer","False"
"B","19","-164","4","0","Center","Center","1.2","Yu Gothic UI","Normal","Normal"
"Text","Black","1","0","BaseLayer","False"
"C","7","-141","4","0","Center","Center","1.2","Yu Gothic UI","Normal","Normal"
"Text","Black","1","0","BaseLayer","False"
"c","6","-163","4","0","Center","Center","1.2","Yu Gothic UI","Normal","Normal"
"Text","Black","1","0","BaseLayer","False"
"a","16","-150","4","0","Center","Center","1.2","Yu Gothic UI","Normal","Normal"
"Text","Black","1","0","BaseLayer","False"
"b","-2","-147","4","0","Center","Center","1.2","Yu Gothic UI","Normal","Normal"
"Line","Black","1","0","BaseLayer","False"
"223","-86","291","-86"
"Line","Black","1","0","BaseLayer","False"
"291","-86","291","-122"
"Line","Black","1","0","BaseLayer","False"
"223","-122","223","-86"
"Arc","Blue","1","0","BaseLayer","False"
"FILL","False","AliceBlue","245.6230487706798","-30.932649796021963","29.067350203978037","0","6.283185307179586"
"Arc","Blue","1","0","BaseLayer","False"
"FILL","False","AliceBlue","273","-104","18","0","6.283185307179586"
"Arc","Blue","1","0","BaseLayer","False"
"FILL","False","AliceBlue","241","-104.00000000000001","17.999999999999993","0","6.283185307179586"
"Arc","Black","1","0","BaseLayer","False"
"FILL","False","AliceBlue","181.76719513175922","-37.048348195649936","22.951651804350064","0","6.283185307179586"
"Line","Black","1","0","BaseLayer","False"
"291","-122","223","-122"
"Text","Black","1","0","BaseLayer","False"
"円の中心\\n\\nCadAppでは円の中心を求めるのにベクトルは使わず\\n三角形の線分と半径分のオフセット線分同士の交点から\\n求める。","161","43","4","0","Left","Center","1.2","Yu Gothic UI","Normal","Normal"
"Line","Fuchsia","1","0","BaseLayer","False"
"168.84036586346653","-37.048348195649936","223.84036586346653","-37.048348195649936"
"Line","Fuchsia","1","0","BaseLayer","False"
"196.19239239743322","-12.405302866790178","172.19239239743322","-53.40530286679018"
"Text","Black","1","0","BaseLayer","False"
"3線分に接する円の求め方","99","108","8","0","Center","Center","1.2","Yu Gothic UI","Normal","Normal"
"Line","Black","1","0","BaseLayer","False"
"240.2065838092039","-68.81860933825999","188.93349009069533","-10.424252603291908"
"Line","Black","1","0","BaseLayer","False"
"173","-60","265","-60"
"Line","Black","1","0","BaseLayer","False"
"191.8192290651307","-65.30881701373505","228.21798848028357","-3.127603012848919"
