﻿"Property"
"Prperty","Color","Black","PointType","1","PointSize","3","LineType","0","Thickness","1","TextSize","6","TextRotate","0","LinePitchRate","1.2","HA","Left","VA","Bottom","ArrowSize","3","ArrowAngle","0.5235987755982988","GridSize","5"
"Comment"
"Comment","Comment",""
"Polygon","Black","1","0"
"0","0","210","0","210","297","0","297"
"Text","Black","1","0"
"CadApp のコンセプト","10","270","6","0","Left","Bottom","1.2"
"Text","Black","1","0"
"・ノートの1ページにちょっとした図面が簡単に描けてシンプルにデータを管理する","10","260","6","0","Left","Bottom","1.2"
"Text","Black","1","0"
"特徴","10","245","6","0","Left","Bottom","1.2"
"Text","Black","1","0"
"・データの管理を大分類、分類、図面名の3段階で管理する","10","235","6","0","Left","Bottom","1.2"
"Text","Black","1","0"
"・製図コマンドは複雑にならないようにし、ピックやロケイトの組合せで機能をカバーする","10","225","6","0","Left","Bottom","1.2"
"Text","Black","1","0"
"・製図コマンドはメニューとキー入力の両方を使えるようにする","10","215","6","0","Left","Bottom","1.2"
"Text","Black","1","0"
"・ショートカットキーが設定できるようにする","10","205","6","0","Left","Bottom","1.2"
"Text","Black","1","0"
"問題点","10","165","6","0","Left","Bottom","1.2"
"Text","Black","1","0"
"・描画速度が遅い、スクロールがマウスの動きについていかない","10","155","6","0","Left","Bottom","1.2"
"Text","Black","1","0"
"・メニューを使ったロケイトのやり方が直感的にわかりにくい感じがする","10","145","6","0","Left","Bottom","1.2"
"Text","Black","1","0"
"今後の改善","10","115","6","0","Left","Bottom","1.2"
"Text","Black","1","0"
"ノート CADのメモ","100","295","10","0","Center","Top","1.2"
"Text","Black","1","0"
"・編集のコピーで回数指定を入れたいがどうやって指定させるか?\\n・自由曲線のサポート、幾何計算もめんどうだが、あまり使わなそうな気もする\\n・DXF変換はいま基本要素だけだが、順次サポート要素を拡大したい\\n・印刷機能は今のところ必要性を感じていないが検討する\\n・ショートカッキーをユーザー設定できるようにする\\n","10","105","6","0","Left","Bottom","1.2"
