﻿"Property"
"Prperty","Color","Black","PointType","1","PointSize","3","LineType","0","Thickness","1","TextSize","12","TextRotate","0","LinePitchRate","1.2","HA","Left","VA","Center","ArrowSize","6","ArrowAngle","0.5235987755982988","GridSize","1","DispLaerBit","4294967295","CreateLayer","BaseLayer","OneLayerDisp","False","FontFamily","Yu Gothic UI","FontStyle","Normal","FontWeight","Normal","SymbolCategoryIindex","0","BackColor","White"
"Comment"
"Comment","Comment",""
"Text","Black","1","0","BaseLayer","False"
"点と線分との交点(垂点)","5","316","12","0","Left","Top","1.2","Yu Gothic UI","Normal","Normal"
"Point","Black","3","1","BaseLayer","False"
"118","211"
"Text","Black","1","0","BaseLayer","False"
"ps","-19","208","12","0","Left","Center","1.2","Yu Gothic UI","Normal","Normal"
"Text","Black","1","0","BaseLayer","False"
"p","127","214","12","0","Left","Center","1.2","Yu Gothic UI","Normal","Normal"
"Polygon","Black","1","0","BaseLayer","False"
"FILL","False","AliceBlue","58.60112751677852","150.982389261745","65.9160435452081","158.37350233213738","58.79591645632565","165.42022604896948","51.48100042789607","158.02911297857713"
"Arc","Black","1","0","BaseLayer","False"
"FILL","False","AliceBlue","2","207","12.083045973594572","5.502968444566376","6.317654408179095"
"Text","Black","1","0","BaseLayer","False"
"θ","17","199","12","0","Left","Center","1.2","Yu Gothic UI","Normal","Normal"
"Arc","Black","1","0","BaseLayer","False"
"FILL","False","AliceBlue","67.40155440414507","216.9663212435233","68.2941420719085","3.377564043315831","4.5148743888580665"
"Text","Black","1","0","BaseLayer","False"
"ll","11","164","12","0","Left","Center","1.2","Yu Gothic UI","Normal","Normal"
"Text","Black","1","0","BaseLayer","False"
"lp","54","227","12","0","Left","Center","1.2","Yu Gothic UI","Normal","Normal"
"Arc","Black","1","0","BaseLayer","False"
"FILL","False","AliceBlue","66.53571428571429","38.80357142857143","181.25318874746023","1.3115520349024183","1.9054765236211035"
"Text","Black","1","0","BaseLayer","False"
"q","51","140","12","0","Left","Center","1.2","Yu Gothic UI","Normal","Normal"
"Text","Black","1","0","BaseLayer","False"
"ll = lp x cos(θ)\\nq.x = ps.x + ll x cos(α)\\nq.y = ps.y + ll x sin(α)","-22","73","12","0","Left","Center","1.2","Yu Gothic UI","Normal","Normal"
"Arc","Black","1","0","BaseLayer","False"
"FILL","False","AliceBlue","90.91666666666667","119","11.7334398669406","5.502968444566378","6.283185307179586"
"Line","Black","1","0","BaseLayer","False"
"2","207","108.54115436241611","101.55720805369126"
"Text","Black","1","0","BaseLayer","False"
"-α","105","114","12","0","Left","Center","1.2","Yu Gothic UI","Normal","Normal"
"Line","Blue","1","1","BaseLayer","False"
"60","119","152","119"
"Line","Blue","1","1","BaseLayer","False"
"2","207","118","211"
"Line","Blue","1","1","BaseLayer","False"
"118","211","58.60112751677851","150.98238926174497"
"Text","Black","1","0","BaseLayer","False"
"pe","112","97","12","0","Left","Center","1.2","Yu Gothic UI","Normal","Normal"
"Line","Black","1","0","BaseLayer","False"
"262","187","397","110"
"Line","Black","1","0","BaseLayer","False"
"266","111","398","197"
"Text","Black","1","0","BaseLayer","False"
"水平線","20","117","12","0","Left","Center","1.2","Yu Gothic UI","Normal","Normal"
"Text","Black","1","0","BaseLayer","False"
"ベクトルの内積","-15","-80","12","0","Left","Center","1.2","Yu Gothic UI","Normal","Normal"
"Text","Black","1","0","BaseLayer","False"
"内積の定義    |A| |B| cosθ","-17","-119","12","0","Left","Center","1.2","Yu Gothic UI","Normal","Normal"
"Parts","Black","1","0","BaseLayer","False"
"name","矢印","line","97","-241","-3","-239","line","97","-241","91.74489849251385","-243.89549790986229","line","97","-241","91.86487449971145","-237.89669754998224","textSize","12","textRotate","0","fontFamily","Yu Gothic UI","fontStyle","Normal","fontWeight","Normal","linePitchRate","1.2","arrowSize","6","arrowAngle","0.5235987755982988"
"Parts","Black","1","0","BaseLayer","False"
"name","矢印","line","48","-180","-2","-238","line","48","-180","46.87945608570434","-185.89443647316136","line","48","-180","42.33499631610088","-181.97679874074458","textSize","12","textRotate","0","fontFamily","Yu Gothic UI","fontStyle","Normal","fontWeight","Normal","linePitchRate","1.2","arrowSize","6","arrowAngle","0.5235987755982988"
"Parts","Black","1","0","BaseLayer","False"
"name","矢印","line","49","-181","94","-238","line","49","-181","54.57441446791648","-183.21943761793014","line","49","-181","49.86511787471593","-186.93730334940426","textSize","12","textRotate","0","fontFamily","Yu Gothic UI","fontStyle","Normal","fontWeight","Normal","linePitchRate","1.2","arrowSize","6","arrowAngle","0.5235987755982988"
"Arc","Black","1","0","BaseLayer","False"
"FILL","False","AliceBlue","-3","-239","19.1049731745428","6.263187973206436","7.139890935362325"
"Text","Black","1","0","BaseLayer","False"
"θ","17","-229","12","0","Left","Center","1.2","Yu Gothic UI","Normal","Normal"
"Text","Black","1","0","BaseLayer","False"
"A","45","-234","12","0","Left","Center","1.2","Yu Gothic UI","Normal","Normal"
"Text","Black","1","0","BaseLayer","False"
"B","14","-203","12","0","Left","Center","1.2","Yu Gothic UI","Normal","Normal"
"Text","Black","1","0","BaseLayer","False"
"B-A","70","-202","12","0","Left","Center","1.2","Yu Gothic UI","Normal","Normal"
"Text","Black","1","0","BaseLayer","False"
"O","-14","-240","12","0","Left","Center","1.2","Yu Gothic UI","Normal","Normal"
"Text","Black","1","0","BaseLayer","False"
"P","100","-244","12","0","Left","Center","1.2","Yu Gothic UI","Normal","Normal"
"Text","Black","1","0","BaseLayer","False"
"Q","44","-170","12","0","Left","Center","1.2","Yu Gothic UI","Normal","Normal"
"Text","Black","1","0","BaseLayer","False"
"余弦定理より△OPQに対して\\n |B - A|^2 = |A|^2 + |B|^2 - 2 |A| |B| cosθ\\nA = (Ax\,Ay) \, B = (Bx\,By) とすると\\n(Bx - Ax)^2 + (By - Ay)^2 = (Ax^2 + Ay^2) + (Bx^2 + By^2)  - 2 A・B となる\\nA・B = Ax Bx + Ay By \\nとなる\\n\\nhttps://yomoriki.com/mechanics/for-beginners/4703/\\n","-82","-269","12","0","Left","Center","1.2","Yu Gothic UI","Normal","Normal"
"Text","Black","1","0","BaseLayer","False"
"p1","255","101","12","0","Left","Center","1.2","Yu Gothic UI","Normal","Normal"
"Text","Black","1","0","BaseLayer","False"
"p2","404","205","12","0","Left","Center","1.2","Yu Gothic UI","Normal","Normal"
"Text","Black","1","0","BaseLayer","False"
"p3","248","199","12","0","Left","Center","1.2","Yu Gothic UI","Normal","Normal"
"Text","Black","1","0","BaseLayer","False"
"p4","401","102","12","0","Left","Center","1.2","Yu Gothic UI","Normal","Normal"
"Text","Black","1","0","BaseLayer","False"
"p","323","137","12","0","Left","Center","1.2","Yu Gothic UI","Normal","Normal"
"Text","Black","1","0","BaseLayer","False"
"(p1x - p2x) y + (p1y - p2y) x + (p1y p2x - p1x p2y) = 0","247","238","12","0","Left","Center","1.2","Yu Gothic UI","Normal","Normal"
"Parts","Black","1","0","BaseLayer","False"
"name","矢印","line","372","189","350","225","line","372","189","366.73062076909946","191.86943243882027","line","372","189","371.8503117710112","194.9981324955441","textSize","12","textRotate","0","fontFamily","Yu Gothic UI","fontStyle","Normal","fontWeight","Normal","linePitchRate","1.2","arrowSize","6","arrowAngle","0.5235987755982988"
"Text","Black","1","0","BaseLayer","False"
"(p3x - p4x) y + (p3y - p42y) x + (p3y p4x - p3x p4y) = 0","273","72","12","0","Left","Center","1.2","Yu Gothic UI","Normal","Normal"
"Parts","Black","1","0","BaseLayer","False"
"name","矢印","line","361","118","341","82","line","361","118","361.0989971349504","112.00081675831855","line","361","118","355.8540534782212","114.91467434539034","textSize","12","textRotate","0","fontFamily","Yu Gothic UI","fontStyle","Normal","fontWeight","Normal","linePitchRate","1.2","arrowSize","6","arrowAngle","0.5235987755982988"
"Text","Black","1","0","BaseLayer","False"
"方程式に変換\\n(p1x - p2x) y + (p1y - p2y) x + (p1y p2x - p1x p2y) = 0\\n方向係数\\n(p1y - p2y) / (p1x - p2x)\\n2直線の交点は下記方程式を解く\\na1y + b1x + c1 = 0\\na2y + b2x + c2 = 0\\n\\nx = (c1a2 - c2a1) / (a1b2 - a2b1)\\ny = (c2b1 - c1b2) / (a1b2 - a2b1)\\n\\n2直線が平行(交点がない)\\na1b2 - a2b1 = 0\\n\\na1 = p1x - p2x                        a2 = p3x - p4x\\nb1 = p1y - p2y                       b2 = p3y - p4y\\nc1 = p1y p2x - p1x p2y          c2 = p3y p4x - p3x p4y\\n","241","36","12","0","Left","Center","1.2","Yu Gothic UI","Normal","Normal"
"Text","Black","1","0","BaseLayer","False"
"線分と線分の交点","721","305","12","0","Left","Center","1.2","Yu Gothic UI","Normal","Normal"
"Line","Black","1","0","BaseLayer","False"
"647","141","860","234"
"Polygon","Black","1","0","BaseLayer","False"
"FILL","False","AliceBlue","774.6627790736422","196.7400866377874","783.8273123647152","200.74150258177704","787.8287283087049","191.57696929070403","778.6641950176319","187.5755533467144"
"Line","Blue","1","1","BaseLayer","False"
"718.4539057227375","172.19818418880087","799","141"
"Line","Blue","1","1","BaseLayer","False"
"799","141","774.6627790736421","196.7400866377874"
"Text","Black","1","0","BaseLayer","False"
"R","750","150","12","0","Left","Center","1.2","Yu Gothic UI","Normal","Normal"
"Text","Black","1","0","BaseLayer","False"
"CP","796","133","12","0","Left","Center","1.2","Yu Gothic UI","Normal","Normal"
"Arc","Black","1","0","BaseLayer","False"
"FILL","False","AliceBlue","799.0000000000001","141","10.630145812734735","1.9824676702267885","2.7720533131069027"
"Text","Black","1","0","BaseLayer","False"
"θ","784","152","12","0","Left","Center","1.2","Yu Gothic UI","Normal","Normal"
"Text","Black","1","0","BaseLayer","False"
"Line\\n","649","161","12","0","Left","Center","1.2","Yu Gothic UI","Normal","Normal"
"Text","Black","1","0","BaseLayer","False"
"Arc\\n","869","82","12","0","Left","Center","1.2","Yu Gothic UI","Normal","Normal"
"Text","Black","1","0","BaseLayer","False"
"線分と線分の交点","295","312","12","0","Left","Center","1.2","Yu Gothic UI","Normal","Normal"
"Text","Black","1","0","BaseLayer","False"
"l","790","174","12","0","Left","Center","1.2","Yu Gothic UI","Normal","Normal"
"Text","Black","1","0","BaseLayer","False"
"P","765","184","12","0","Left","Center","1.2","Yu Gothic UI","Normal","Normal"
"Line","Blue","1","1","BaseLayer","False"
"774.6627790736421","196.74008663778739","764.4369373719006","220.16056279338892"
"Text","Black","1","0","BaseLayer","False"
"p2","759","229","12","0","Left","Center","1.2","Yu Gothic UI","Normal","Normal"
"Text","Black","1","0","BaseLayer","False"
"p3","705","180","12","0","Left","Center","1.2","Yu Gothic UI","Normal","Normal"
"Text","Black","1","0","BaseLayer","False"
"p は円の中心から線分への垂点\\nl は CP と p をつなぐ線分\\nl を円の半径に延長してp2を求める\\np2 を θ 回転して線分との交点 p3 を求める\\nθ = acos(r /R) 　r = CP - p の距離\\n","698","5","12","0","Left","Center","1.2","Yu Gothic UI","Normal","Normal"
"Text","Black","1","0","BaseLayer","False"
"2点を通る直線の方程式\\n\\n直線状の2点  P0(x0\,y0)\, P1(x1\,y1)\\na y + b x + c = 0\\n(x0 - x1) y + (y- - y0) x ; (y0 x1 - x0 y1) = 0\\na = x0 - x1\\nb = y1 - y0\\nc = y0 x1 - x0 y1\\n\\n方向係数  (y0 - y1) / (x0 - x1)","369","-254","12","0","Left","Center","1.2","Yu Gothic UI","Normal","Normal"
"Text","Black","1","0","BaseLayer","False"
"直線と円の交点(方程式の解)\\n\\n直線の方程式   a y + b x + c = 0\\n円の方程式  (x - x0)^2 + (y - y0)^2 = r^2    x0\,y0:中心  r:半径\\n\\n直線の方程式より  y = -(bx + c) / a\\n円の方程式に代入\\n(a^2 + b^2) x^2 + 2(bc + ab - a^2 x0) x + a^2(x0^2 + y0^2 - r^2) + c^2 = 0\\nA = a^2 + b^2\\nB = 2(bc +ab - a^2 x0)\\nC = a^2(x0^2 + y0^2 - r^2) + c^2 + 2 a c y0\\nA x^2 + B x + C = 0 を解く","652","-257","12","0","Left","Center","1.2","Yu Gothic UI","Normal","Normal"
"Arc","Black","1","0","BaseLayer","False"
"FILL","False","AliceBlue","799","141","86.37708029332781","0","6.283185307179586"
