﻿"Property"
"Prperty","Color","Black","PointType","2","PointSize","3","LineType","0","Thickness","1","TextSize","6","TextRotate","0","LinePitchRate","1.2","HA","Left","VA","Center","ArrowSize","3","ArrowAngle","0.5235987755982988","GridSize","5","DispLaerBit","31","CreateLayer","製図機能一覧","OneLayerDisp","False","FontFamily","Yu Gothic UI","FontStyle","Normal","FontWeight","Normal"
"Comment"
"Comment","Comment","CadAppの操作の一覧"
"Text","Black","1","0","コマンド機能一覧"
"四角","35","-535","6","0","Left","Top","1.2","Yu Gothic UI","Normal","Normal"
"Text","Black","1","0","コマンド機能一覧"
"ポリライン","35","-545","6","0","Left","Top","1.2","Yu Gothic UI","Normal","Normal"
"Text","Black","1","0","コマンド機能一覧"
"ポリコ゜ン","35","-555","6","0","Left","Top","1.2","Yu Gothic UI","Normal","Normal"
"Text","Black","1","0","コマンド機能一覧"
"円弧","35","-565","6","0","Left","Top","1.2","Yu Gothic UI","Normal","Normal"
"Text","Black","1","0","コマンド機能一覧"
"円","35","-575","6","0","Left","Top","1.2","Yu Gothic UI","Normal","Normal"
"Text","Black","1","0","コマンド機能一覧"
"接円","35","-585","6","0","Left","Top","1.2","Yu Gothic UI","Normal","Normal"
"Text","Black","1","0","コマンド機能一覧"
"文字列","35","-605","6","0","Left","Top","1.2","Yu Gothic UI","Normal","Normal"
"Text","Black","1","0","コマンド機能一覧"
"矢印","35","-615","6","0","Left","Top","1.2","Yu Gothic UI","Normal","Normal"
"Text","Black","1","0","コマンド機能一覧"
"ラベル","35","-625","6","0","Left","Top","1.2","Yu Gothic UI","Normal","Normal"
"Text","Black","1","0","コマンド機能一覧"
"楕円","35","-595","6","0","Left","Top","1.2","Yu Gothic UI","Normal","Normal"
"Text","Black","1","0","コマンド機能一覧"
"2","295","-535","6","0","Left","Top","1.2","Yu Gothic UI","Normal","Normal"
"Text","Black","1","0","コマンド機能一覧"
"3","295","-565","6","0","Left","Top","1.2","Yu Gothic UI","Normal","Normal"
"Text","Black","1","0","コマンド機能一覧"
"2","295","-575","6","0","Left","Top","1.2","Yu Gothic UI","Normal","Normal"
"Text","Black","1","0","コマンド機能一覧"
"2","270","-585","6","0","Left","Top","1.2","Yu Gothic UI","Normal","Normal"
"Text","Black","1","0","コマンド機能一覧"
"1","295","-585","6","0","Left","Top","1.2","Yu Gothic UI","Normal","Normal"
"Text","Black","1","0","コマンド機能一覧"
"2 以上","290","-545","6","0","Left","Top","1.2","Yu Gothic UI","Normal","Normal"
"Text","Black","1","0","コマンド機能一覧"
"2 以上","290","-555","6","0","Left","Top","1.2","Yu Gothic UI","Normal","Normal"
"Text","Black","1","0","コマンド機能一覧"
"線分、ポリライン、ポリゴン","320","-585","6","0","Left","Top","1.2","Yu Gothic UI","Normal","Normal"
"Text","Black","1","0","コマンド機能一覧"
"1","295","-605","6","0","Left","Top","1.2","Yu Gothic UI","Normal","Normal"
"Text","Black","1","0","コマンド機能一覧"
"2","295","-615","6","0","Left","Top","1.2","Yu Gothic UI","Normal","Normal"
"Text","Black","1","0","コマンド機能一覧"
"2","295","-625","6","0","Left","Top","1.2","Yu Gothic UI","Normal","Normal"
"Text","Black","1","0","コマンド機能一覧"
"2","295","-595","6","0","Left","Top","1.2","Yu Gothic UI","Normal","Normal"
"Text","Black","1","0","コマンド機能一覧"
"ロケイト位置に三点円弧を作成","95","-565","6","0","Left","Top","1.2","Yu Gothic UI","Normal","Normal"
"Text","Black","1","0","コマンド機能一覧"
"中心点と円周上の位置を指定して円を作成","95","-575","6","0","Left","Top","1.2","Yu Gothic UI","Normal","Normal"
"Text","Black","1","0","コマンド機能一覧"
"2本の線分または円弧をピックしてそれに接する円を作成","95","-585","6","0","Left","Top","1.2","Yu Gothic UI","Normal","Normal"
"Text","Black","1","0","コマンド機能一覧"
"2点で指定した四角の領域に楕円を作成","95","-595","6","0","Left","Top","1.2","Yu Gothic UI","Normal","Normal"
"Text","Black","1","0","コマンド機能一覧"
"文字入力欄の文字列をロケイト位置に作成","95","-605","6","0","Left","Top","1.2","Yu Gothic UI","Normal","Normal"
"Text","Black","1","0","コマンド機能一覧"
"ロケイト位置に矢印を作成","95","-615","6","0","Left","Top","1.2","Yu Gothic UI","Normal","Normal"
"Text","Black","1","0","コマンド機能一覧"
"ロケイト位置にラベルを作成","95","-625","6","0","Left","Top","1.2","Yu Gothic UI","Normal","Normal"
"Line","Black","1","0","コマンド機能一覧"
"30","-535","450","-535"
"Line","Black","1","0","コマンド機能一覧"
"30.000000000000007","-545","450","-545"
"Line","Black","1","0","コマンド機能一覧"
"30","-555","450","-555"
"Line","Black","1","0","コマンド機能一覧"
"30","-565","450","-565"
"Line","Black","1","0","コマンド機能一覧"
"30.000000000000007","-575","450","-575"
"Line","Black","1","0","コマンド機能一覧"
"29.999999999999993","-585","450","-585"
"Line","Black","1","0","コマンド機能一覧"
"29.999999999999993","-595","450","-595"
"Line","Black","1","0","コマンド機能一覧"
"30","-615","450","-615"
"Line","Black","1","0","コマンド機能一覧"
"30.000000000000007","-625","450","-625"
"Line","Black","1","0","コマンド機能一覧"
"30","-635","450","-635"
"Line","Black","1","0","コマンド機能一覧"
"29.999999999999993","-605","450","-605"
"Text","Black","1","0","コマンド機能一覧"
"メインコマンド","-5","-495","6","0","Left","Top","1.2","Yu Gothic UI","Normal","Normal"
"Text","Black","1","0","コマンド機能一覧"
"コマンド機能一覧","0","-485","6","0","Left","Top","1.2","Yu Gothic UI","Normal","Normal"
"Text","Black","1","0","コマンド機能一覧"
"作成","0","-505","6","0","Left","Top","1.2","Yu Gothic UI","Normal","Normal"
"Text","Black","1","0","コマンド機能一覧"
"サブコマンド","35","-495","6","0","Left","Top","1.2","Yu Gothic UI","Normal","Normal"
"Text","Black","1","0","コマンド機能一覧"
"点","35","-505","6","0","Left","Top","1.2","Yu Gothic UI","Normal","Normal"
"Text","Black","1","0","コマンド機能一覧"
"線分","35","-515","6","0","Left","Top","1.2","Yu Gothic UI","Normal","Normal"
"Text","Black","1","0","コマンド機能一覧"
"ピック数","260","-495","6","0","Left","Top","1.2","Yu Gothic UI","Normal","Normal"
"Text","Black","1","0","コマンド機能一覧"
"ロケイト数","290","-495","6","0","Left","Top","1.2","Yu Gothic UI","Normal","Normal"
"Text","Black","1","0","コマンド機能一覧"
"1","295","-505","6","0","Left","Top","1.2","Yu Gothic UI","Normal","Normal"
"Text","Black","1","0","コマンド機能一覧"
"2","295","-515","6","0","Left","Top","1.2","Yu Gothic UI","Normal","Normal"
"Text","Black","1","0","コマンド機能一覧"
"対象要素","320","-495","6","0","Left","Top","1.2","Yu Gothic UI","Normal","Normal"
"Text","Black","1","0","コマンド機能一覧"
"機能","95","-495","6","0","Left","Top","1.2","Yu Gothic UI","Normal","Normal"
"Text","Black","1","0","コマンド機能一覧"
"ロケイト位置に点を作成","95","-505","6","0","Left","Top","1.2","Yu Gothic UI","Normal","Normal"
"Text","Black","1","0","コマンド機能一覧"
"ロケイト位置に線分を作成","95","-515","6","0","Left","Top","1.2","Yu Gothic UI","Normal","Normal"
"Line","Black","1","0","コマンド機能一覧"
"-5","-495","450","-495"
"Line","Black","1","0","コマンド機能一覧"
"-4.999999999999999","-505","450","-505"
"Line","Black","1","0","コマンド機能一覧"
"30","-515","450","-515"
"Line","Black","1","0","コマンド機能一覧"
"30","-525","450","-525"
"Text","Black","1","0","コマンド機能一覧"
"水平垂直線分","35","-525","6","0","Left","Top","1.2","Yu Gothic UI","Normal","Normal"
"Text","Black","1","0","コマンド機能一覧"
"ロケイト位置を元に水平または垂直線をポリラインで作成","95","-525","6","0","Left","Top","1.2","Yu Gothic UI","Normal","Normal"
"Text","Black","1","0","コマンド機能一覧"
"ロケイト位置に四角をポリラインで作成","95","-535","6","0","Left","Top","1.2","Yu Gothic UI","Normal","Normal"
"Text","Black","1","0","コマンド機能一覧"
"2 以上","290","-525","6","0","Left","Top","1.2","Yu Gothic UI","Normal","Normal"
"Text","Black","1","0","コマンド機能一覧"
"ロケイト位置に連続線をポリラインを作成","95","-545","6","0","Left","Top","1.2","Yu Gothic UI","Normal","Normal"
"Text","Black","1","0","コマンド機能一覧"
"ロケイト位置に閉領域をポリゴンで作成","95","-555","6","0","Left","Top","1.2","Yu Gothic UI","Normal","Normal"
"Text","Black","1","0","モードとマウスボタン操作"
"Pick","50","-375","6","0","Left","Bottom","1.2","Yu Gothic UI","Normal","Normal"
"Text","Black","1","0","モードとマウスボタン操作"
"モードとマウスボタン操作","0","-365","6","0","Left","Bottom","1.2","Yu Gothic UI","Normal","Normal"
"Line","Black","1","0","モードとマウスボタン操作"
"-5","-375","230","-375"
"Line","Black","1","0","モードとマウスボタン操作"
"-5","-395","230","-395"
"Line","Black","1","0","モードとマウスボタン操作"
"-5","-405","230","-405"
"Line","Black","1","0","モードとマウスボタン操作"
"-5","-425","230","-425"
"Line","Black","1","0","モードとマウスボタン操作"
"-5","-435","230","-435"
"Text","Black","1","0","モードとマウスボタン操作"
"Area","205","-375","6","0","Left","Bottom","1.2","Yu Gothic UI","Normal","Normal"
"Text","Black","1","0","モードとマウスボタン操作"
"領域指定","200","-385","6","0","Left","Bottom","1.2","Yu Gothic UI","Normal","Normal"
"Line","Black","1","0","モードとマウスボタン操作"
"40","-365","40","-455"
"Text","Black","1","0","モードとマウスボタン操作"
"Pick モード : コマンドを選択前の状態","0.22034148766524186","-455.8135117343604","6","0","Left","Top","1.2","Yu Gothic UI","Normal","Normal"
"Text","Black","1","0","モードとマウスボタン操作"
"Locate モード : コマンドを選択後の状態","0.22034148766524186","-462.9490723947123","6","0","Left","Top","1.2","Yu Gothic UI","Normal","Normal"
"Text","Black","1","0","モードとマウスボタン操作"
"Area モード : 領域選択、領域表示を選択した時の状態","0.8813659506609657","-470.08463305506416","6","0","Left","Top","1.2","Yu Gothic UI","Normal","Normal"
"Line","Black","1","0","モードとマウスボタン操作"
"195","-365","195","-455"
"Polygon","Black","1","0","モードとマウスボタン操作"
"-5","-365","230","-365","230","-455","-5","-455"
"Line","Black","1","0","モードとマウスボタン操作"
"-5","-445","230","-445"
"Text","Black","1","0","モードとマウスボタン操作"
"Locate","100","-375","6","0","Left","Bottom","1.2","Yu Gothic UI","Normal","Normal"
"Text","Black","1","0","モードとマウスボタン操作"
"位置座標追加","95","-385","6","0","Left","Bottom","1.2","Yu Gothic UI","Normal","Normal"
"Text","Black","1","0","モードとマウスボタン操作"
"座標確定(座標数固定コマンド)","95","-395","6","0","Left","Bottom","1.2","Yu Gothic UI","Normal","Normal"
"Text","Black","1","0","モードとマウスボタン操作"
"スクロール","95","-405","6","0","Left","Bottom","1.2","Yu Gothic UI","Normal","Normal"
"Text","Black","1","0","モードとマウスボタン操作"
"要素上の座標(交点、端点など)","95","-415","6","0","Left","Bottom","1.2","Yu Gothic UI","Normal","Normal"
"Text","Black","1","0","モードとマウスボタン操作"
"座標確定(ピックなし座標数不定コマンド)","95","-425","6","0","Left","Bottom","1.2","Yu Gothic UI","Normal","Normal"
"Text","Black","1","0","モードとマウスボタン操作"
"要素上の座標をメニュー選択","95","-435","6","0","Left","Bottom","1.2","Yu Gothic UI","Normal","Normal"
"Text","Black","1","0","モードとマウスボタン操作"
"座標をメニュー選択で指定","95","-455","6","0","Left","Bottom","1.2","Yu Gothic UI","Normal","Normal"
"Line","Black","1","0","モードとマウスボタン操作"
"90","-365","90","-455"
"Text","Black","1","0","モードとマウスボタン操作"
"左ボタン","-4","-385","6","0","Left","Bottom","1.2","Yu Gothic UI","Normal","Normal"
"Text","Black","1","0","モードとマウスボタン操作"
"右ボタン","-4","-415","6","0","Left","Bottom","1.2","Yu Gothic UI","Normal","Normal"
"Text","Black","1","0","モードとマウスボタン操作"
"ダブルクリック","-4","-440","6","0","Left","Center","1.2","Yu Gothic UI","Normal","Normal"
"Text","Black","1","0","モードとマウスボタン操作"
"メニューキー・ボタン","-4","-455","6","0","Left","Bottom","1.2","Yu Gothic UI","Normal","Normal"
"Text","Black","1","0","モードとマウスボタン操作"
"文字列/属性変更","41","-440","6","0","Left","Center","1.2","Yu Gothic UI","Normal","Normal"
"Text","Black","1","0","モードとマウスボタン操作"
"アンピック","41","-435","6","0","Left","Bottom","1.2","Yu Gothic UI","Normal","Normal"
"Text","Black","1","0","モードとマウスボタン操作"
"要素選択","41","-415","6","0","Left","Bottom","1.2","Yu Gothic UI","Normal","Normal"
"Text","Black","1","0","モードとマウスボタン操作"
"スクロール","41","-405","6","0","Left","Bottom","1.2","Yu Gothic UI","Normal","Normal"
"Text","Black","1","0","モードとマウスボタン操作"
"モード","-4","-375","6","0","Left","Bottom","1.2","Yu Gothic UI","Normal","Normal"
"Text","Black","1","0","モードとマウスボタン操作"
"Ctrl + 左ボタン","-4","-405","6","0","Left","Bottom","1.2","Yu Gothic UI","Normal","Normal"
"Text","Black","1","0","モードとマウスボタン操作"
"Ctr + 右ボタン","-4","-435","6","0","Left","Bottom","1.2","Yu Gothic UI","Normal","Normal"
"Arc","Black","1","0","製図機能一覧"
"55","-5","2.5","0","6.283185307179586"
"Line","Black","1","0","製図機能一覧"
"53","-17","57","-13"
"Line","Black","1","0","製図機能一覧"
"53","-13","57","-17"
"Line","Black","1","0","製図機能一覧"
"53","3","57","7"
"Line","Black","1","0","製図機能一覧"
"53","7","57","3"
"Line","Black","1","0","製図機能一覧"
"53","13","57","17"
"Line","Black","1","0","製図機能一覧"
"53","17","57","13"
"Line","Black","1","0","製図機能一覧"
"53","23","57","27"
"Line","Black","1","0","製図機能一覧"
"53","27","57","23"
"Line","Black","1","0","製図機能一覧"
"73","-17","77","-13"
"Line","Black","1","0","製図機能一覧"
"73","-13","77","-17"
"Line","Black","1","0","製図機能一覧"
"98","-17","102","-13"
"Line","Black","1","0","製図機能一覧"
"98","-13","102","-17"
"Arc","Black","1","0","製図機能一覧"
"75","25","2.5","0","6.283185307179586"
"Arc","Black","1","0","製図機能一覧"
"75","15","2.5","0","6.283185307179586"
"Arc","Black","1","0","製図機能一覧"
"75","5","2.5","0","6.283185307179586"
"Arc","Black","1","0","製図機能一覧"
"75","-5","2.5","0","6.283185307179586"
"Arc","Black","1","0","製図機能一覧"
"100","25","2.5","0","6.283185307179586"
"Arc","Black","1","0","製図機能一覧"
"100","15","2.5","0","6.283185307179586"
"Arc","Black","1","0","製図機能一覧"
"100","5","2.5","0","6.283185307179586"
"Arc","Black","1","0","製図機能一覧"
"100","-5","2.5","0","6.283185307179586"
"Line","Black","1","0","製図機能一覧"
"188","23","192","27"
"Line","Black","1","0","製図機能一覧"
"188","27","192","23"
"Line","Black","1","0","製図機能一覧"
"218","23","222","27"
"Line","Black","1","0","製図機能一覧"
"218","27","222","23"
"Line","Black","1","0","製図機能一覧"
"218","13","222","17"
"Line","Black","1","0","製図機能一覧"
"218","17","222","13"
"Line","Black","1","0","製図機能一覧"
"218","-7","222","-3"
"Line","Black","1","0","製図機能一覧"
"218","-3","222","-7"
"Line","Black","1","0","製図機能一覧"
"218","-17","222","-13"
"Line","Black","1","0","製図機能一覧"
"218","-13","222","-17"
"Line","Black","1","0","製図機能一覧"
"243","23","247","27"
"Line","Black","1","0","製図機能一覧"
"243","27","247","23"
"Line","Black","1","0","製図機能一覧"
"243","13","247","17"
"Line","Black","1","0","製図機能一覧"
"243","17","247","13"
"Line","Black","1","0","製図機能一覧"
"243","-7","247","-3"
"Line","Black","1","0","製図機能一覧"
"243","-3","247","-7"
"Arc","Black","1","0","製図機能一覧"
"155","25","2.5","0","6.283185307179586"
"Arc","Black","1","0","製図機能一覧"
"155","15","2.5","0","6.283185307179586"
"Arc","Black","1","0","製図機能一覧"
"155","5","2.5","0","6.283185307179586"
"Arc","Black","1","0","製図機能一覧"
"155","-5","2.5","0","6.283185307179586"
"Arc","Black","1","0","製図機能一覧"
"155","-15","2.5","0","6.283185307179586"
"Arc","Black","1","0","製図機能一覧"
"190","15","2.5","0","6.283185307179586"
"Arc","Black","1","0","製図機能一覧"
"190","5","2.5","0","6.283185307179586"
"Arc","Black","1","0","製図機能一覧"
"190","-5","2.5","0","6.283185307179586"
"Arc","Black","1","0","製図機能一覧"
"190","-15","2.5","0","6.283185307179586"
"Arc","Black","1","0","製図機能一覧"
"245","5","2.5","0","6.283185307179586"
"Arc","Black","1","0","製図機能一覧"
"245","-15","2.5","0","6.283185307179586"
"Line","Black","1","0","製図機能一覧"
"268","23","272","27"
"Line","Black","1","0","製図機能一覧"
"268","27","272","23"
"Line","Black","1","0","製図機能一覧"
"268","13","272","17"
"Line","Black","1","0","製図機能一覧"
"268","17","272","13"
"Line","Black","1","0","製図機能一覧"
"268","-7","272","-3"
"Line","Black","1","0","製図機能一覧"
"268","-3","272","-7"
"Line","Black","1","0","製図機能一覧"
"298","23","302","27"
"Line","Black","1","0","製図機能一覧"
"298","27","302","23"
"Line","Black","1","0","製図機能一覧"
"298","13","302","17"
"Line","Black","1","0","製図機能一覧"
"298","17","302","13"
"Line","Black","1","0","製図機能一覧"
"298","-7","302","-3"
"Line","Black","1","0","製図機能一覧"
"298","-3","302","-7"
"Arc","Black","1","0","製図機能一覧"
"270","5","2.5","0","6.283185307179586"
"Arc","Black","1","0","製図機能一覧"
"270","-15","2.5","0","6.283185307179586"
"Arc","Black","1","0","製図機能一覧"
"300","5","2.5","0","6.283185307179586"
"Arc","Black","1","0","製図機能一覧"
"300","-15","2.5","0","6.283185307179586"
"Arc","Black","1","0","製図機能一覧"
"125","25","2.5","0","6.283185307179586"
"Arc","Black","1","0","製図機能一覧"
"125","15","2.5","0","6.283185307179586"
"Arc","Black","1","0","製図機能一覧"
"125","5","2.5","0","6.283185307179586"
"Arc","Black","1","0","製図機能一覧"
"125","-5","2.5","0","6.283185307179586"
"Line","Black","1","0","製図機能一覧"
"123","-17","127","-13"
"Line","Black","1","0","製図機能一覧"
"123","-13","127","-17"
"Arc","Black","1","0","製図機能一覧"
"220","5","2.5","0","6.283185307179586"
"Arc","Black","1","0","製図機能一覧"
"220","-25","2.5","0","6.283185307179586"
"Arc","Black","1","0","製図機能一覧"
"270","-25","2.5","0","6.283185307179586"
"Arc","Black","1","0","製図機能一覧"
"300","-25","2.5","0","6.283185307179586"
"Arc","Black","1","0","製図機能一覧"
"100","-35","2.5","0","6.283185307179586"
"Arc","Black","1","0","製図機能一覧"
"55","-45","2.5","0","6.283185307179586"
"Arc","Black","1","0","製図機能一覧"
"75","-45","2.5","0","6.283185307179586"
"Arc","Black","1","0","製図機能一覧"
"100","-45","2.5","0","6.283185307179586"
"Arc","Black","1","0","製図機能一覧"
"125","-45","2.5","0","6.283185307179586"
"Arc","Black","1","0","製図機能一覧"
"155","-45","2.5","0","6.283185307179586"
"Arc","Black","1","0","製図機能一覧"
"190","-45","2.5","0","6.283185307179586"
"Arc","Black","1","0","製図機能一覧"
"220","-45","2.5","0","6.283185307179586"
"Arc","Black","1","0","製図機能一覧"
"245","-45","2.5","0","6.283185307179586"
"Arc","Black","1","0","製図機能一覧"
"270","-45","2.5","0","6.283185307179586"
"Arc","Black","1","0","製図機能一覧"
"300","-45","2.5","0","6.283185307179586"
"Arc","Black","1","0","製図機能一覧"
"300","-55","2.5","0","6.283185307179586"
"Arc","Black","1","0","製図機能一覧"
"270","-55","2.5","0","6.283185307179586"
"Arc","Black","1","0","製図機能一覧"
"245","-55","2.5","0","6.283185307179586"
"Arc","Black","1","0","製図機能一覧"
"220","-55","2.5","0","6.283185307179586"
"Arc","Black","1","0","製図機能一覧"
"190","-55","2.5","0","6.283185307179586"
"Arc","Black","1","0","製図機能一覧"
"155","-55","2.5","0","6.283185307179586"
"Arc","Black","1","0","製図機能一覧"
"125","-55","2.5","0","6.283185307179586"
"Arc","Black","1","0","製図機能一覧"
"100","-55","2.5","0","6.283185307179586"
"Arc","Black","1","0","製図機能一覧"
"75","-55","2.5","0","6.283185307179586"
"Arc","Black","1","0","製図機能一覧"
"55","-55","2.5","0","6.283185307179586"
"Line","Black","1","0","製図機能一覧"
"53","-27","57","-23"
"Line","Black","1","0","製図機能一覧"
"53","-23","57","-27"
"Line","Black","1","0","製図機能一覧"
"53","-37","57","-33"
"Line","Black","1","0","製図機能一覧"
"53","-33","57","-37"
"Line","Black","1","0","製図機能一覧"
"73","-27","77","-23"
"Line","Black","1","0","製図機能一覧"
"73","-23","77","-27"
"Line","Black","1","0","製図機能一覧"
"73","-37","77","-33"
"Line","Black","1","0","製図機能一覧"
"73","-33","77","-37"
"Line","Black","1","0","製図機能一覧"
"98","-27","102","-23"
"Line","Black","1","0","製図機能一覧"
"98","-23","102","-27"
"Line","Black","1","0","製図機能一覧"
"123","-27","127","-23"
"Line","Black","1","0","製図機能一覧"
"123","-23","127","-27"
"Line","Black","1","0","製図機能一覧"
"123","-37","127","-33"
"Line","Black","1","0","製図機能一覧"
"123","-33","127","-37"
"Line","Black","1","0","製図機能一覧"
"153","-27","157","-23"
"Line","Black","1","0","製図機能一覧"
"153","-23","157","-27"
"Line","Black","1","0","製図機能一覧"
"153","-37","157","-33"
"Line","Black","1","0","製図機能一覧"
"153","-33","157","-37"
"Line","Black","1","0","製図機能一覧"
"188","-27","192","-23"
"Line","Black","1","0","製図機能一覧"
"188","-23","192","-27"
"Line","Black","1","0","製図機能一覧"
"188","-37","192","-33"
"Line","Black","1","0","製図機能一覧"
"188","-33","192","-37"
"Line","Black","1","0","製図機能一覧"
"218","-37","222","-33"
"Line","Black","1","0","製図機能一覧"
"218","-33","222","-37"
"Line","Black","1","0","製図機能一覧"
"243","-37","247","-33"
"Line","Black","1","0","製図機能一覧"
"243","-33","247","-37"
"Line","Black","1","0","製図機能一覧"
"243","-27","247","-23"
"Line","Black","1","0","製図機能一覧"
"243","-23","247","-27"
"Line","Black","1","0","製図機能一覧"
"268","-37","272","-33"
"Line","Black","1","0","製図機能一覧"
"268","-33","272","-37"
"Line","Black","1","0","製図機能一覧"
"298","-37","302","-33"
"Line","Black","1","0","製図機能一覧"
"298","-33","302","-37"
"Text","Black","1","0","製図機能一覧"
"製図機能一覧","5","105","8","0","Left","Top","1.2","Yu Gothic UI","Normal","Normal"
"Text","Black","1","0","製図機能一覧"
"点","50","90","7","0","Left","Top","1.2","Yu Gothic UI","Normal","Normal"
"Text","Black","1","0","製図機能一覧"
"線分","70","90","7","0","Left","Top","1.2","Yu Gothic UI","Normal","Normal"
"Text","Black","1","0","製図機能一覧"
"円弧","95","90","7","0","Left","Top","1.2","Yu Gothic UI","Normal","Normal"
"Text","Black","1","0","製図機能一覧"
"楕円","120","90","7","0","Left","Top","1.2","Yu Gothic UI","Normal","Normal"
"Text","Black","1","0","製図機能一覧"
"ポリライン","145","90","7","0","Left","Top","1.2","Yu Gothic UI","Normal","Normal"
"Text","Black","1","0","製図機能一覧"
"ポリゴン","180","90","7","0","Left","Top","1.2","Yu Gothic UI","Normal","Normal"
"Text","Black","1","0","製図機能一覧"
"文字列","210","90","7","0","Left","Top","1.2","Yu Gothic UI","Normal","Normal"
"Text","Black","1","0","製図機能一覧"
"矢印","240","90","7","0","Left","Top","1.2","Yu Gothic UI","Normal","Normal"
"Text","Black","1","0","製図機能一覧"
"ラベル","265","90","7","0","Left","Top","1.2","Yu Gothic UI","Normal","Normal"
"Text","Black","1","0","製図機能一覧"
"寸法線","290","90","7","0","Left","Top","1.2","Yu Gothic UI","Normal","Normal"
"Line","Black","1","0","製図機能一覧"
"45","90","45","-60"
"Line","Black","1","0","製図機能一覧"
"65","90","65","-60"
"Line","Black","1","0","製図機能一覧"
"90","90","90","-60"
"Line","Black","1","0","製図機能一覧"
"115","90","115","-60"
"Line","Black","1","0","製図機能一覧"
"140","90","140","-60"
"Line","Black","1","0","製図機能一覧"
"175","90","175","-60"
"Line","Black","1","0","製図機能一覧"
"205","90","205","-60"
"Line","Black","1","0","製図機能一覧"
"235","90","235","-60"
"Line","Black","1","0","製図機能一覧"
"260","90","260","-60"
"Line","Black","1","0","製図機能一覧"
"285","90","285","-60"
"Arc","Black","1","0","製図機能一覧"
"55","75","2.5","0","6.283185307179586"
"Arc","Black","1","0","製図機能一覧"
"75","75","2.5","0","6.283185307179586"
"Arc","Black","1","0","製図機能一覧"
"100","75","2.5","0","6.283185307179586"
"Arc","Black","1","0","製図機能一覧"
"125","75","2.5","0","6.283185307179586"
"Arc","Black","1","0","製図機能一覧"
"155","75","2.5","0","6.283185307179586"
"Arc","Black","1","0","製図機能一覧"
"190","75","2.5","0","6.283185307179586"
"Arc","Black","1","0","製図機能一覧"
"220","75","2.5","0","6.283185307179586"
"Arc","Black","1","0","製図機能一覧"
"245","75","2.5","0","6.283185307179586"
"Arc","Black","1","0","製図機能一覧"
"270","75","2.5","0","6.283185307179586"
"Arc","Black","1","0","製図機能一覧"
"300","75","2.5","0","6.283185307179586"
"Arc","Black","1","0","製図機能一覧"
"55","65","2.5","0","6.283185307179586"
"Arc","Black","1","0","製図機能一覧"
"75","65","2.5","0","6.283185307179586"
"Arc","Black","1","0","製図機能一覧"
"100","65","2.5","0","6.283185307179586"
"Arc","Black","1","0","製図機能一覧"
"125","65","2.5","0","6.283185307179586"
"Arc","Black","1","0","製図機能一覧"
"155","65","2.5","0","6.283185307179586"
"Arc","Black","1","0","製図機能一覧"
"190","65","2.5","0","6.283185307179586"
"Arc","Black","1","0","製図機能一覧"
"220","65","2.5","0","6.283185307179586"
"Arc","Black","1","0","製図機能一覧"
"245","65","2.5","0","6.283185307179586"
"Arc","Black","1","0","製図機能一覧"
"270","65","2.5","0","6.283185307179586"
"Arc","Black","1","0","製図機能一覧"
"55","55","2.5","0","6.283185307179586"
"Arc","Black","1","0","製図機能一覧"
"75","55","2.5","0","6.283185307179586"
"Arc","Black","1","0","製図機能一覧"
"100","55","2.5","0","6.283185307179586"
"Arc","Black","1","0","製図機能一覧"
"125","55","2.5","0","6.283185307179586"
"Arc","Black","1","0","製図機能一覧"
"155","55","2.5","0","6.283185307179586"
"Arc","Black","1","0","製図機能一覧"
"190","55","2.5","0","6.283185307179586"
"Arc","Black","1","0","製図機能一覧"
"220","55","2.5","0","6.283185307179586"
"Arc","Black","1","0","製図機能一覧"
"245","55","2.5","0","6.283185307179586"
"Arc","Black","1","0","製図機能一覧"
"270","55","2.5","0","6.283185307179586"
"Arc","Black","1","0","製図機能一覧"
"300","55","2.5","0","6.283185307179586"
"Arc","Black","1","0","製図機能一覧"
"55","45","2.5","0","6.283185307179586"
"Arc","Black","1","0","製図機能一覧"
"75","45","2.5","0","6.283185307179586"
"Arc","Black","1","0","製図機能一覧"
"100","45","2.5","0","6.283185307179586"
"Arc","Black","1","0","製図機能一覧"
"125","45","2.5","0","6.283185307179586"
"Arc","Black","1","0","製図機能一覧"
"155","45","2.5","0","6.283185307179586"
"Arc","Black","1","0","製図機能一覧"
"190","45","2.5","0","6.283185307179586"
"Arc","Black","1","0","製図機能一覧"
"245","45","2.5","0","6.283185307179586"
"Line","Black","1","0","製図機能一覧"
"218","43","222","47"
"Line","Black","1","0","製図機能一覧"
"218","47","222","43"
"Line","Black","1","0","製図機能一覧"
"268","43","272","47"
"Line","Black","1","0","製図機能一覧"
"268","47","272","43"
"Line","Black","1","0","製図機能一覧"
"298","43","302","47"
"Line","Black","1","0","製図機能一覧"
"298","47","302","43"
"Text","Black","1","0","製図機能一覧"
"分解","0","-10","7","0","Left","Top","1.2","Yu Gothic UI","Normal","Normal"
"Text","Black","1","0","製図機能一覧"
"オフセット","0","0","7","0","Left","Top","1.2","Yu Gothic UI","Normal","Normal"
"Text","Black","1","0","製図機能一覧"
"ストレッチ","0","10","7","0","Left","Top","1.2","Yu Gothic UI","Normal","Normal"
"Text","Black","1","0","製図機能一覧"
"分割","0","20","7","0","Left","Top","1.2","Yu Gothic UI","Normal","Normal"
"Text","Black","1","0","製図機能一覧"
"トリム","0","30","7","0","Left","Top","1.2","Yu Gothic UI","Normal","Normal"
"Text","Black","1","0","製図機能一覧"
"属性変更","0","-40","7","0","Left","Top","1.2","Yu Gothic UI","Normal","Normal"
"Text","Black","1","0","製図機能一覧"
"半径変更","0","-30","7","0","Left","Top","1.2","Yu Gothic UI","Normal","Normal"
"Text","Black","1","0","製図機能一覧"
"文字列変更","0","-20","7","0","Left","Top","1.2","Yu Gothic UI","Normal","Normal"
"Text","Black","1","0","製図機能一覧"
"属性一括変更","0","-50","6","0","Left","Top","1.2","Yu Gothic UI","Normal","Normal"
"Text","Black","1","0","製図機能一覧"
"作成","0","80","7","0","Left","Top","1.2","Yu Gothic UI","Normal","Normal"
"Text","Black","1","0","製図機能一覧"
"要素","0","90","7","0","Left","Top","1.2","Yu Gothic UI","Normal","Normal"
"Text","Black","1","0","製図機能一覧"
"反転(コピー)","0","50","7","0","Left","Top","1.2","Yu Gothic UI","Normal","Normal"
"Text","Black","1","0","製図機能一覧"
"回転(コピー)","0","60","7","0","Left","Top","1.2","Yu Gothic UI","Normal","Normal"
"Text","Black","1","0","製図機能一覧"
"移動(コピー)","0","70","7","0","Left","Top","1.2","Yu Gothic UI","Normal","Normal"
"Line","Black","1","0","製図機能一覧"
"-5","90","-5","-60"
"Text","Black","1","0","製図機能一覧"
"拡大縮小(コピー)","0","40","6","0","Left","Top","1.2","Yu Gothic UI","Normal","Normal"
"Arc","Black","1","0","製図機能一覧"
"55","35","2.5","0","6.283185307179586"
"Arc","Black","1","0","製図機能一覧"
"75","35","2.5","0","6.283185307179586"
"Arc","Black","1","0","製図機能一覧"
"100","35","2.5","0","6.283185307179586"
"Arc","Black","1","0","製図機能一覧"
"125","35","2.5","0","6.283185307179586"
"Arc","Black","1","0","製図機能一覧"
"155","35","2.5","0","6.283185307179586"
"Arc","Black","1","0","製図機能一覧"
"190","35","2.5","0","6.283185307179586"
"Arc","Black","1","0","製図機能一覧"
"220","35","2.5","0","6.283185307179586"
"Arc","Black","1","0","製図機能一覧"
"245","35","2.5","0","6.283185307179586"
"Arc","Black","1","0","製図機能一覧"
"270","35","2.5","0","6.283185307179586"
"Arc","Black","1","0","製図機能一覧"
"300","35","2.5","0","6.283185307179586"
"Text","Black","1","0","製図機能一覧"
"シンボル","320","90","6","0","Left","Top","1.2","Yu Gothic UI","Normal","Normal"
"Line","Black","1","0","製図機能一覧"
"315","90","315","-60"
"Arc","Black","1","0","製図機能一覧"
"330","75","2.5","0","6.283185307179586"
"Arc","Black","1","0","製図機能一覧"
"330","65","2.5","0","6.283185307179586"
"Arc","Black","1","0","製図機能一覧"
"330","55","2.5","0","6.283185307179586"
"Arc","Black","1","0","製図機能一覧"
"330","45","2.5","0","6.283185307179586"
"Arc","Black","1","0","製図機能一覧"
"330","35","2.5","0","6.283185307179586"
"Arc","Black","1","0","製図機能一覧"
"330","-15","2.5","0","6.283185307179586"
"Arc","Black","1","0","製図機能一覧"
"330","-25","2.5","0","6.283185307179586"
"Arc","Black","1","0","製図機能一覧"
"330","-45","2.5","0","6.283185307179586"
"Arc","Black","1","0","製図機能一覧"
"330","-55","2.5","0","6.283185307179586"
"Line","Black","1","0","製図機能一覧"
"328","13","332","17"
"Line","Black","1","0","製図機能一覧"
"328","17","332","13"
"Line","Black","1","0","製図機能一覧"
"328","3","332","7"
"Line","Black","1","0","製図機能一覧"
"328","7","332","3"
"Line","Black","1","0","製図機能一覧"
"328","-7","332","-3"
"Line","Black","1","0","製図機能一覧"
"328","-3","332","-7"
"Line","Black","1","0","製図機能一覧"
"328","-37","332","-33"
"Line","Black","1","0","製図機能一覧"
"328","-33","332","-37"
"Text","Black","1","0","座標の指定方法一覧"
"フリー/グリッド","0","-140","7","0","Left","Top","1.2","Yu Gothic UI","Normal","Normal"
"Text","Black","1","0","座標の指定方法一覧"
"端点","0","-150","7","0","Left","Top","1.2","Yu Gothic UI","Normal","Normal"
"Text","Black","1","0","座標の指定方法一覧"
"テキスト頂点","0","-170","7","0","Left","Top","1.2","Yu Gothic UI","Normal","Normal"
"Text","Black","1","0","座標の指定方法一覧"
"交点(2要素選択)","0","-180","7","0","Left","Top","1.2","Yu Gothic UI","Normal","Normal"
"Text","Black","1","0","座標の指定方法一覧"
"端点・中間点","0","-190","7","0","Left","Top","1.2","Yu Gothic UI","Normal","Normal"
"Text","Black","1","0","座標の指定方法一覧"
"3\,4\,5\,6\,8\,16分割点","0","-200","7","0","Left","Top","1.2","Yu Gothic UI","Normal","Normal"
"Text","Black","1","0","座標の指定方法一覧"
"自動判定","105","-130","7","0","Left","Top","1.2","Yu Gothic UI","Normal","Normal"
"Text","Black","1","0","座標の指定方法一覧"
"ピックして","105","-120","7","0","Left","Top","1.2","Yu Gothic UI","Normal","Normal"
"Text","Black","1","0","座標の指定方法一覧"
"メニュー選択","140","-130","7","0","Left","Top","1.2","Yu Gothic UI","Normal","Normal"
"Text","Black","1","0","座標の指定方法一覧"
"ピックして","140","-120","7","0","Left","Top","1.2","Yu Gothic UI","Normal","Normal"
"Text","Black","1","0","座標の指定方法一覧"
"メニュー選択","185","-120","7","0","Left","Top","1.2","Yu Gothic UI","Normal","Normal"
"Line","Black","1","0","座標の指定方法一覧"
"-5","-140","230","-140"
"Line","Black","1","0","座標の指定方法一覧"
"-5","-150","230","-150"
"Line","Black","1","0","座標の指定方法一覧"
"-5","-120","230","-120"
"Line","Black","1","0","座標の指定方法一覧"
"-5","-160","230","-160"
"Line","Black","1","0","座標の指定方法一覧"
"-5","-170","230","-170"
"Line","Black","1","0","座標の指定方法一覧"
"-5","-180","230","-180"
"Line","Black","1","0","座標の指定方法一覧"
"-5","-190","230","-190"
"Line","Black","1","0","座標の指定方法一覧"
"-5","-200","230","-200"
"Line","Black","1","0","座標の指定方法一覧"
"-5","-210","230","-210"
"Line","Black","1","0","座標の指定方法一覧"
"-5","-220","230","-220"
"Line","Black","1","0","座標の指定方法一覧"
"-5","-230","230","-230"
"Arc","Black","1","0","座標の指定方法一覧"
"85","-145","2.5","0","6.283185307179586"
"Arc","Black","1","0","座標の指定方法一覧"
"115","-155","2.5","0","6.283185307179586"
"Arc","Black","1","0","座標の指定方法一覧"
"115","-165","2.5","0","6.283185307179586"
"Arc","Black","1","0","座標の指定方法一覧"
"115","-175","2.5","0","6.283185307179586"
"Arc","Black","1","0","座標の指定方法一覧"
"115","-185","2.5","0","6.283185307179586"
"Arc","Black","1","0","座標の指定方法一覧"
"155","-185","2.5","0","6.283185307179586"
"Arc","Black","1","0","座標の指定方法一覧"
"155","-195","2.5","0","6.283185307179586"
"Arc","Black","1","0","座標の指定方法一覧"
"155","-205","2.5","0","6.283185307179586"
"Arc","Black","1","0","座標の指定方法一覧"
"155","-215","2.5","0","6.283185307179586"
"Arc","Black","1","0","座標の指定方法一覧"
"155","-225","2.5","0","6.283185307179586"
"Text","Black","1","0","座標の指定方法一覧"
"操作内容","0","-125","7","0","Left","Top","1.2","Yu Gothic UI","Normal","Normal"
"Text","Black","1","0","座標の指定方法一覧"
"絶対座標(数値入力)","0","-260","7","0","Left","Top","1.2","Yu Gothic UI","Normal","Normal"
"Text","Black","1","0","座標の指定方法一覧"
"相対座標(数値入力)","0","-270","7","0","Left","Top","1.2","Yu Gothic UI","Normal","Normal"
"Text","Black","1","0","座標の指定方法一覧"
"平行距離(数値入力)","0","-280","7","0","Left","Top","1.2","Yu Gothic UI","Normal","Normal"
"Text","Black","1","0","座標の指定方法一覧"
"スライド距離(数値入力)","0","-290","7","0","Left","Top","1.2","Yu Gothic UI","Normal","Normal"
"Text","Black","1","0","座標の指定方法一覧"
"半径(数値入力)","0","-300","7","0","Left","Top","1.2","Yu Gothic UI","Normal","Normal"
"Text","Black","1","0","座標の指定方法一覧"
"回転角(数値入力\,deg)","0","-310","7","0","Left","Top","1.2","Yu Gothic UI","Normal","Normal"
"Line","Black","1","0","座標の指定方法一覧"
"-5","-260","230","-260"
"Line","Black","1","0","座標の指定方法一覧"
"-5","-270","230","-270"
"Line","Black","1","0","座標の指定方法一覧"
"-5","-280","230","-280"
"Line","Black","1","0","座標の指定方法一覧"
"-5","-290","230","-290"
"Line","Black","1","0","座標の指定方法一覧"
"-5","-300","230","-300"
"Line","Black","1","0","座標の指定方法一覧"
"-5","-310","230","-310"
"Arc","Black","1","0","座標の指定方法一覧"
"155","-235","2.5","0","6.283185307179586"
"Arc","Black","1","0","座標の指定方法一覧"
"200","-265","2.5","0","6.283185307179586"
"Arc","Black","1","0","座標の指定方法一覧"
"200","-275","2.5","0","6.283185307179586"
"Arc","Black","1","0","座標の指定方法一覧"
"200","-295","2.5","0","6.283185307179586"
"Arc","Black","1","0","座標の指定方法一覧"
"200","-285","2.5","0","6.283185307179586"
"Line","Black","1","0","座標の指定方法一覧"
"-5","-240","230","-240"
"Line","Black","1","0","座標の指定方法一覧"
"-5","-250","230","-250"
"Arc","Black","1","0","座標の指定方法一覧"
"200","-305","2.5","0","6.283185307179586"
"Arc","Black","1","0","座標の指定方法一覧"
"200","-315","2.5","0","6.283185307179586"
"Arc","Black","1","0","座標の指定方法一覧"
"155","-245","2.5","0","6.283185307179586"
"Arc","Black","1","0","座標の指定方法一覧"
"155","-255","2.5","0","6.283185307179586"
"Text","Black","1","0","座標の指定方法一覧"
"端点距離(数値入力)","0","-250","7","0","Left","Top","1.2","Yu Gothic UI","Normal","Normal"
"Text","Black","1","0","座標の指定方法一覧"
"垂点","0","-220","7","0","Left","Top","1.2","Yu Gothic UI","Normal","Normal"
"Text","Black","1","0","座標の指定方法一覧"
"頂点(円弧、楕円)","0","-210","7","0","Left","Top","1.2","Yu Gothic UI","Normal","Normal"
"Text","Black","1","0","座標の指定方法一覧"
"接点(円弧、楕円)","0","-230","6","0","Left","Top","1.2","Yu Gothic UI","Normal","Normal"
"Text","Black","1","0","座標の指定方法一覧"
"中心点(円弧、楕円)","0","-240","7","0","Left","Top","1.2","Yu Gothic UI","Normal","Normal"
"Text","Black","1","0","座標の指定方法一覧"
"4分割点(中間点含む)","0","-160","7","0","Left","Top","1.2","Yu Gothic UI","Normal","Normal"
"Text","Black","1","0","座標の指定方法一覧"
"マウス","75","-90","7","0","Left","Top","1.2","Yu Gothic UI","Normal","Normal"
"Text","Black","1","0","座標の指定方法一覧"
"マウス","105","-90","7","0","Left","Top","1.2","Yu Gothic UI","Normal","Normal"
"Text","Black","1","0","座標の指定方法一覧"
"Ctrl + マウス","140","-90","7","0","Left","Top","1.2","Yu Gothic UI","Normal","Normal"
"Text","Black","1","0","座標の指定方法一覧"
"メニューボタン","185","-90","7","0","Left","Top","1.2","Yu Gothic UI","Normal","Normal"
"Line","Black","1","0","座標の指定方法一覧"
"-5","-90","230","-90"
"Text","Black","1","0","座標の指定方法一覧"
"操作方法","0","-95","7","0","Left","Top","1.2","Yu Gothic UI","Normal","Normal"
"Text","Black","1","0","座標の指定方法一覧"
"座標の指定方法一覧","0","-75","8","0","Left","Top","1.2","Yu Gothic UI","Normal","Normal"
"Text","Black","1","0","座標の指定方法一覧"
"左ボタン","75","-100","7","0","Left","Top","1.2","Yu Gothic UI","Normal","Normal"
"Text","Black","1","0","座標の指定方法一覧"
"右ボタン","105","-100","7","0","Left","Top","1.2","Yu Gothic UI","Normal","Normal"
"Text","Black","1","0","座標の指定方法一覧"
"右ボタン","140","-100","7","0","Left","Top","1.2","Yu Gothic UI","Normal","Normal"
"Text","Black","1","0","座標の指定方法一覧"
"Win メニューキー","185","-100","7","0","Left","Top","1.2","Yu Gothic UI","Normal","Normal"
"Text","Black","1","0","座標の指定方法一覧"
"F8 キー","185","-110","7","0","Left","Top","1.2","Yu Gothic UI","Normal","Normal"
"Text","Black","1","0","ショートカットキーの機能一覧"
"キー","255","-90","6","0","Left","Top","1.2","Yu Gothic UI","Normal","Normal"
"Text","Black","1","0","ショートカットキーの機能一覧"
"Ctrl + F1","255","-100","6","0","Left","Top","1.2","Yu Gothic UI","Normal","Normal"
"Text","Black","1","0","ショートカットキーの機能一覧"
"Ctrl + 左矢印","255","-110","6","0","Left","Top","1.2","Yu Gothic UI","Normal","Normal"
"Text","Black","1","0","ショートカットキーの機能一覧"
"Ctrl + 右矢印","255","-120","6","0","Left","Top","1.2","Yu Gothic UI","Normal","Normal"
"Text","Black","1","0","ショートカットキーの機能一覧"
"Ctrl + 上矢印","255","-130","6","0","Left","Top","1.2","Yu Gothic UI","Normal","Normal"
"Text","Black","1","0","ショートカットキーの機能一覧"
"Ctrl + 下矢印","255","-140","6","0","Left","Top","1.2","Yu Gothic UI","Normal","Normal"
"Text","Black","1","0","ショートカットキーの機能一覧"
"Ctrl + A","255","-170","6","0","Left","Top","1.2","Yu Gothic UI","Normal","Normal"
"Text","Black","1","0","ショートカットキーの機能一覧"
"Ctrl + Q","255","-180","6","0","Left","Top","1.2","Yu Gothic UI","Normal","Normal"
"Text","Black","1","0","ショートカットキーの機能一覧"
"Ctrl + S","255","-190","6","0","Left","Top","1.2","Yu Gothic UI","Normal","Normal"
"Text","Black","1","0","ショートカットキーの機能一覧"
"Ctrl + Z","255","-200","6","0","Left","Top","1.2","Yu Gothic UI","Normal","Normal"
"Text","Black","1","0","ショートカットキーの機能一覧"
"Esc","255","-210","6","0","Left","Top","1.2","Yu Gothic UI","Normal","Normal"
"Text","Black","1","0","ショートカットキーの機能一覧"
"BS","255","-220","6","0","Left","Top","1.2","Yu Gothic UI","Normal","Normal"
"Text","Black","1","0","ショートカットキーの機能一覧"
"Return","255","-240","6","0","Left","Top","1.2","Yu Gothic UI","Normal","Normal"
"Text","Black","1","0","ショートカットキーの機能一覧"
"F1","255","-250","6","0","Left","Top","1.2","Yu Gothic UI","Normal","Normal"
"Text","Black","1","0","ショートカットキーの機能一覧"
"F2","255","-260","6","0","Left","Top","1.2","Yu Gothic UI","Normal","Normal"
"Text","Black","1","0","ショートカットキーの機能一覧"
"F3","255","-270","6","0","Left","Top","1.2","Yu Gothic UI","Normal","Normal"
"Text","Black","1","0","ショートカットキーの機能一覧"
"F4","255","-280","6","0","Left","Top","1.2","Yu Gothic UI","Normal","Normal"
"Text","Black","1","0","ショートカットキーの機能一覧"
"F5","255","-290","6","0","Left","Top","1.2","Yu Gothic UI","Normal","Normal"
"Text","Black","1","0","ショートカットキーの機能一覧"
"メニューキー","255","-230","6","0","Left","Top","1.2","Yu Gothic UI","Normal","Normal"
"Text","Black","1","0","ショートカットキーの機能一覧"
"Ctrl + PageUp","255","-150","6","0","Left","Top","1.2","Yu Gothic UI","Normal","Normal"
"Text","Black","1","0","ショートカットキーの機能一覧"
"Ctrl + PageDown","255","-160","6","0","Left","Top","1.2","Yu Gothic UI","Normal","Normal"
"Text","Black","1","0","ショートカットキーの機能一覧"
"機能","310","-90","6","0","Left","Top","1.2","Yu Gothic UI","Normal","Normal"
"Text","Black","1","0","ショートカットキーの機能一覧"
"グリッドの表示/非表示切替","310","-100","6","0","Left","Top","1.2","Yu Gothic UI","Normal","Normal"
"Text","Black","1","0","ショートカットキーの機能一覧"
"左スクロール","310","-110","6","0","Left","Top","1.2","Yu Gothic UI","Normal","Normal"
"Text","Black","1","0","ショートカットキーの機能一覧"
"右スクロール","310","-120","6","0","Left","Top","1.2","Yu Gothic UI","Normal","Normal"
"Text","Black","1","0","ショートカットキーの機能一覧"
"上スクロール","310","-130","6","0","Left","Top","1.2","Yu Gothic UI","Normal","Normal"
"Text","Black","1","0","ショートカットキーの機能一覧"
"下スクロール","310","-140","6","0","Left","Top","1.2","Yu Gothic UI","Normal","Normal"
"Text","Black","1","0","ショートカットキーの機能一覧"
"キャンセル(コマンド、ピック、ロケイトをクリア)","310","-210","6","0","Left","Top","1.2","Yu Gothic UI","Normal","Normal"
"Text","Black","1","0","ショートカットキーの機能一覧"
"ロケイトを一つ戻す","310","-220","6","0","Left","Top","1.2","Yu Gothic UI","Normal","Normal"
"Text","Black","1","0","ショートカットキーの機能一覧"
"ロケイトのメニュー表示","310","-230","6","0","Left","Top","1.2","Yu Gothic UI","Normal","Normal"
"Text","Black","1","0","ショートカットキーの機能一覧"
"キーコマンドの実行","310","-240","6","0","Left","Top","1.2","Yu Gothic UI","Normal","Normal"
"Text","Black","1","0","ショートカットキーの機能一覧"
"再表示","310","-250","6","0","Left","Top","1.2","Yu Gothic UI","Normal","Normal"
"Text","Black","1","0","ショートカットキーの機能一覧"
"領域拡大表示","310","-260","6","0","Left","Top","1.2","Yu Gothic UI","Normal","Normal"
"Text","Black","1","0","ショートカットキーの機能一覧"
"全体表示","310","-270","6","0","Left","Top","1.2","Yu Gothic UI","Normal","Normal"
"Text","Black","1","0","ショートカットキーの機能一覧"
"表示拡大","310","-280","6","0","Left","Top","1.2","Yu Gothic UI","Normal","Normal"
"Text","Black","1","0","ショートカットキーの機能一覧"
"表示縮小","310","-290","6","0","Left","Top","1.2","Yu Gothic UI","Normal","Normal"
"Line","Black","1","0","ショートカットキーの機能一覧"
"415","-90","249.99999999999997","-90"
"Line","Black","1","0","ショートカットキーの機能一覧"
"415.00000000000006","-100","249.9999999999999","-100"
"Line","Black","1","0","ショートカットキーの機能一覧"
"415","-110","250.00000000000003","-110"
"Line","Black","1","0","ショートカットキーの機能一覧"
"414.9999999999999","-120","250","-120"
"Line","Black","1","0","ショートカットキーの機能一覧"
"415","-130","249.9999999999999","-130"
"Line","Black","1","0","ショートカットキーの機能一覧"
"415","-140","249.99999999999994","-140"
"Line","Black","1","0","ショートカットキーの機能一覧"
"415","-150","249.99999999999994","-150"
"Text","Black","1","0","ショートカットキーの機能一覧"
"ショートカットキーの機能一覧","265","-80","6","0","Left","Top","1.2","Yu Gothic UI","Normal","Normal"
"Line","Black","1","0","ショートカットキーの機能一覧"
"415","-180","250","-180"
"Line","Black","1","0","ショートカットキーの機能一覧"
"414.99999999999994","-190","249.99999999999997","-190"
"Line","Black","1","0","ショートカットキーの機能一覧"
"415","-200","249.99999999999994","-200"
"Line","Black","1","0","ショートカットキーの機能一覧"
"415","-220","249.99999999999997","-220"
"Line","Black","1","0","ショートカットキーの機能一覧"
"414.99999999999994","-230","249.99999999999997","-230"
"Line","Black","1","0","ショートカットキーの機能一覧"
"415","-240","249.99999999999997","-240"
"Line","Black","1","0","ショートカットキーの機能一覧"
"415","-250","249.99999999999997","-250"
"Line","Black","1","0","ショートカットキーの機能一覧"
"415","-260","250","-260"
"Line","Black","1","0","ショートカットキーの機能一覧"
"415","-270","250","-270"
"Line","Black","1","0","ショートカットキーの機能一覧"
"415","-280","250","-280"
"Line","Black","1","0","ショートカットキーの機能一覧"
"415","-290","250","-290"
"Line","Black","1","0","ショートカットキーの機能一覧"
"415","-300","250","-300"
"Line","Black","1","0","ショートカットキーの機能一覧"
"415","-210","250","-210"
"Line","Black","1","0","ショートカットキーの機能一覧"
"415","-160","249.99999999999991","-160"
"Line","Black","1","0","ショートカットキーの機能一覧"
"414.99999999999994","-170","249.99999999999997","-170"
"Text","Black","1","0","ショートカットキーの機能一覧"
"表示拡大","310","-150","6","0","Left","Top","1.2","Yu Gothic UI","Normal","Normal"
"Text","Black","1","0","ショートカットキーの機能一覧"
"表示縮小","310","-160","6","0","Left","Top","1.2","Yu Gothic UI","Normal","Normal"
"Line","Black","1","0","ショートカットキーの機能一覧"
"415","-310","250","-310"
"Text","Black","1","0","ショートカットキーの機能一覧"
"F6","255","-300","6","0","Left","Top","1.2","Yu Gothic UI","Normal","Normal"
"Text","Black","1","0","ショートカットキーの機能一覧"
"全幅表示","310","-300","6","0","Left","Top","1.2","Yu Gothic UI","Normal","Normal"
"Line","Black","1","0","ショートカットキーの機能一覧"
"415","-320","250","-320"
"Line","Black","1","0","ショートカットキーの機能一覧"
"415","-330","250","-330"
"Line","Black","1","0","ショートカットキーの機能一覧"
"415","-340","250","-340"
"Text","Black","1","0","ショートカットキーの機能一覧"
"F7","255","-310","6","0","Left","Top","1.2","Yu Gothic UI","Normal","Normal"
"Text","Black","1","0","ショートカットキーの機能一覧"
"F8","255","-320","6","0","Left","Top","1.2","Yu Gothic UI","Normal","Normal"
"Text","Black","1","0","ショートカットキーの機能一覧"
"F11","255","-330","6","0","Left","Top","1.2","Yu Gothic UI","Normal","Normal"
"Text","Black","1","0","ショートカットキーの機能一覧"
"F12","255","-340","6","0","Left","Top","1.2","Yu Gothic UI","Normal","Normal"
"Line","Black","1","0","ショートカットキーの機能一覧"
"250","-350","250","-90"
"Line","Black","1","0","ショートカットキーの機能一覧"
"415","-350","415","-90"
"Line","Black","1","0","ショートカットキーの機能一覧"
"305","-350","305","-90"
"Line","Black","1","0","ショートカットキーの機能一覧"
"415","-350","250","-350"
"Text","Black","1","0","ショートカットキーの機能一覧"
"テキスト入力欄にフォーカス移動","310","-330","6","0","Left","Top","1.2","Yu Gothic UI","Normal","Normal"
"Text","Black","1","0","ショートカットキーの機能一覧"
"コマンド入力欄にフォーカス移動","310","-340","6","0","Left","Top","1.2","Yu Gothic UI","Normal","Normal"
"Text","Black","1","0","ショートカットキーの機能一覧"
"ロケイトメニュー","310","-320","6","0","Left","Top","1.2","Yu Gothic UI","Normal","Normal"
"Text","Black","1","0","ショートカットキーの機能一覧"
"領域指定ピック","310","-310","6","0","Left","Top","1.2","Yu Gothic UI","Normal","Normal"
"Text","Black","1","0","ショートカットキーの機能一覧"
"線分作成(暫定、カスタマイズ可)","310","-170","6","0","Left","Top","1.2","Yu Gothic UI","Normal","Normal"
"Text","Black","1","0","ショートカットキーの機能一覧"
"文字列作成(暫定、カスタマイズ可)","310","-180","6","0","Left","Top","1.2","Yu Gothic UI","Normal","Normal"
"Text","Black","1","0","ショートカットキーの機能一覧"
"データ保存(暫定、カスタマイズ可)","310","-190","6","0","Left","Top","1.2","Yu Gothic UI","Normal","Normal"
"Text","Black","1","0","ショートカットキーの機能一覧"
"アンドゥ(暫定、カスタマイズ可)","310","-200","6","0","Left","Top","1.2","Yu Gothic UI","Normal","Normal"
"Line","Black","1","0","座標の指定方法一覧"
"-5","-330","230","-330"
"Line","Black","1","0","座標の指定方法一覧"
"-5","-90","-5","-330"
"Line","Black","1","0","座標の指定方法一覧"
"70","-330","70","-90"
"Line","Black","1","0","座標の指定方法一覧"
"100","-90","100","-330"
"Line","Black","1","0","座標の指定方法一覧"
"135","-90","135","-330"
"Line","Black","1","0","座標の指定方法一覧"
"180","-90","180","-330"
"Line","Black","1","0","座標の指定方法一覧"
"230","-90","230","-330"
"Line","Black","1","0","座標の指定方法一覧"
"-5","-320","230","-320"
"Arc","Black","1","0","座標の指定方法一覧"
"200","-325","2.5","0","6.283185307179586"
"Text","Black","1","0","座標の指定方法一覧"
"スケール(数値入力)","0","-320","7","0","Left","Top","1.2","Yu Gothic UI","Normal","Normal"
"Line","Black","1","0","製図機能一覧"
"375","90","375","-60"
"Line","Black","1","0","製図機能一覧"
"-5","-10","375","-10"
"Line","Black","1","0","製図機能一覧"
"-5","0","375","0"
"Line","Black","1","0","製図機能一覧"
"-5","10","375","10"
"Line","Black","1","0","製図機能一覧"
"-5","30","375","30"
"Line","Black","1","0","製図機能一覧"
"-5","20","375","20"
"Line","Black","1","0","製図機能一覧"
"-5","-60","375","-60"
"Line","Black","1","0","製図機能一覧"
"-5","-20","375","-20"
"Line","Black","1","0","製図機能一覧"
"-5","-30","375","-30"
"Line","Black","1","0","製図機能一覧"
"-5","-40","375","-40"
"Line","Black","1","0","製図機能一覧"
"-5","-50","375","-50"
"Line","Black","1","0","製図機能一覧"
"-5","50","375","50"
"Line","Black","1","0","製図機能一覧"
"-5","60","375","60"
"Line","Black","1","0","製図機能一覧"
"-5","70","375","70"
"Line","Black","1","0","製図機能一覧"
"-5","80","375","80"
"Line","Black","1","0","製図機能一覧"
"-5","90","375","90"
"Line","Black","1","0","製図機能一覧"
"-5","40","375","40"
"Line","Black","1","0","製図機能一覧"
"345","90","345","-60"
"Text","Black","1","0","製図機能一覧"
"イメージ","350","85","6","0","Left","Center","1.2","Yu Gothic UI","Normal","Normal"
"Arc","Black","1","0","製図機能一覧"
"360","75","2.5","0","6.283185307179586"
"Arc","Black","1","0","製図機能一覧"
"360","-55","2.5","0","6.283185307179586"
"Arc","Black","1","0","製図機能一覧"
"360","-45","2.5","0","6.283185307179586"
"Parts","Black","1","0","製図機能一覧"
"name","__まる","arc","300","65","2.5","0","6.283185307179586","textSize","12","textRotate","0","fontFamily","","fontStyle","Normal","fontWeight","Normal","linePitchRate","1.2","arrowSize","6","arrowAngle","0.5235987755982988"
"Parts","Black","1","0","製図機能一覧"
"name","__まる","arc","360","65","2.5","0","6.283185307179586","textSize","12","textRotate","0","fontFamily","","fontStyle","Normal","fontWeight","Normal","linePitchRate","1.2","arrowSize","6","arrowAngle","0.5235987755982988"
"Parts","Black","1","0","製図機能一覧"
"name","__ばつ","line","328","23","332","27","line","328","27","332","23","textSize","12","textRotate","0","fontFamily","","fontStyle","Normal","fontWeight","Normal","linePitchRate","1.2","arrowSize","6","arrowAngle","0.5235987755982988"
"Parts","Black","1","0","製図機能一覧"
"name","__さんかく","line","357.6269677213571","53.24636235931115","362.68661197762646","53.24636235931115","line","362.68661197762646","53.24636235931115","360.08723897824916","57.335513648105206","line","360.08723897824916","57.335513648105206","357.6269677213571","53.24636235931115","textSize","12","textRotate","0","fontFamily","","fontStyle","Normal","fontWeight","Normal","linePitchRate","1.2","arrowSize","6","arrowAngle","0.5235987755982988"
"Parts","Black","1","0","製図機能一覧"
"name","__さんかく","line","357.4701778718653","42.95542435560297","362.52982212813464","42.95542435560297","line","362.52982212813464","42.95542435560297","359.93044912875735","47.04457564439703","line","359.93044912875735","47.04457564439703","357.4701778718653","42.95542435560297","textSize","12","textRotate","0","fontFamily","","fontStyle","Normal","fontWeight","Normal","linePitchRate","1.2","arrowSize","6","arrowAngle","0.5235987755982988"
"Parts","Black","1","0","製図機能一覧"
"name","__まる","arc","360","35","2.5","0","6.283185307179586","textSize","12","textRotate","0","fontFamily","","fontStyle","Normal","fontWeight","Normal","linePitchRate","1.2","arrowSize","6","arrowAngle","0.5235987755982988"
"Parts","Black","1","0","製図機能一覧"
"name","__ばつ","line","358","13","362","17","line","358","17","362","13","textSize","12","textRotate","0","fontFamily","","fontStyle","Normal","fontWeight","Normal","linePitchRate","1.2","arrowSize","6","arrowAngle","0.5235987755982988"
"Parts","Black","1","0","製図機能一覧"
"name","__ばつ","line","358","23","362","27","line","358","27","362","23","textSize","12","textRotate","0","fontFamily","","fontStyle","Normal","fontWeight","Normal","linePitchRate","1.2","arrowSize","6","arrowAngle","0.5235987755982988"
"Parts","Black","1","0","製図機能一覧"
"name","__まる","arc","360","5","2.5","0","6.283185307179586","textSize","12","textRotate","0","fontFamily","","fontStyle","Normal","fontWeight","Normal","linePitchRate","1.2","arrowSize","6","arrowAngle","0.5235987755982988"
"Parts","Black","1","0","製図機能一覧"
"name","__ばつ","line","358","-17","362","-13","line","358","-13","362","-17","textSize","12","textRotate","0","fontFamily","","fontStyle","Normal","fontWeight","Normal","linePitchRate","1.2","arrowSize","6","arrowAngle","0.5235987755982988"
"Parts","Black","1","0","製図機能一覧"
"name","__ばつ","line","358","-27","362","-23","line","358","-23","362","-27","textSize","12","textRotate","0","fontFamily","","fontStyle","Normal","fontWeight","Normal","linePitchRate","1.2","arrowSize","6","arrowAngle","0.5235987755982988"
"Parts","Black","1","0","製図機能一覧"
"name","__ばつ","line","358","-37","362","-33","line","358","-33","362","-37","textSize","12","textRotate","0","fontFamily","","fontStyle","Normal","fontWeight","Normal","linePitchRate","1.2","arrowSize","6","arrowAngle","0.5235987755982988"
"Parts","Black","1","0","製図機能一覧"
"name","__さんかく","line","357.4701778718653","-7.044575644397028","362.52982212813464","-7.044575644397028","line","362.52982212813464","-7.044575644397028","359.93044912875735","-2.955424355602972","line","359.93044912875735","-2.955424355602972","357.4701778718653","-7.044575644397028","textSize","12","textRotate","0","fontFamily","","fontStyle","Normal","fontWeight","Normal","linePitchRate","1.2","arrowSize","6","arrowAngle","0.5235987755982988"
"Text","Black","1","0","コマンド機能一覧"
"寸法線","35","-665","6","0","Left","Top","1.2","Yu Gothic UI","Normal","Normal"
"Text","Black","1","0","コマンド機能一覧"
"角度寸法線","35","-675","6","0","Left","Top","1.2","Yu Gothic UI","Normal","Normal"
"Text","Black","1","0","コマンド機能一覧"
"直径寸法線","35","-685","6","0","Left","Top","1.2","Yu Gothic UI","Normal","Normal"
"Text","Black","1","0","コマンド機能一覧"
"半径寸法線","35","-695","6","0","Left","Top","1.2","Yu Gothic UI","Normal","Normal"
"Text","Black","1","0","コマンド機能一覧"
"編集","0","-705","6","0","Left","Top","1.2","Yu Gothic UI","Normal","Normal"
"Text","Black","1","0","コマンド機能一覧"
"移動","35","-705","6","0","Left","Top","1.2","Yu Gothic UI","Normal","Normal"
"Text","Black","1","0","コマンド機能一覧"
"回転","35","-715","6","0","Left","Top","1.2","Yu Gothic UI","Normal","Normal"
"Text","Black","1","0","コマンド機能一覧"
"反転","35","-725","6","0","Left","Top","1.2","Yu Gothic UI","Normal","Normal"
"Text","Black","1","0","コマンド機能一覧"
"2","270","-665","6","0","Left","Top","1.2","Yu Gothic UI","Normal","Normal"
"Text","Black","1","0","コマンド機能一覧"
"1","295","-665","6","0","Left","Top","1.2","Yu Gothic UI","Normal","Normal"
"Text","Black","1","0","コマンド機能一覧"
"2","270","-675","6","0","Left","Top","1.2","Yu Gothic UI","Normal","Normal"
"Text","Black","1","0","コマンド機能一覧"
"1","295","-675","6","0","Left","Top","1.2","Yu Gothic UI","Normal","Normal"
"Text","Black","1","0","コマンド機能一覧"
"1","270","-685","6","0","Left","Top","1.2","Yu Gothic UI","Normal","Normal"
"Text","Black","1","0","コマンド機能一覧"
"1","295","-685","6","0","Left","Top","1.2","Yu Gothic UI","Normal","Normal"
"Text","Black","1","0","コマンド機能一覧"
"1","270","-695","6","0","Left","Top","1.2","Yu Gothic UI","Normal","Normal"
"Text","Black","1","0","コマンド機能一覧"
"1","295","-695","6","0","Left","Top","1.2","Yu Gothic UI","Normal","Normal"
"Text","Black","1","0","コマンド機能一覧"
"1 以上","265","-705","6","0","Left","Top","1.2","Yu Gothic UI","Normal","Normal"
"Text","Black","1","0","コマンド機能一覧"
"2","295","-705","6","0","Left","Top","1.2","Yu Gothic UI","Normal","Normal"
"Text","Black","1","0","コマンド機能一覧"
"1 以上","265","-715","6","0","Left","Top","1.2","Yu Gothic UI","Normal","Normal"
"Text","Black","1","0","コマンド機能一覧"
"1 以上","265","-725","6","0","Left","Top","1.2","Yu Gothic UI","Normal","Normal"
"Text","Black","1","0","コマンド機能一覧"
"2","295","-715","6","0","Left","Top","1.2","Yu Gothic UI","Normal","Normal"
"Text","Black","1","0","コマンド機能一覧"
"2","295","-725","6","0","Left","Top","1.2","Yu Gothic UI","Normal","Normal"
"Text","Black","1","0","コマンド機能一覧"
"全要素","320","-665","6","0","Left","Top","1.2","Yu Gothic UI","Normal","Normal"
"Text","Black","1","0","コマンド機能一覧"
"線分、ポリライン、ポリゴン","320","-675","6","0","Left","Top","1.2","Yu Gothic UI","Normal","Normal"
"Text","Black","1","0","コマンド機能一覧"
"円弧","320","-685","6","0","Left","Top","1.2","Yu Gothic UI","Normal","Normal"
"Text","Black","1","0","コマンド機能一覧"
"円弧","320","-695","6","0","Left","Top","1.2","Yu Gothic UI","Normal","Normal"
"Text","Black","1","0","コマンド機能一覧"
"全要素","320","-705","6","0","Left","Top","1.2","Yu Gothic UI","Normal","Normal"
"Text","Black","1","0","コマンド機能一覧"
"全要素","320","-715","6","0","Left","Top","1.2","Yu Gothic UI","Normal","Normal"
"Text","Black","1","0","コマンド機能一覧"
"全要素","320","-725","6","0","Left","Top","1.2","Yu Gothic UI","Normal","Normal"
"Text","Black","1","0","コマンド機能一覧"
"ピックした2要素間の水平・垂直・平行寸法線を作成","95","-665","6","0","Left","Top","1.2","Yu Gothic UI","Normal","Normal"
"Text","Black","1","0","コマンド機能一覧"
"ピックした2線分に対して角度寸法線を作成","95","-675","6","0","Left","Top","1.2","Yu Gothic UI","Normal","Normal"
"Text","Black","1","0","コマンド機能一覧"
"ピックした円弧に対して直径寸法線を作成","95","-685","6","0","Left","Top","1.2","Yu Gothic UI","Normal","Normal"
"Text","Black","1","0","コマンド機能一覧"
"ピックした円弧に対して半径寸法線を作成","95","-695","6","0","Left","Top","1.2","Yu Gothic UI","Normal","Normal"
"Text","Black","1","0","コマンド機能一覧"
"ピックした要素をロケイトで移動量を指定して移動","95","-705","6","0","Left","Top","1.2","Yu Gothic UI","Normal","Normal"
"Text","Black","1","0","コマンド機能一覧"
"ピックした要素をロケイトで中心点と角度を指定して回転","95","-715","6","0","Left","Top","1.2","Yu Gothic UI","Normal","Normal"
"Text","Black","1","0","コマンド機能一覧"
"ピックした要素をロケイトで指定した線を基準に反転","95","-725","6","0","Left","Top","1.2","Yu Gothic UI","Normal","Normal"
"Text","Black","1","0","コマンド機能一覧"
"位置寸法線","35","-655","6","0","Left","Top","1.2","Yu Gothic UI","Normal","Normal"
"Text","Black","1","0","コマンド機能一覧"
"2点ロケイト位置の水平・垂直・平行寸法線を作成","95","-655","6","0","Left","Top","1.2","Yu Gothic UI","Normal","Normal"
"Text","Black","1","0","コマンド機能一覧"
"3","295","-655","6","0","Left","Top","1.2","Yu Gothic UI","Normal","Normal"
"Text","Black","1","0","コマンド機能一覧"
"拡大縮小","35","-735","6","0","Left","Top","1.2","Yu Gothic UI","Normal","Normal"
"Text","Black","1","0","コマンド機能一覧"
"トリム","35","-745","6","0","Left","Top","1.2","Yu Gothic UI","Normal","Normal"
"Text","Black","1","0","コマンド機能一覧"
"分解","35","-795","6","0","Left","Top","1.2","Yu Gothic UI","Normal","Normal"
"Text","Black","1","0","コマンド機能一覧"
"文字列変更","35","-805","6","0","Left","Top","1.2","Yu Gothic UI","Normal","Normal"
"Text","Black","1","0","コマンド機能一覧"
"半径変更","35","-815","6","0","Left","Top","1.2","Yu Gothic UI","Normal","Normal"
"Text","Black","1","0","コマンド機能一覧"
"属性変更","35","-825","6","0","Left","Top","1.2","Yu Gothic UI","Normal","Normal"
"Text","Black","1","0","コマンド機能一覧"
"属性一括変更","35","-835","6","0","Left","Top","1.2","Yu Gothic UI","Normal","Normal"
"Text","Black","1","0","コマンド機能一覧"
"コピー","0","-845","6","0","Left","Top","1.2","Yu Gothic UI","Normal","Normal"
"Text","Black","1","0","コマンド機能一覧"
"移動","35","-845","6","0","Left","Top","1.2","Yu Gothic UI","Normal","Normal"
"Text","Black","1","0","コマンド機能一覧"
"回転","35","-855","6","0","Left","Top","1.2","Yu Gothic UI","Normal","Normal"
"Text","Black","1","0","コマンド機能一覧"
"反転","35","-865","6","0","Left","Top","1.2","Yu Gothic UI","Normal","Normal"
"Text","Black","1","0","コマンド機能一覧"
"1 以上","265","-795","6","0","Left","Top","1.2","Yu Gothic UI","Normal","Normal"
"Text","Black","1","0","コマンド機能一覧"
"1 以上","265","-805","6","0","Left","Top","1.2","Yu Gothic UI","Normal","Normal"
"Text","Black","1","0","コマンド機能一覧"
"1 以上","265","-815","6","0","Left","Top","1.2","Yu Gothic UI","Normal","Normal"
"Text","Black","1","0","コマンド機能一覧"
"1 以上","265","-825","6","0","Left","Top","1.2","Yu Gothic UI","Normal","Normal"
"Text","Black","1","0","コマンド機能一覧"
"1 以上","265","-835","6","0","Left","Top","1.2","Yu Gothic UI","Normal","Normal"
"Text","Black","1","0","コマンド機能一覧"
"1 以上","265","-845","6","0","Left","Top","1.2","Yu Gothic UI","Normal","Normal"
"Text","Black","1","0","コマンド機能一覧"
"1 以上","265","-855","6","0","Left","Top","1.2","Yu Gothic UI","Normal","Normal"
"Text","Black","1","0","コマンド機能一覧"
"1 以上","265","-865","6","0","Left","Top","1.2","Yu Gothic UI","Normal","Normal"
"Text","Black","1","0","コマンド機能一覧"
"2 以上","290","-845","6","0","Left","Top","1.2","Yu Gothic UI","Normal","Normal"
"Text","Black","1","0","コマンド機能一覧"
"2","295","-855","6","0","Left","Top","1.2","Yu Gothic UI","Normal","Normal"
"Text","Black","1","0","コマンド機能一覧"
"2","295","-865","6","0","Left","Top","1.2","Yu Gothic UI","Normal","Normal"
"Text","Black","1","0","コマンド機能一覧"
"円弧","320","-815","6","0","Left","Top","1.2","Yu Gothic UI","Normal","Normal"
"Text","Black","1","0","コマンド機能一覧"
"全要素","320","-825","6","0","Left","Top","1.2","Yu Gothic UI","Normal","Normal"
"Text","Black","1","0","コマンド機能一覧"
"全要素","320","-835","6","0","Left","Top","1.2","Yu Gothic UI","Normal","Normal"
"Text","Black","1","0","コマンド機能一覧"
"全要素","320","-845","6","0","Left","Top","1.2","Yu Gothic UI","Normal","Normal"
"Text","Black","1","0","コマンド機能一覧"
"全要素","320","-855","6","0","Left","Top","1.2","Yu Gothic UI","Normal","Normal"
"Text","Black","1","0","コマンド機能一覧"
"全要素","320","-865","6","0","Left","Top","1.2","Yu Gothic UI","Normal","Normal"
"Text","Black","1","0","コマンド機能一覧"
"文字列、ラベル、寸法線","320","-805","6","0","Left","Top","1.2","Yu Gothic UI","Normal","Normal"
"Text","Black","1","0","コマンド機能一覧"
"ポリライン、ポリゴン、パーツ要素を基本要素に分解する","95","-795","6","0","Left","Top","1.2","Yu Gothic UI","Normal","Normal"
"Text","Black","1","0","コマンド機能一覧"
"ピックした文字列要素の内容を変更する","95","-805","6","0","Left","Top","1.2","Yu Gothic UI","Normal","Normal"
"Text","Black","1","0","コマンド機能一覧"
"ピックした円弧要素の半径を数値で変更する","95","-815","6","0","Left","Top","1.2","Yu Gothic UI","Normal","Normal"
"Text","Black","1","0","コマンド機能一覧"
"ピックした要素の属性を一要素づつ変更する","95","-825","6","0","Left","Top","1.2","Yu Gothic UI","Normal","Normal"
"Text","Black","1","0","コマンド機能一覧"
"ピックした要素の属性をまとめて変更する","95","-835","6","0","Left","Top","1.2","Yu Gothic UI","Normal","Normal"
"Text","Black","1","0","コマンド機能一覧"
"ピックした要素の属性をまとめて変更する","95","-845","6","0","Left","Top","1.2","Yu Gothic UI","Normal","Normal"
"Text","Black","1","0","コマンド機能一覧"
"ピックした要素のコピーを回転させる","95","-855","6","0","Left","Top","1.2","Yu Gothic UI","Normal","Normal"
"Text","Black","1","0","コマンド機能一覧"
"ピックした要素のコピーを反転させる","95","-865","6","0","Left","Top","1.2","Yu Gothic UI","Normal","Normal"
"Text","Black","1","0","コマンド機能一覧"
"ストレッチ","35","-765","6","0","Left","Top","1.2","Yu Gothic UI","Normal","Normal"
"Text","Black","1","0","コマンド機能一覧"
"オフセット","35","-775","6","0","Left","Top","1.2","Yu Gothic UI","Normal","Normal"
"Text","Black","1","0","コマンド機能一覧"
"ピックした要素の端点を移動させる","95","-765","6","0","Left","Top","1.2","Yu Gothic UI","Normal","Normal"
"Text","Black","1","0","コマンド機能一覧"
"ピックした要素をロケイトで指定した距離を平行移動","95","-775","6","0","Left","Top","1.2","Yu Gothic UI","Normal","Normal"
"Text","Black","1","0","コマンド機能一覧"
"1 以上","265","-765","6","0","Left","Top","1.2","Yu Gothic UI","Normal","Normal"
"Text","Black","1","0","コマンド機能一覧"
"1 以上","265","-775","6","0","Left","Top","1.2","Yu Gothic UI","Normal","Normal"
"Text","Black","1","0","コマンド機能一覧"
"2","295","-765","6","0","Left","Top","1.2","Yu Gothic UI","Normal","Normal"
"Text","Black","1","0","コマンド機能一覧"
"2","295","-775","6","0","Left","Top","1.2","Yu Gothic UI","Normal","Normal"
"Text","Black","1","0","コマンド機能一覧"
"全要素","320","-765","6","0","Left","Top","1.2","Yu Gothic UI","Normal","Normal"
"Text","Black","1","0","コマンド機能一覧"
"分割","35","-755","6","0","Left","Top","1.2","Yu Gothic UI","Normal","Normal"
"Text","Black","1","0","コマンド機能一覧"
"シンボル変換","35","-785","6","0","Left","Top","1.2","Yu Gothic UI","Normal","Normal"
"Text","Black","1","0","コマンド機能一覧"
"オフセット","35","-885","6","0","Left","Top","1.2","Yu Gothic UI","Normal","Normal"
"Text","Black","1","0","コマンド機能一覧"
"ピックした要素のコピーを平行移動させる","95","-885","6","0","Left","Top","1.2","Yu Gothic UI","Normal","Normal"
"Text","Black","1","0","コマンド機能一覧"
"1 以上","265","-885","6","0","Left","Top","1.2","Yu Gothic UI","Normal","Normal"
"Text","Black","1","0","コマンド機能一覧"
"2","295","-885","6","0","Left","Top","1.2","Yu Gothic UI","Normal","Normal"
"Text","Black","1","0","コマンド機能一覧"
"矢印、ラベル、寸法線を除く全要素","320","-885","6","0","Left","Top","1.2","Yu Gothic UI","Normal","Normal"
"Text","Black","1","0","コマンド機能一覧"
"要素コピー","35","-895","6","0","Left","Top","1.2","Yu Gothic UI","Normal","Normal"
"Text","Black","1","0","コマンド機能一覧"
"ピックした要素をクリップボードにコピーする","95","-895","6","0","Left","Top","1.2","Yu Gothic UI","Normal","Normal"
"Text","Black","1","0","コマンド機能一覧"
"1 以上","265","-895","6","0","Left","Top","1.2","Yu Gothic UI","Normal","Normal"
"Text","Black","1","0","コマンド機能一覧"
"全要素","320","-895","6","0","Left","Top","1.2","Yu Gothic UI","Normal","Normal"
"Text","Black","1","0","コマンド機能一覧"
"要素貼付け","35","-905","6","0","Left","Top","1.2","Yu Gothic UI","Normal","Normal"
"Text","Black","1","0","コマンド機能一覧"
"クリップボードにコピーされた要素データを位置指定して貼り付ける","95","-905","6","0","Left","Top","1.2","Yu Gothic UI","Normal","Normal"
"Text","Black","1","0","コマンド機能一覧"
"1","295","-905","6","0","Left","Top","1.2","Yu Gothic UI","Normal","Normal"
"Text","Black","1","0","コマンド機能一覧"
"全要素","320","-905","6","0","Left","Top","1.2","Yu Gothic UI","Normal","Normal"
"Text","Black","1","0","コマンド機能一覧"
"拡大縮小","35","-875","6","0","Left","Top","1.2","Yu Gothic UI","Normal","Normal"
"Text","Black","1","0","コマンド機能一覧"
"１点目を中心に２点目と３点目でピックした要素を拡大縮小する","95","-735","6","0","Left","Top","1.2","Yu Gothic UI","Normal","Normal"
"Text","Black","1","0","コマンド機能一覧"
"ピックした要素を２点間の長さに変更する","95","-745","6","0","Left","Top","1.2","Yu Gothic UI","Normal","Normal"
"Text","Black","1","0","コマンド機能一覧"
"ピックした要素を指定点で２要素に分割する","95","-755","6","0","Left","Top","1.2","Yu Gothic UI","Normal","Normal"
"Text","Black","1","0","コマンド機能一覧"
"1 以上","265","-735","6","0","Left","Top","1.2","Yu Gothic UI","Normal","Normal"
"Text","Black","1","0","コマンド機能一覧"
"1 以上","265","-745","6","0","Left","Top","1.2","Yu Gothic UI","Normal","Normal"
"Text","Black","1","0","コマンド機能一覧"
"1 以上","265","-755","6","0","Left","Top","1.2","Yu Gothic UI","Normal","Normal"
"Text","Black","1","0","コマンド機能一覧"
"3","295","-735","6","0","Left","Top","1.2","Yu Gothic UI","Normal","Normal"
"Text","Black","1","0","コマンド機能一覧"
"2","295","-745","6","0","Left","Top","1.2","Yu Gothic UI","Normal","Normal"
"Text","Black","1","0","コマンド機能一覧"
"1","295","-755","6","0","Left","Top","1.2","Yu Gothic UI","Normal","Normal"
"Text","Black","1","0","コマンド機能一覧"
"1","295","-785","6","0","Left","Top","1.2","Yu Gothic UI","Normal","Normal"
"Text","Black","1","0","コマンド機能一覧"
"ピックした要素をまとめて一つのシンボル要素にする","95","-785","6","0","Left","Top","1.2","Yu Gothic UI","Normal","Normal"
"Text","Black","1","0","コマンド機能一覧"
"1 以上","265","-785","6","0","Left","Top","1.2","Yu Gothic UI","Normal","Normal"
"Text","Black","1","0","コマンド機能一覧"
"線分、円弧、楕円、ポリライン、ポリゴン","320","-755","6","0","Left","Top","1.2","Yu Gothic UI","Normal","Normal"
"Text","Black","1","0","コマンド機能一覧"
"全要素","320","-735","6","0","Left","Top","1.2","Yu Gothic UI","Normal","Normal"
"Text","Black","1","0","コマンド機能一覧"
"線分、円弧、楕円、ポリライン","320","-745","6","0","Left","Top","1.2","Yu Gothic UI","Normal","Normal"
"Text","Black","1","0","コマンド機能一覧"
"１点目を中心に２点目と３点目でピックした要素を拡大縮小する","95","-875","6","0","Left","Top","1.2","Yu Gothic UI","Normal","Normal"
"Text","Black","1","0","コマンド機能一覧"
"1 以上","265","-875","6","0","Left","Top","1.2","Yu Gothic UI","Normal","Normal"
"Text","Black","1","0","コマンド機能一覧"
"3","295","-875","6","0","Left","Top","1.2","Yu Gothic UI","Normal","Normal"
"Text","Black","1","0","コマンド機能一覧"
"全要素","320","-875","6","0","Left","Top","1.2","Yu Gothic UI","Normal","Normal"
"Text","Black","1","0","コマンド機能一覧"
"ポリライン、ポリゴン、矢印、ラベル、寸法線、シンボル","320","-795","6","0","Left","Top","1.2","Yu Gothic UI","Normal","Normal"
"Line","Black","1","0","コマンド機能一覧"
"-5.000000000000114","-705","449.99999999999994","-705"
"Line","Black","1","0","コマンド機能一覧"
"30","-665","449.99999999999994","-665"
"Line","Black","1","0","コマンド機能一覧"
"30.000000000000014","-675","450","-675"
"Line","Black","1","0","コマンド機能一覧"
"30.000000000000014","-685","450","-685"
"Line","Black","1","0","コマンド機能一覧"
"30.000000000000007","-695","450.00000000000006","-695"
"Line","Black","1","0","コマンド機能一覧"
"30.000000000000007","-715","450","-715"
"Line","Black","1","0","コマンド機能一覧"
"30","-725","450","-725"
"Line","Black","1","0","コマンド機能一覧"
"30","-735","450","-735"
"Line","Black","1","0","コマンド機能一覧"
"30","-745","450","-745"
"Line","Black","1","0","コマンド機能一覧"
"30.000000000000007","-755","450","-755"
"Line","Black","1","0","コマンド機能一覧"
"30","-655","450","-655"
"Line","Black","1","0","コマンド機能一覧"
"-4.9999999999998295","-845","450.0000000000001","-845"
"Line","Black","1","0","コマンド機能一覧"
"30.000000000000007","-805","450","-805"
"Line","Black","1","0","コマンド機能一覧"
"30","-815","450","-815"
"Line","Black","1","0","コマンド機能一覧"
"30","-835","450","-835"
"Line","Black","1","0","コマンド機能一覧"
"30.000000000000007","-825","450","-825"
"Line","Black","1","0","コマンド機能一覧"
"30.000000000000007","-855","450","-855"
"Line","Black","1","0","コマンド機能一覧"
"30.000000000000007","-865","450","-865"
"Line","Black","1","0","コマンド機能一覧"
"30.000000000000007","-875","450","-875"
"Line","Black","1","0","コマンド機能一覧"
"30","-885","450","-885"
"Line","Black","1","0","コマンド機能一覧"
"30.000000000000007","-895","450","-895"
"Line","Black","1","0","コマンド機能一覧"
"30.000000000000007","-905","449.99999999999994","-905"
"Line","Black","1","0","コマンド機能一覧"
"30","-775","450","-775"
"Line","Black","1","0","コマンド機能一覧"
"30","-785","450","-785"
"Line","Black","1","0","コマンド機能一覧"
"30","-795","450","-795"
"Line","Black","1","0","コマンド機能一覧"
"30","-765","450","-765"
"Text","Black","1","0","コマンド機能一覧"
"矢印、ラベル、寸法線を除く他の要素","320","-775","6","0","Left","Top","1.2","Yu Gothic UI","Normal","Normal"
"Text","Black","1","0","コマンド機能一覧"
"線分、円弧、文字列、ポリライン、ポリゴン","320","-785","6","0","Left","Top","1.2","Yu Gothic UI","Normal","Normal"
"Text","Black","1","0","コマンド機能一覧"
"シンボル","35","-635","6","0","Left","Top","1.2","Yu Gothic UI","Normal","Normal"
"Text","Black","1","0","コマンド機能一覧"
"シンボルを選択してロケイト位置に配置する","95","-635","6","0","Left","Top","1.2","Yu Gothic UI","Normal","Normal"
"Text","Black","1","0","コマンド機能一覧"
"1","295","-635","6","0","Left","Top","1.2","Yu Gothic UI","Normal","Normal"
"Line","Black","1","0","コマンド機能一覧"
"30","-645","450","-645"
"Text","Black","1","0","コマンド機能一覧"
"情報","0","-915","6","0","Left","Top","1.2","Yu Gothic UI","Normal","Normal"
"Text","Black","1","0","コマンド機能一覧"
"要素","35","-915","6","0","Left","Top","1.2","Yu Gothic UI","Normal","Normal"
"Text","Black","1","0","コマンド機能一覧"
"要素データ","35","-925","6","0","Left","Top","1.2","Yu Gothic UI","Normal","Normal"
"Text","Black","1","0","コマンド機能一覧"
"図面コメント","35","-935","6","0","Left","Top","1.2","Yu Gothic UI","Normal","Normal"
"Text","Black","1","0","コマンド機能一覧"
"1 以上","265","-915","6","0","Left","Top","1.2","Yu Gothic UI","Normal","Normal"
"Text","Black","1","0","コマンド機能一覧"
"全要素","320","-915","6","0","Left","Top","1.2","Yu Gothic UI","Normal","Normal"
"Text","Black","1","0","コマンド機能一覧"
"1 以上","265","-925","6","0","Left","Top","1.2","Yu Gothic UI","Normal","Normal"
"Text","Black","1","0","コマンド機能一覧"
"全要素","320","-925","6","0","Left","Top","1.2","Yu Gothic UI","Normal","Normal"
"Text","Black","1","0","コマンド機能一覧"
"要素の属性やデータ情報などをダイヤログに表示","95","-915","6","0","Left","Top","1.2","Yu Gothic UI","Normal","Normal"
"Text","Black","1","0","コマンド機能一覧"
"要素の属性や全データをテキストで表示、編集も可能(デバッグ用)","95","-925","6","0","Left","Top","1.2","Yu Gothic UI","Normal","Normal"
"Text","Black","1","0","コマンド機能一覧"
"図面データに関するコメントの入力・表示する","95","-935","6","0","Left","Top","1.2","Yu Gothic UI","Normal","Normal"
"Line","Black","1","0","コマンド機能一覧"
"-4.99999999999998","-915","450.00000000000006","-915"
"Line","Black","1","0","コマンド機能一覧"
"30.000000000000014","-925","449.99999999999994","-925"
"Line","Black","1","0","コマンド機能一覧"
"-4.999999999999978","-945","450","-945"
"Line","Black","1","0","コマンド機能一覧"
"30.000000000000014","-935","449.99999999999994","-935"
"Text","Black","1","0","コマンド機能一覧"
"削除","0","-975","6","0","Left","Top","1.2","Yu Gothic UI","Normal","Normal"
"Text","Black","1","0","コマンド機能一覧"
"設定","0","-985","6","0","Left","Top","1.2","Yu Gothic UI","Normal","Normal"
"Text","Black","1","0","コマンド機能一覧"
"図面設定","35","-985","6","0","Left","Top","1.2","Yu Gothic UI","Normal","Normal"
"Text","Black","1","0","コマンド機能一覧"
"1 以上","265","-975","6","0","Left","Top","1.2","Yu Gothic UI","Normal","Normal"
"Text","Black","1","0","コマンド機能一覧"
"全要素","320","-975","6","0","Left","Top","1.2","Yu Gothic UI","Normal","Normal"
"Text","Black","1","0","コマンド機能一覧"
"ピックした要素を削除","95","-975","6","0","Left","Top","1.2","Yu Gothic UI","Normal","Normal"
"Text","Black","1","0","コマンド機能一覧"
"図面で設定されている属性の表示と変更","95","-985","6","0","Left","Top","1.2","Yu Gothic UI","Normal","Normal"
"Text","Black","1","0","コマンド機能一覧"
"表示レイヤー設定","35","-1005","6","0","Left","Top","1.2","Yu Gothic UI","Normal","Normal"
"Text","Black","1","0","コマンド機能一覧"
"全レイヤー表示","35","-1015","6","0","Left","Top","1.2","Yu Gothic UI","Normal","Normal"
"Text","Black","1","0","コマンド機能一覧"
"表示するレイヤーを設定する","95","-1005","6","0","Left","Top","1.2","Yu Gothic UI","Normal","Normal"
"Text","Black","1","0","コマンド機能一覧"
"全レイヤーを表示する","95","-1015","6","0","Left","Top","1.2","Yu Gothic UI","Normal","Normal"
"Text","Black","1","0","コマンド機能一覧"
"作成レイヤー","35","-995","6","0","Left","Top","1.2","Yu Gothic UI","Normal","Normal"
"Line","Black","1","0","コマンド機能一覧"
"-4.999999999999977","-975","450","-975"
"Line","Black","1","0","コマンド機能一覧"
"-4.999999999999977","-985","450","-985"
"Line","Black","1","0","コマンド機能一覧"
"30.000000000000014","-995","449.99999999999994","-995"
"Line","Black","1","0","コマンド機能一覧"
"30.000000000000014","-1005","449.99999999999994","-1005"
"Line","Black","1","0","コマンド機能一覧"
"30","-1015","450","-1015"
"Line","Black","1","0","コマンド機能一覧"
"30","-1025","450","-1025"
"Text","Black","1","0","コマンド機能一覧"
"作成する要素のレイヤー名を設定する","95","-995","6","0","Left","Top","1.2","Yu Gothic UI","Normal","Normal"
"Text","Black","1","0","コマンド機能一覧"
"測定","0","-945","6","0","Left","Top","1.2","Yu Gothic UI","Normal","Normal"
"Text","Black","1","0","コマンド機能一覧"
"距離・角度","35","-945","6","0","Left","Top","1.2","Yu Gothic UI","Normal","Normal"
"Text","Black","1","0","コマンド機能一覧"
"ピックした2要素間の距離または角度を表示","95","-945","6","0","Left","Top","1.2","Yu Gothic UI","Normal","Normal"
"Text","Black","1","0","コマンド機能一覧"
"2","270","-945","6","0","Left","Top","1.2","Yu Gothic UI","Normal","Normal"
"Text","Black","1","0","コマンド機能一覧"
"線分、ポリライン、ポリゴン","320","-945","6","0","Left","Top","1.2","Yu Gothic UI","Normal","Normal"
"Line","Black","1","0","コマンド機能一覧"
"30.000000000000014","-955","449.99999999999994","-955"
"Line","Black","1","0","コマンド機能一覧"
"30.000000000000014","-965","449.99999999999994","-965"
"Text","Black","1","0","コマンド機能一覧"
"距離","35","-955","6","0","Left","Top","1.2","Yu Gothic UI","Normal","Normal"
"Text","Black","1","0","コマンド機能一覧"
"角度","35","-965","6","0","Left","Top","1.2","Yu Gothic UI","Normal","Normal"
"Text","Black","1","0","コマンド機能一覧"
"ロケイトした2点間の距離を測定","95","-955","6","0","Left","Top","1.2","Yu Gothic UI","Normal","Normal"
"Text","Black","1","0","コマンド機能一覧"
"ロケイト点の2点目を中心に1点目と3点目で作る角度の測定","95","-965","6","0","Left","Top","1.2","Yu Gothic UI","Normal","Normal"
"Text","Black","1","0","コマンド機能一覧"
"3","295","-965","6","0","Left","Top","1.2","Yu Gothic UI","Normal","Normal"
"Text","Black","1","0","コマンド機能一覧"
"2","295","-955","6","0","Left","Top","1.2","Yu Gothic UI","Normal","Normal"
"Text","Black","1","0","コマンド機能一覧"
"アンドゥ","0","-1065","6","0","Left","Top","1.2","Yu Gothic UI","Normal","Normal"
"Text","Black","1","0","コマンド機能一覧"
"図面の状態を一つの操作前の状態に戻す","95","-1065","6","0","Left","Top","1.2","Yu Gothic UI","Normal","Normal"
"Text","Black","1","0","コマンド機能一覧"
"シンボル登録","35","-1045","6","0","Left","Top","1.2","Yu Gothic UI","Normal","Normal"
"Text","Black","1","0","コマンド機能一覧"
"シンボル管理","35","-1055","6","0","Left","Top","1.2","Yu Gothic UI","Normal","Normal"
"Line","Black","1","0","コマンド機能一覧"
"-4.999999999999976","-1065","450","-1065"
"Line","Black","1","0","コマンド機能一覧"
"-4.999999999999975","-1075","450","-1075"
"Line","Black","1","0","コマンド機能一覧"
"30","-1055","450","-1055"
"Text","Black","1","0","コマンド機能一覧"
"ピックしたシンボル要素をシンボルリストに登録する","95","-1045","6","0","Left","Top","1.2","Yu Gothic UI","Normal","Normal"
"Text","Black","1","0","コマンド機能一覧"
"未実装","95","-1055","6","0","Left","Top","1.2","Yu Gothic UI","Normal","Normal"
"Text","Black","1","0","コマンド機能一覧"
"1 以上","265","-1045","6","0","Left","Top","1.2","Yu Gothic UI","Normal","Normal"
"Text","Black","1","0","コマンド機能一覧"
"シンボル","320","-1045","6","0","Left","Top","1.2","Yu Gothic UI","Normal","Normal"
"Text","Black","1","0","コマンド機能一覧"
"1レイヤー表示","35","-1025","6","0","Left","Top","1.2","Yu Gothic UI","Normal","Normal"
"Line","Black","1","0","コマンド機能一覧"
"30","-1035","450","-1035"
"Line","Black","1","0","コマンド機能一覧"
"30","-1045","450","-1045"
"Text","Black","1","0","コマンド機能一覧"
"レイヤー名変更","35","-1035","6","0","Left","Top","1.2","Yu Gothic UI","Normal","Normal"
"Text","Black","1","0","コマンド機能一覧"
"作成レイヤーの1レイヤだけ表示する設定","95","-1025","6","0","Left","Top","1.2","Yu Gothic UI","Normal","Normal"
"Text","Black","1","0","コマンド機能一覧"
"選択したレイヤーの名称を変更する","95","-1035","6","0","Left","Top","1.2","Yu Gothic UI","Normal","Normal"
"Text","Black","1","0","コマンド機能一覧"
"画面コピー","35","-1075","6","0","Left","Top","1.2","Yu Gothic UI","Normal","Normal"
"Text","Black","1","0","コマンド機能一覧"
"画面保存","35","-1085","6","0","Left","Top","1.2","Yu Gothic UI","Normal","Normal"
"Text","Black","1","0","コマンド機能一覧"
"描画領域のイメージをクリップボードにコピーする","95","-1075","6","0","Left","Top","1.2","Yu Gothic UI","Normal","Normal"
"Text","Black","1","0","コマンド機能一覧"
"描画領域のイメージをファイルに保存する","95","-1085","6","0","Left","Top","1.2","Yu Gothic UI","Normal","Normal"
"Line","Black","1","0","コマンド機能一覧"
"30","-1085","450","-1085"
"Line","Black","1","0","コマンド機能一覧"
"30.000000000000007","-1095","449.99999999999994","-1095"
"Line","Black","1","0","コマンド機能一覧"
"30.000000000000007","-1105","449.99999999999994","-1105"
"Text","Black","1","0","コマンド機能一覧"
"キャンセル","0","-1115","6","0","Left","Top","1.2","Yu Gothic UI","Normal","Normal"
"Text","Black","1","0","コマンド機能一覧"
"終了","0","-1125","6","0","Left","Top","1.2","Yu Gothic UI","Normal","Normal"
"Text","Black","1","0","コマンド機能一覧"
"ピックやロケイトの除隊をクリアする","95","-1115","6","0","Left","Top","1.2","Yu Gothic UI","Normal","Normal"
"Text","Black","1","0","コマンド機能一覧"
"図面データを保存してアプリケーションを終了する","95","-1125","6","0","Left","Top","1.2","Yu Gothic UI","Normal","Normal"
"Line","Black","1","0","コマンド機能一覧"
"-4.999999999999975","-1125","450","-1125"
"Line","Black","1","0","コマンド機能一覧"
"-4.999999999999974","-1135","450","-1135"
"Line","Black","1","0","コマンド機能一覧"
"-4.999999999999975","-1115","450","-1115"
"Text","Black","1","0","コマンド機能一覧"
"製図領域をA4の縦または横で印刷","95","-1105","6","0","Left","Top","1.2","Yu Gothic UI","Normal","Normal"
"Text","Black","1","0","コマンド機能一覧"
"印刷","35","-1105","6","0","Left","Top","1.2","Yu Gothic UI","Normal","Normal"
"Line","Black","1","0","コマンド機能一覧"
"-5","-495","-5","-1135"
"Line","Black","1","0","コマンド機能一覧"
"30","-495","30.000000000000014","-1135"
"Line","Black","1","0","コマンド機能一覧"
"90","-495","90.00000000000001","-1135"
"Line","Black","1","0","コマンド機能一覧"
"255","-495","255","-1135"
"Line","Black","1","0","コマンド機能一覧"
"285","-495","285","-1135"
"Line","Black","1","0","コマンド機能一覧"
"315","-495","315","-1135"
"Line","Black","1","0","コマンド機能一覧"
"450","-495","450","-1135"
"Text","Black","1","0","コマンド機能一覧"
"イメージ","35","-650","6","0","Left","Center","1.2","Yu Gothic UI","Normal","Normal"
"Text","Black","1","0","コマンド機能一覧"
"イメージファイルを選択して貼り付ける","95","-650","6","0","Left","Center","1.2","Yu Gothic UI","Normal","Normal"
"Text","Black","1","0","コマンド機能一覧"
"2","295","-650","6","0","Left","Center","1.2","Yu Gothic UI","Normal","Normal"
"Text","Black","1","0","コマンド機能一覧"
"ツール","0","-1080","6","0","Left","Center","1.2","Yu Gothic UI","Normal","Normal"
"Text","Black","1","0","コマンド機能一覧"
"スクリーンキャプチャー","35","-1100","6","0","Left","Center","1.2","Yu Gothic UI","Normal","Normal"
"Text","Black","1","0","コマンド機能一覧"
"Window画面の一部を切り抜きファイル保存する","95","-1100","6","0","Left","Center","1.2","Yu Gothic UI","Normal","Normal"
"Text","Black","1","0","コマンド機能一覧"
"切り抜いた画面は[作成][イメージ]で図面貼り付ける","320","-1100","6","0","Left","Center","1.2","Yu Gothic UI","Normal","Normal"
