﻿"Property"
"Prperty","Color","Black","PointType","2","PointSize","3","LineType","0","Thickness","1","TextSize","6","TextRotate","0","LinePitchRate","1.2","HA","Left","VA","Top","ArrowSize","3","ArrowAngle","0.5235987755982988","GridSize","5","DispLaerBit","1","CreateLayer","製図機能一覧"
"Comment"
"Comment","Comment","CadAppの操作の一覧"
"Text","Black","1","0","コマンド機能一覧"
"寸法線","35","-645","6","0","Left","Top","1.2"
"Text","Black","1","0","コマンド機能一覧"
"角度寸法線","35","-655","6","0","Left","Top","1.2"
"Text","Black","1","0","コマンド機能一覧"
"直径寸法線","35","-665","6","0","Left","Top","1.2"
"Text","Black","1","0","コマンド機能一覧"
"半径寸法線","35","-675","6","0","Left","Top","1.2"
"Text","Black","1","0","コマンド機能一覧"
"編集","0","-685","6","0","Left","Top","1.2"
"Text","Black","1","0","コマンド機能一覧"
"移動","35","-685","6","0","Left","Top","1.2"
"Text","Black","1","0","コマンド機能一覧"
"回転","35","-695","6","0","Left","Top","1.2"
"Text","Black","1","0","コマンド機能一覧"
"反転","35","-705","6","0","Left","Top","1.2"
"Text","Black","1","0","コマンド機能一覧"
"2","270","-645","6","0","Left","Top","1.2"
"Text","Black","1","0","コマンド機能一覧"
"1","295","-645","6","0","Left","Top","1.2"
"Text","Black","1","0","コマンド機能一覧"
"2","270","-655","6","0","Left","Top","1.2"
"Text","Black","1","0","コマンド機能一覧"
"1","295","-655","6","0","Left","Top","1.2"
"Text","Black","1","0","コマンド機能一覧"
"1","270","-665","6","0","Left","Top","1.2"
"Text","Black","1","0","コマンド機能一覧"
"1","295","-665","6","0","Left","Top","1.2"
"Text","Black","1","0","コマンド機能一覧"
"1","270","-675","6","0","Left","Top","1.2"
"Text","Black","1","0","コマンド機能一覧"
"1","295","-675","6","0","Left","Top","1.2"
"Text","Black","1","0","コマンド機能一覧"
"1 以上","265","-685","6","0","Left","Top","1.2"
"Text","Black","1","0","コマンド機能一覧"
"2","295","-685","6","0","Left","Top","1.2"
"Text","Black","1","0","コマンド機能一覧"
"1 以上","265","-695","6","0","Left","Top","1.2"
"Text","Black","1","0","コマンド機能一覧"
"1 以上","265","-705","6","0","Left","Top","1.2"
"Text","Black","1","0","コマンド機能一覧"
"2","295","-695","6","0","Left","Top","1.2"
"Text","Black","1","0","コマンド機能一覧"
"2","295","-705","6","0","Left","Top","1.2"
"Text","Black","1","0","コマンド機能一覧"
"全要素","320","-645","6","0","Left","Top","1.2"
"Text","Black","1","0","コマンド機能一覧"
"線分、ポリライン、ポリゴン","320","-655","6","0","Left","Top","1.2"
"Text","Black","1","0","コマンド機能一覧"
"円弧","320","-665","6","0","Left","Top","1.2"
"Text","Black","1","0","コマンド機能一覧"
"円弧","320","-675","6","0","Left","Top","1.2"
"Text","Black","1","0","コマンド機能一覧"
"全要素","320","-685","6","0","Left","Top","1.2"
"Text","Black","1","0","コマンド機能一覧"
"全要素","320","-695","6","0","Left","Top","1.2"
"Text","Black","1","0","コマンド機能一覧"
"全要素","320","-705","6","0","Left","Top","1.2"
"Text","Black","1","0","コマンド機能一覧"
"ピックした2要素間の水平・垂直・平行寸法線を作成","95","-645","6","0","Left","Top","1.2"
"Text","Black","1","0","コマンド機能一覧"
"ピックした2線分に対して角度寸法線を作成","95","-655","6","0","Left","Top","1.2"
"Text","Black","1","0","コマンド機能一覧"
"ピックした円弧に対して直径寸法線を作成","95","-665","6","0","Left","Top","1.2"
"Text","Black","1","0","コマンド機能一覧"
"ピックした円弧に対して半径寸法線を作成","95","-675","6","0","Left","Top","1.2"
"Text","Black","1","0","コマンド機能一覧"
"ピックした要素をロケイトで移動量を指定して移動","95","-685","6","0","Left","Top","1.2"
"Text","Black","1","0","コマンド機能一覧"
"ピックした要素をロケイトで中心点と角度を指定して回転","95","-695","6","0","Left","Top","1.2"
"Text","Black","1","0","コマンド機能一覧"
"ピックした要素をロケイトで指定した線を基準に反転","95","-705","6","0","Left","Top","1.2"
"Point","Black","3","2","コマンド機能一覧"
"80","-555"
"Text","Black","1","0","コマンド機能一覧"
"メインコマンド","-5","-495","6","0","Left","Top","1.2"
"Text","Black","1","0","コマンド機能一覧"
"コマンド機能一覧","0","-485","6","0","Left","Top","1.2"
"Text","Black","1","0","コマンド機能一覧"
"作成","0","-505","6","0","Left","Top","1.2"
"Text","Black","1","0","コマンド機能一覧"
"サブコマンド","35","-495","6","0","Left","Top","1.2"
"Text","Black","1","0","コマンド機能一覧"
"点","35","-505","6","0","Left","Top","1.2"
"Text","Black","1","0","コマンド機能一覧"
"線分","35","-515","6","0","Left","Top","1.2"
"Text","Black","1","0","コマンド機能一覧"
"四角","35","-525","6","0","Left","Top","1.2"
"Text","Black","1","0","コマンド機能一覧"
"ポリライン","35","-535","6","0","Left","Top","1.2"
"Text","Black","1","0","コマンド機能一覧"
"ポリコ゜ン","35","-545","6","0","Left","Top","1.2"
"Text","Black","1","0","コマンド機能一覧"
"円弧","35","-555","6","0","Left","Top","1.2"
"Text","Black","1","0","コマンド機能一覧"
"円","35","-565","6","0","Left","Top","1.2"
"Text","Black","1","0","コマンド機能一覧"
"接円","35","-575","6","0","Left","Top","1.2"
"Text","Black","1","0","コマンド機能一覧"
"文字列","35","-595","6","0","Left","Top","1.2"
"Text","Black","1","0","コマンド機能一覧"
"矢印","35","-605","6","0","Left","Top","1.2"
"Text","Black","1","0","コマンド機能一覧"
"ラベル","35","-615","6","0","Left","Top","1.2"
"Text","Black","1","0","コマンド機能一覧"
"楕円","35","-585","6","0","Left","Top","1.2"
"Text","Black","1","0","コマンド機能一覧"
"ピック数","260","-495","6","0","Left","Top","1.2"
"Text","Black","1","0","コマンド機能一覧"
"ロケイト数","290","-495","6","0","Left","Top","1.2"
"Text","Black","1","0","コマンド機能一覧"
"1","295","-505","6","0","Left","Top","1.2"
"Text","Black","1","0","コマンド機能一覧"
"2","295","-515","6","0","Left","Top","1.2"
"Text","Black","1","0","コマンド機能一覧"
"2","295","-525","6","0","Left","Top","1.2"
"Text","Black","1","0","コマンド機能一覧"
"3","295","-555","6","0","Left","Top","1.2"
"Text","Black","1","0","コマンド機能一覧"
"2","295","-565","6","0","Left","Top","1.2"
"Text","Black","1","0","コマンド機能一覧"
"2","270","-575","6","0","Left","Top","1.2"
"Text","Black","1","0","コマンド機能一覧"
"1","295","-575","6","0","Left","Top","1.2"
"Text","Black","1","0","コマンド機能一覧"
"2 以上","290","-535","6","0","Left","Top","1.2"
"Text","Black","1","0","コマンド機能一覧"
"2 以上","290","-545","6","0","Left","Top","1.2"
"Text","Black","1","0","コマンド機能一覧"
"対象要素","320","-495","6","0","Left","Top","1.2"
"Text","Black","1","0","コマンド機能一覧"
"線分、ポリライン、ポリゴン","320","-575","6","0","Left","Top","1.2"
"Text","Black","1","0","コマンド機能一覧"
"1","295","-595","6","0","Left","Top","1.2"
"Text","Black","1","0","コマンド機能一覧"
"2","295","-605","6","0","Left","Top","1.2"
"Text","Black","1","0","コマンド機能一覧"
"2","295","-615","6","0","Left","Top","1.2"
"Text","Black","1","0","コマンド機能一覧"
"2","295","-585","6","0","Left","Top","1.2"
"Text","Black","1","0","コマンド機能一覧"
"機能","95","-495","6","0","Left","Top","1.2"
"Text","Black","1","0","コマンド機能一覧"
"ロケイト位置に点を作成","95","-505","6","0","Left","Top","1.2"
"Text","Black","1","0","コマンド機能一覧"
"ロケイト位置に線分を作成","95","-515","6","0","Left","Top","1.2"
"Text","Black","1","0","コマンド機能一覧"
"ロケイト位置に四角を作成","95","-525","6","0","Left","Top","1.2"
"Text","Black","1","0","コマンド機能一覧"
"ロケイト位置にポリラインを作成","95","-535","6","0","Left","Top","1.2"
"Text","Black","1","0","コマンド機能一覧"
"ロケイト位置にポリゴンを作成","95","-545","6","0","Left","Top","1.2"
"Text","Black","1","0","コマンド機能一覧"
"ロケイト位置に三点円弧を作成","95","-555","6","0","Left","Top","1.2"
"Text","Black","1","0","コマンド機能一覧"
"中心点と円周上の位置を指定して円を作成","95","-565","6","0","Left","Top","1.2"
"Text","Black","1","0","コマンド機能一覧"
"2本の線分または円弧をピックしてそれに接する円を作成","95","-575","6","0","Left","Top","1.2"
"Text","Black","1","0","コマンド機能一覧"
"2点で指定した四角の領域に楕円を作成","95","-585","6","0","Left","Top","1.2"
"Text","Black","1","0","コマンド機能一覧"
"文字入力欄の文字列をロケイト位置に作成","95","-595","6","0","Left","Top","1.2"
"Text","Black","1","0","コマンド機能一覧"
"ロケイト位置に矢印を作成","95","-605","6","0","Left","Top","1.2"
"Text","Black","1","0","コマンド機能一覧"
"ロケイト位置にラベルを作成","95","-615","6","0","Left","Top","1.2"
"Text","Black","1","0","コマンド機能一覧"
"位置寸法線","35","-635","6","0","Left","Top","1.2"
"Text","Black","1","0","コマンド機能一覧"
"2点ロケイト位置の水平・垂直・平行寸法線を作成","95","-635","6","0","Left","Top","1.2"
"Text","Black","1","0","コマンド機能一覧"
"3","295","-635","6","0","Left","Top","1.2"
"Text","Black","1","0","コマンド機能一覧"
"シンボル","35","-625","6","0","Left","Top","1.2"
"Text","Black","1","0","コマンド機能一覧"
"シンボルを選択してロケイト位置に配置する","95","-625","6","0","Left","Top","1.2"
"Text","Black","1","0","コマンド機能一覧"
"1","295","-625","6","0","Left","Top","1.2"
"Text","Black","1","0","コマンド機能一覧"
"拡大縮小","35","-715","6","0","Left","Top","1.2"
"Text","Black","1","0","コマンド機能一覧"
"トリム","35","-725","6","0","Left","Top","1.2"
"Text","Black","1","0","コマンド機能一覧"
"分解","35","-775","6","0","Left","Top","1.2"
"Text","Black","1","0","コマンド機能一覧"
"文字列変更","35","-785","6","0","Left","Top","1.2"
"Text","Black","1","0","コマンド機能一覧"
"半径変更","35","-795","6","0","Left","Top","1.2"
"Text","Black","1","0","コマンド機能一覧"
"属性変更","35","-805","6","0","Left","Top","1.2"
"Text","Black","1","0","コマンド機能一覧"
"属性一括変更","35","-815","6","0","Left","Top","1.2"
"Text","Black","1","0","コマンド機能一覧"
"コピー","0","-825","6","0","Left","Top","1.2"
"Text","Black","1","0","コマンド機能一覧"
"移動","35","-825","6","0","Left","Top","1.2"
"Text","Black","1","0","コマンド機能一覧"
"回転","35","-835","6","0","Left","Top","1.2"
"Text","Black","1","0","コマンド機能一覧"
"反転","35","-845","6","0","Left","Top","1.2"
"Text","Black","1","0","コマンド機能一覧"
"1 以上","265","-775","6","0","Left","Top","1.2"
"Text","Black","1","0","コマンド機能一覧"
"1 以上","265","-785","6","0","Left","Top","1.2"
"Text","Black","1","0","コマンド機能一覧"
"1 以上","265","-795","6","0","Left","Top","1.2"
"Text","Black","1","0","コマンド機能一覧"
"1 以上","265","-805","6","0","Left","Top","1.2"
"Text","Black","1","0","コマンド機能一覧"
"1 以上","265","-815","6","0","Left","Top","1.2"
"Text","Black","1","0","コマンド機能一覧"
"1 以上","265","-825","6","0","Left","Top","1.2"
"Text","Black","1","0","コマンド機能一覧"
"1 以上","265","-835","6","0","Left","Top","1.2"
"Text","Black","1","0","コマンド機能一覧"
"1 以上","265","-845","6","0","Left","Top","1.2"
"Text","Black","1","0","コマンド機能一覧"
"2 以上","290","-825","6","0","Left","Top","1.2"
"Text","Black","1","0","コマンド機能一覧"
"2","295","-835","6","0","Left","Top","1.2"
"Text","Black","1","0","コマンド機能一覧"
"2","295","-845","6","0","Left","Top","1.2"
"Text","Black","1","0","コマンド機能一覧"
"円弧","320","-795","6","0","Left","Top","1.2"
"Text","Black","1","0","コマンド機能一覧"
"全要素","320","-805","6","0","Left","Top","1.2"
"Text","Black","1","0","コマンド機能一覧"
"全要素","320","-815","6","0","Left","Top","1.2"
"Text","Black","1","0","コマンド機能一覧"
"全要素","320","-825","6","0","Left","Top","1.2"
"Text","Black","1","0","コマンド機能一覧"
"全要素","320","-835","6","0","Left","Top","1.2"
"Text","Black","1","0","コマンド機能一覧"
"全要素","320","-845","6","0","Left","Top","1.2"
"Text","Black","1","0","コマンド機能一覧"
"文字列、ラベル、寸法線","320","-785","6","0","Left","Top","1.2"
"Text","Black","1","0","コマンド機能一覧"
"ポリライン、ポリゴン、パーツ要素を基本要素に分解する","95","-775","6","0","Left","Top","1.2"
"Text","Black","1","0","コマンド機能一覧"
"ピックした文字列要素の内容を変更する","95","-785","6","0","Left","Top","1.2"
"Text","Black","1","0","コマンド機能一覧"
"ピックした円弧要素の半径を数値で変更する","95","-795","6","0","Left","Top","1.2"
"Text","Black","1","0","コマンド機能一覧"
"ピックした要素の属性を一要素づつ変更する","95","-805","6","0","Left","Top","1.2"
"Text","Black","1","0","コマンド機能一覧"
"ピックした要素の属性をまとめて変更する","95","-815","6","0","Left","Top","1.2"
"Text","Black","1","0","コマンド機能一覧"
"ピックした要素の属性をまとめて変更する","95","-825","6","0","Left","Top","1.2"
"Text","Black","1","0","コマンド機能一覧"
"ピックした要素のコピーを回転させる","95","-835","6","0","Left","Top","1.2"
"Text","Black","1","0","コマンド機能一覧"
"ピックした要素のコピーを反転させる","95","-845","6","0","Left","Top","1.2"
"Text","Black","1","0","コマンド機能一覧"
"情報","0","-915","6","0","Left","Top","1.2"
"Text","Black","1","0","コマンド機能一覧"
"要素","35","-915","6","0","Left","Top","1.2"
"Text","Black","1","0","コマンド機能一覧"
"要素データ","35","-925","6","0","Left","Top","1.2"
"Text","Black","1","0","コマンド機能一覧"
"図面コメント","35","-935","6","0","Left","Top","1.2"
"Text","Black","1","0","コマンド機能一覧"
"1 以上","265","-915","6","0","Left","Top","1.2"
"Text","Black","1","0","コマンド機能一覧"
"全要素","320","-915","6","0","Left","Top","1.2"
"Text","Black","1","0","コマンド機能一覧"
"1 以上","265","-925","6","0","Left","Top","1.2"
"Text","Black","1","0","コマンド機能一覧"
"全要素","320","-925","6","0","Left","Top","1.2"
"Text","Black","1","0","コマンド機能一覧"
"要素の属性やデータ情報などをダイヤログに表示","95","-915","6","0","Left","Top","1.2"
"Text","Black","1","0","コマンド機能一覧"
"要素の属性や全データをテキストで表示、編集も可能(デバッグ用)","95","-925","6","0","Left","Top","1.2"
"Text","Black","1","0","コマンド機能一覧"
"図面データに関するコメントの入力・表示する","95","-935","6","0","Left","Top","1.2"
"Text","Black","1","0","コマンド機能一覧"
"ストレッチ","35","-745","6","0","Left","Top","1.2"
"Text","Black","1","0","コマンド機能一覧"
"オフセット","35","-755","6","0","Left","Top","1.2"
"Text","Black","1","0","コマンド機能一覧"
"ピックした要素の端点を移動させる","95","-745","6","0","Left","Top","1.2"
"Text","Black","1","0","コマンド機能一覧"
"ピックした要素をロケイトで指定した距離を平行移動","95","-755","6","0","Left","Top","1.2"
"Text","Black","1","0","コマンド機能一覧"
"1 以上","265","-745","6","0","Left","Top","1.2"
"Text","Black","1","0","コマンド機能一覧"
"1 以上","265","-755","6","0","Left","Top","1.2"
"Text","Black","1","0","コマンド機能一覧"
"2","295","-745","6","0","Left","Top","1.2"
"Text","Black","1","0","コマンド機能一覧"
"2","295","-755","6","0","Left","Top","1.2"
"Text","Black","1","0","コマンド機能一覧"
"全要素","320","-745","6","0","Left","Top","1.2"
"Text","Black","1","0","コマンド機能一覧"
"矢印、ラベル、寸法線を除く全要素","320","-755","6","0","Left","Top","1.2"
"Text","Black","1","0","コマンド機能一覧"
"分割","35","-735","6","0","Left","Top","1.2"
"Text","Black","1","0","コマンド機能一覧"
"シンボル変換","35","-765","6","0","Left","Top","1.2"
"Text","Black","1","0","コマンド機能一覧"
"オフセット","35","-865","6","0","Left","Top","1.2"
"Text","Black","1","0","コマンド機能一覧"
"ピックした要素のコピーを平行移動させる","95","-865","6","0","Left","Top","1.2"
"Text","Black","1","0","コマンド機能一覧"
"1 以上","265","-865","6","0","Left","Top","1.2"
"Text","Black","1","0","コマンド機能一覧"
"2","295","-865","6","0","Left","Top","1.2"
"Text","Black","1","0","コマンド機能一覧"
"矢印、ラベル、寸法線を除く全要素","320","-865","6","0","Left","Top","1.2"
"Text","Black","1","0","コマンド機能一覧"
"要素コピー","35","-875","6","0","Left","Top","1.2"
"Text","Black","1","0","コマンド機能一覧"
"ピックした要素をクリップボードにコピーする","95","-875","6","0","Left","Top","1.2"
"Text","Black","1","0","コマンド機能一覧"
"1 以上","265","-875","6","0","Left","Top","1.2"
"Text","Black","1","0","コマンド機能一覧"
"全要素","320","-875","6","0","Left","Top","1.2"
"Text","Black","1","0","コマンド機能一覧"
"要素貼付け","35","-885","6","0","Left","Top","1.2"
"Text","Black","1","0","コマンド機能一覧"
"クリップボードにコピーされた要素データを位置指定して貼り付ける","95","-885","6","0","Left","Top","1.2"
"Text","Black","1","0","コマンド機能一覧"
"1","295","-885","6","0","Left","Top","1.2"
"Text","Black","1","0","コマンド機能一覧"
"全要素","320","-885","6","0","Left","Top","1.2"
"Text","Black","1","0","コマンド機能一覧"
"画面コピー","35","-895","6","0","Left","Top","1.2"
"Text","Black","1","0","コマンド機能一覧"
"描画領域のイメージをクリップボードにコピーする","95","-895","6","0","Left","Top","1.2"
"Text","Black","1","0","コマンド機能一覧"
"画面保存","35","-905","6","0","Left","Top","1.2"
"Text","Black","1","0","コマンド機能一覧"
"描画領域のイメージをファイルに保存する","95","-905","6","0","Left","Top","1.2"
"Text","Black","1","0","コマンド機能一覧"
"拡大縮小","35","-855","6","0","Left","Top","1.2"
"Text","Black","1","0","コマンド機能一覧"
"１点目を中心に２点目と３点目でピックした要素を拡大縮小する","95","-715","6","0","Left","Top","1.2"
"Text","Black","1","0","コマンド機能一覧"
"ピックした要素を２点間の長さに変更する","95","-725","6","0","Left","Top","1.2"
"Text","Black","1","0","コマンド機能一覧"
"ピックした要素を指定点で２要素に分割する","95","-735","6","0","Left","Top","1.2"
"Text","Black","1","0","コマンド機能一覧"
"1 以上","265","-715","6","0","Left","Top","1.2"
"Text","Black","1","0","コマンド機能一覧"
"1 以上","265","-725","6","0","Left","Top","1.2"
"Text","Black","1","0","コマンド機能一覧"
"1 以上","265","-735","6","0","Left","Top","1.2"
"Text","Black","1","0","コマンド機能一覧"
"3","295","-715","6","0","Left","Top","1.2"
"Text","Black","1","0","コマンド機能一覧"
"2","295","-725","6","0","Left","Top","1.2"
"Text","Black","1","0","コマンド機能一覧"
"1","295","-735","6","0","Left","Top","1.2"
"Text","Black","1","0","コマンド機能一覧"
"1","295","-765","6","0","Left","Top","1.2"
"Text","Black","1","0","コマンド機能一覧"
"ピックした要素をまとめて一つのシンボル要素にする","95","-765","6","0","Left","Top","1.2"
"Text","Black","1","0","コマンド機能一覧"
"1 以上","265","-765","6","0","Left","Top","1.2"
"Text","Black","1","0","コマンド機能一覧"
"線分、円弧、楕円、ポリライン、ポリゴン","320","-735","6","0","Left","Top","1.2"
"Text","Black","1","0","コマンド機能一覧"
"全要素","320","-715","6","0","Left","Top","1.2"
"Text","Black","1","0","コマンド機能一覧"
"線分、円弧、楕円、ポリライン","320","-725","6","0","Left","Top","1.2"
"Text","Black","1","0","コマンド機能一覧"
"１点目を中心に２点目と３点目でピックした要素を拡大縮小する","95","-855","6","0","Left","Top","1.2"
"Text","Black","1","0","コマンド機能一覧"
"1 以上","265","-855","6","0","Left","Top","1.2"
"Text","Black","1","0","コマンド機能一覧"
"3","295","-855","6","0","Left","Top","1.2"
"Text","Black","1","0","コマンド機能一覧"
"全要素","320","-855","6","0","Left","Top","1.2"
"Text","Black","1","0","コマンド機能一覧"
"ポリライン、ポリゴン、矢印、ラベル、寸法線、シンボル","320","-775","6","0","Left","Top","1.2"
"Line","Black","1","0","コマンド機能一覧"
"-5.000000000000114","-685","449.99999999999994","-685"
"Line","Black","1","0","コマンド機能一覧"
"30","-645","449.99999999999994","-645"
"Line","Black","1","0","コマンド機能一覧"
"30.000000000000014","-655","450","-655"
"Line","Black","1","0","コマンド機能一覧"
"30.000000000000014","-665","450","-665"
"Line","Black","1","0","コマンド機能一覧"
"30.000000000000007","-675","450.00000000000006","-675"
"Line","Black","1","0","コマンド機能一覧"
"30.000000000000007","-695","450","-695"
"Line","Black","1","0","コマンド機能一覧"
"30","-705","450","-705"
"Line","Black","1","0","コマンド機能一覧"
"30","-715","450","-715"
"Line","Black","1","0","コマンド機能一覧"
"30","-725","450","-725"
"Line","Black","1","0","コマンド機能一覧"
"30.000000000000007","-735","450","-735"
"Line","Black","1","0","コマンド機能一覧"
"-5","-495","450","-495"
"Line","Black","1","0","コマンド機能一覧"
"-4.999999999999999","-505","450","-505"
"Line","Black","1","0","コマンド機能一覧"
"30","-515","450","-515"
"Line","Black","1","0","コマンド機能一覧"
"30","-525","450","-525"
"Line","Black","1","0","コマンド機能一覧"
"30.000000000000007","-535","450","-535"
"Line","Black","1","0","コマンド機能一覧"
"30","-545","450","-545"
"Line","Black","1","0","コマンド機能一覧"
"30","-555","450","-555"
"Line","Black","1","0","コマンド機能一覧"
"30.000000000000007","-565","450","-565"
"Line","Black","1","0","コマンド機能一覧"
"29.999999999999993","-575","450","-575"
"Line","Black","1","0","コマンド機能一覧"
"29.999999999999993","-585","450","-585"
"Line","Black","1","0","コマンド機能一覧"
"30","-605","450","-605"
"Line","Black","1","0","コマンド機能一覧"
"30.000000000000007","-615","450","-615"
"Line","Black","1","0","コマンド機能一覧"
"30","-625","450","-625"
"Line","Black","1","0","コマンド機能一覧"
"29.999999999999993","-595","450","-595"
"Line","Black","1","0","コマンド機能一覧"
"30","-635","450","-635"
"Line","Black","1","0","コマンド機能一覧"
"-4.9999999999998295","-825","450.0000000000001","-825"
"Line","Black","1","0","コマンド機能一覧"
"30.000000000000007","-785","450","-785"
"Line","Black","1","0","コマンド機能一覧"
"30","-795","450","-795"
"Line","Black","1","0","コマンド機能一覧"
"30","-815","450","-815"
"Line","Black","1","0","コマンド機能一覧"
"30.000000000000007","-805","450","-805"
"Line","Black","1","0","コマンド機能一覧"
"30.000000000000007","-835","450","-835"
"Line","Black","1","0","コマンド機能一覧"
"30.000000000000007","-845","450","-845"
"Line","Black","1","0","コマンド機能一覧"
"30.000000000000007","-855","450","-855"
"Line","Black","1","0","コマンド機能一覧"
"30","-865","450","-865"
"Line","Black","1","0","コマンド機能一覧"
"30.000000000000007","-875","450","-875"
"Line","Black","1","0","コマンド機能一覧"
"30.000000000000007","-885","449.99999999999994","-885"
"Line","Black","1","0","コマンド機能一覧"
"-4.99999999999998","-915","450.00000000000006","-915"
"Line","Black","1","0","コマンド機能一覧"
"30.000000000000014","-925","449.99999999999994","-925"
"Line","Black","1","0","コマンド機能一覧"
"-4.999999999999978","-945","450","-945"
"Line","Black","1","0","コマンド機能一覧"
"30.000000000000014","-935","449.99999999999994","-935"
"Line","Black","1","0","コマンド機能一覧"
"30.000000000000007","-895","449.99999999999994","-895"
"Line","Black","1","0","コマンド機能一覧"
"30.000000000000007","-905","449.99999999999994","-905"
"Line","Black","1","0","コマンド機能一覧"
"30","-755","450","-755"
"Line","Black","1","0","コマンド機能一覧"
"30","-765","450","-765"
"Line","Black","1","0","コマンド機能一覧"
"30","-775","450","-775"
"Line","Black","1","0","コマンド機能一覧"
"30","-745","450","-745"
"Text","Black","1","0","モードとマウスボタン操作"
"右ボタン + Ctrl","-5","-440","6","0","Left","Bottom","1.2"
"Text","Black","1","0","モードとマウスボタン操作"
"右ボタン","-5","-420","6","0","Left","Bottom","1.2"
"Text","Black","1","0","モードとマウスボタン操作"
"左ボタン + Ctrl","-5","-410","6","0","Left","Bottom","1.2"
"Text","Black","1","0","モードとマウスボタン操作"
"左ボタン","-5","-390","6","0","Left","Bottom","1.2"
"Text","Black","1","0","モードとマウスボタン操作"
"モード","-5","-380","6","0","Left","Bottom","1.2"
"Text","Black","1","0","モードとマウスボタン操作"
"メニューキー・ボタン","-5","-450","6","0","Left","Bottom","1.2"
"Text","Black","1","0","モードとマウスボタン操作"
"Pick","50","-380","6","0","Left","Bottom","1.2"
"Text","Black","1","0","モードとマウスボタン操作"
"スクロール","45","-410","6","0","Left","Bottom","1.2"
"Text","Black","1","0","モードとマウスボタン操作"
"要素選択","45","-420","6","0","Left","Bottom","1.2"
"Text","Black","1","0","モードとマウスボタン操作"
"Locate","85","-380","6","0","Left","Bottom","1.2"
"Text","Black","1","0","モードとマウスボタン操作"
"位置座標追加","80","-390","6","0","Left","Bottom","1.2"
"Text","Black","1","0","モードとマウスボタン操作"
"スクロール","80","-410","6","0","Left","Bottom","1.2"
"Text","Black","1","0","モードとマウスボタン操作"
"要素上の座標をメニュー選択","80","-440","6","0","Left","Bottom","1.2"
"Text","Black","1","0","モードとマウスボタン操作"
"座標をメニュー選択で指定","80","-450","6","0","Left","Bottom","1.2"
"Line","Black","1","0","モードとマウスボタン操作"
"40","-370","40","-450"
"Line","Black","1","0","モードとマウスボタン操作"
"75","-370","75","-450"
"Text","Black","1","0","モードとマウスボタン操作"
"モードとマウスボタン操作","0","-370","6","0","Left","Bottom","1.2"
"Text","Black","1","0","モードとマウスボタン操作"
"アンピック","45","-440","6","0","Left","Bottom","1.2"
"Text","Black","1","0","モードとマウスボタン操作"
"Pick モード : コマンドを選択前の状態","0.22034148766524186","-450.8135117343604","6","0","Left","Top","1.2"
"Text","Black","1","0","モードとマウスボタン操作"
"Locate モード : コマンドを選択後の状態","0.22034148766524186","-457.9490723947123","6","0","Left","Top","1.2"
"Text","Black","1","0","モードとマウスボタン操作"
"Area モード : 領域選択、領域表示を選択した時の状態","0.8813659506609657","-465.08463305506416","6","0","Left","Top","1.2"
"Text","Black","1","0","モードとマウスボタン操作"
"座標確定(座標数固定コマンド)","80","-400","6","0","Left","Bottom","1.2"
"Line","Black","1","0","モードとマウスボタン操作"
"-5","-380","230","-380"
"Line","Black","1","0","モードとマウスボタン操作"
"-5","-400","230","-400"
"Line","Black","1","0","モードとマウスボタン操作"
"-5","-410","230","-410"
"Line","Black","1","0","モードとマウスボタン操作"
"-5","-430","230","-430"
"Line","Black","1","0","モードとマウスボタン操作"
"-5","-440","230","-440"
"Polygon","Black","1","0","モードとマウスボタン操作"
"-5","-370","230","-370","230","-450","-5","-450"
"Line","Black","1","0","モードとマウスボタン操作"
"195","-370","195","-450"
"Text","Black","1","0","モードとマウスボタン操作"
"Area","205","-380","6","0","Left","Bottom","1.2"
"Text","Black","1","0","モードとマウスボタン操作"
"領域指定","200","-390","6","0","Left","Bottom","1.2"
"Text","Black","1","0","モードとマウスボタン操作"
"座標確定(ピックなし座標数不定コマンド)","80","-430","6","0","Left","Bottom","1.2"
"Text","Black","1","0","モードとマウスボタン操作"
"要素上の座標(交点、端点など)","80","-420","6","0","Left","Bottom","1.2"
"Text","Black","1","0","座標の指定方法一覧"
"フリー/グリッド","-0","-170","7","0","Left","Top","1.2"
"Text","Black","1","0","座標の指定方法一覧"
"端点","0","-180","7","0","Left","Top","1.2"
"Text","Black","1","0","座標の指定方法一覧"
"テキスト頂点","0","-200","7","0","Left","Top","1.2"
"Text","Black","1","0","座標の指定方法一覧"
"交点(2要素選択)","-0","-210","7","0","Left","Top","1.2"
"Text","Black","1","0","座標の指定方法一覧"
"端点・中間点","-0","-220","7","0","Left","Top","1.2"
"Text","Black","1","0","座標の指定方法一覧"
"3\,4\,5\,6\,8\,16分割点","0","-230","7","0","Left","Top","1.2"
"Text","Black","1","0","座標の指定方法一覧"
"マウス","75","-130","7","0","Left","Top","1.2"
"Text","Black","1","0","座標の指定方法一覧"
"左ボタン","75","-140","7","0","Left","Top","1.2"
"Text","Black","1","0","座標の指定方法一覧"
"マウス","105","-130","7","0","Left","Top","1.2"
"Text","Black","1","0","座標の指定方法一覧"
"右ボタン","105","-140","7","0","Left","Top","1.2"
"Text","Black","1","0","座標の指定方法一覧"
"自動判定","105","-160","7","0","Left","Top","1.2"
"Text","Black","1","0","座標の指定方法一覧"
"ピックして","105","-150","7","0","Left","Top","1.2"
"Text","Black","1","0","座標の指定方法一覧"
"Ctrl + マウス","140","-130","7","0","Left","Top","1.2"
"Text","Black","1","0","座標の指定方法一覧"
"右ボタン","140","-140","7","0","Left","Top","1.2"
"Text","Black","1","0","座標の指定方法一覧"
"メニュー選択","140","-160","7","0","Left","Top","1.2"
"Text","Black","1","0","座標の指定方法一覧"
"ピックして","140","-150","7","0","Left","Top","1.2"
"Text","Black","1","0","座標の指定方法一覧"
"メニューボタン","185","-130","7","0","Left","Top","1.2"
"Text","Black","1","0","座標の指定方法一覧"
"Win メニューキー","185","-140","7","0","Left","Top","1.2"
"Text","Black","1","0","座標の指定方法一覧"
"メニュー選択","185","-150","7","0","Left","Top","1.2"
"Line","Black","1","0","座標の指定方法一覧"
"-5","-170","230","-170"
"Line","Black","1","0","座標の指定方法一覧"
"-5","-180","230","-180"
"Line","Black","1","0","座標の指定方法一覧"
"-5","-130","230","-130"
"Line","Black","1","0","座標の指定方法一覧"
"-5","-150","230","-150"
"Line","Black","1","0","座標の指定方法一覧"
"-5","-190","230","-190"
"Line","Black","1","0","座標の指定方法一覧"
"-5","-200","230","-200"
"Line","Black","1","0","座標の指定方法一覧"
"-5","-210","230","-210"
"Line","Black","1","0","座標の指定方法一覧"
"-5","-220","230","-220"
"Line","Black","1","0","座標の指定方法一覧"
"-5","-230","230","-230"
"Line","Black","1","0","座標の指定方法一覧"
"-5","-240","230","-240"
"Line","Black","1","0","座標の指定方法一覧"
"-5","-250","230","-250"
"Line","Black","1","0","座標の指定方法一覧"
"-5","-260","230","-260"
"Text","Black","1","0","座標の指定方法一覧"
"座標の指定方法一覧","0","-115","8","0","Left","Top","1.2"
"Arc","Black","1","0","座標の指定方法一覧"
"85","-175","2.5","0","6.283185307179586"
"Arc","Black","1","0","座標の指定方法一覧"
"115","-185","2.5","0","6.283185307179586"
"Arc","Black","1","0","座標の指定方法一覧"
"115","-195","2.5","0","6.283185307179586"
"Arc","Black","1","0","座標の指定方法一覧"
"115","-205","2.5","0","6.283185307179586"
"Arc","Black","1","0","座標の指定方法一覧"
"115","-215","2.5","0","6.283185307179586"
"Arc","Black","1","0","座標の指定方法一覧"
"155","-215","2.5","0","6.283185307179586"
"Arc","Black","1","0","座標の指定方法一覧"
"155","-225","2.5","0","6.283185307179586"
"Arc","Black","1","0","座標の指定方法一覧"
"155","-235","2.5","0","6.283185307179586"
"Arc","Black","1","0","座標の指定方法一覧"
"155","-245","2.5","0","6.283185307179586"
"Arc","Black","1","0","座標の指定方法一覧"
"155","-255","2.5","0","6.283185307179586"
"Text","Black","1","0","座標の指定方法一覧"
"操作方法","0","-135","7","0","Left","Top","1.2"
"Text","Black","1","0","座標の指定方法一覧"
"操作内容","0","-155","7","0","Left","Top","1.2"
"Text","Black","1","0","座標の指定方法一覧"
"絶対座標(数値入力)","0","-290","7","0","Left","Top","1.2"
"Text","Black","1","0","座標の指定方法一覧"
"相対座標(数値入力)","0","-300","7","0","Left","Top","1.2"
"Text","Black","1","0","座標の指定方法一覧"
"平行距離(数値入力)","0","-310","7","0","Left","Top","1.2"
"Text","Black","1","0","座標の指定方法一覧"
"スライド距離(数値入力)","0","-320","7","0","Left","Top","1.2"
"Text","Black","1","0","座標の指定方法一覧"
"半径(数値入力)","0","-330","7","0","Left","Top","1.2"
"Text","Black","1","0","座標の指定方法一覧"
"回転角(数値入力\,deg)","0","-340","7","0","Left","Top","1.2"
"Line","Black","1","0","座標の指定方法一覧"
"-5","-130","-5","-350"
"Line","Black","1","0","座標の指定方法一覧"
"70","-350","70","-130"
"Line","Black","1","0","座標の指定方法一覧"
"100","-130","100","-350"
"Line","Black","1","0","座標の指定方法一覧"
"135","-130","135","-350"
"Line","Black","1","0","座標の指定方法一覧"
"180","-130","180","-350"
"Line","Black","1","0","座標の指定方法一覧"
"230","-130","230","-350"
"Line","Black","1","0","座標の指定方法一覧"
"-5","-350","230","-350"
"Line","Black","1","0","座標の指定方法一覧"
"-5","-290","230","-290"
"Line","Black","1","0","座標の指定方法一覧"
"-5","-300","230","-300"
"Line","Black","1","0","座標の指定方法一覧"
"-5","-310","230","-310"
"Line","Black","1","0","座標の指定方法一覧"
"-5","-320","230","-320"
"Line","Black","1","0","座標の指定方法一覧"
"-5","-330","230","-330"
"Line","Black","1","0","座標の指定方法一覧"
"-5","-340","230","-340"
"Arc","Black","1","0","座標の指定方法一覧"
"155","-265","2.5","0","6.283185307179586"
"Arc","Black","1","0","座標の指定方法一覧"
"200","-295","2.5","0","6.283185307179586"
"Arc","Black","1","0","座標の指定方法一覧"
"200","-305","2.5","0","6.283185307179586"
"Arc","Black","1","0","座標の指定方法一覧"
"200","-325","2.5","0","6.283185307179586"
"Arc","Black","1","0","座標の指定方法一覧"
"200","-315","2.5","0","6.283185307179586"
"Line","Black","1","0","座標の指定方法一覧"
"-5","-270","230","-270"
"Line","Black","1","0","座標の指定方法一覧"
"-5","-280","230","-280"
"Arc","Black","1","0","座標の指定方法一覧"
"200","-335","2.5","0","6.283185307179586"
"Arc","Black","1","0","座標の指定方法一覧"
"200","-345","2.5","0","6.283185307179586"
"Arc","Black","1","0","座標の指定方法一覧"
"155","-275","2.5","0","6.283185307179586"
"Arc","Black","1","0","座標の指定方法一覧"
"155","-285","2.5","0","6.283185307179586"
"Text","Black","1","0","座標の指定方法一覧"
"端点距離(数値入力)","0","-280","7","0","Left","Top","1.2"
"Text","Black","1","0","座標の指定方法一覧"
"垂点","0","-250","7","0","Left","Top","1.2"
"Text","Black","1","0","座標の指定方法一覧"
"頂点(円弧、楕円)","0","-240","7","0","Left","Top","1.2"
"Text","Black","1","0","座標の指定方法一覧"
"接点(円弧、楕円)","0","-260","6","0","Left","Top","1.2"
"Text","Black","1","0","座標の指定方法一覧"
"中心点(円弧、楕円)","0","-270","7","0","Left","Top","1.2"
"Line","Black","1","0","ショートカットキーの機能一覧"
"250","-130","250","-330"
"Text","Black","1","0","ショートカットキーの機能一覧"
"キー","255","-130","6","0","Left","Top","1.2"
"Text","Black","1","0","ショートカットキーの機能一覧"
"Ctrl + F1","255","-140","6","0","Left","Top","1.2"
"Text","Black","1","0","ショートカットキーの機能一覧"
"Ctrl + 左矢印","255","-150","6","0","Left","Top","1.2"
"Text","Black","1","0","ショートカットキーの機能一覧"
"Ctrl + 右矢印","255","-160","6","0","Left","Top","1.2"
"Text","Black","1","0","ショートカットキーの機能一覧"
"Ctrl + 上矢印","255","-170","6","0","Left","Top","1.2"
"Text","Black","1","0","ショートカットキーの機能一覧"
"Ctrl + 下矢印","255","-180","6","0","Left","Top","1.2"
"Text","Black","1","0","ショートカットキーの機能一覧"
"Ctrl + A","255","-190","6","0","Left","Top","1.2"
"Text","Black","1","0","ショートカットキーの機能一覧"
"Ctrl + Q","255","-200","6","0","Left","Top","1.2"
"Text","Black","1","0","ショートカットキーの機能一覧"
"Ctrl + S","255","-210","6","0","Left","Top","1.2"
"Text","Black","1","0","ショートカットキーの機能一覧"
"Ctrl + Z","255","-220","6","0","Left","Top","1.2"
"Text","Black","1","0","ショートカットキーの機能一覧"
"Esc","255","-230","6","0","Left","Top","1.2"
"Text","Black","1","0","ショートカットキーの機能一覧"
"BS","255","-240","6","0","Left","Top","1.2"
"Text","Black","1","0","ショートカットキーの機能一覧"
"Return","255","-260","6","0","Left","Top","1.2"
"Text","Black","1","0","ショートカットキーの機能一覧"
"F1","255","-270","6","0","Left","Top","1.2"
"Text","Black","1","0","ショートカットキーの機能一覧"
"F2","255","-280","6","0","Left","Top","1.2"
"Text","Black","1","0","ショートカットキーの機能一覧"
"F3","255","-290","6","0","Left","Top","1.2"
"Text","Black","1","0","ショートカットキーの機能一覧"
"F4","255","-300","6","0","Left","Top","1.2"
"Text","Black","1","0","ショートカットキーの機能一覧"
"F5","255","-310","6","0","Left","Top","1.2"
"Text","Black","1","0","ショートカットキーの機能一覧"
"F6","255","-320","6","0","Left","Top","1.2"
"Text","Black","1","0","ショートカットキーの機能一覧"
"メニューキー","255","-250","6","0","Left","Top","1.2"
"Line","Black","1","0","ショートカットキーの機能一覧"
"295","-130","295","-330"
"Text","Black","1","0","ショートカットキーの機能一覧"
"機能","300","-130","6","0","Left","Top","1.2"
"Text","Black","1","0","ショートカットキーの機能一覧"
"グリッドの表示/非表示切替","300","-140","6","0","Left","Top","1.2"
"Text","Black","1","0","ショートカットキーの機能一覧"
"左スクロール","300","-150","6","0","Left","Top","1.2"
"Text","Black","1","0","ショートカットキーの機能一覧"
"右スクロール","300","-160","6","0","Left","Top","1.2"
"Text","Black","1","0","ショートカットキーの機能一覧"
"上スクロール","300","-170","6","0","Left","Top","1.2"
"Text","Black","1","0","ショートカットキーの機能一覧"
"下スクロール","300","-180","6","0","Left","Top","1.2"
"Text","Black","1","0","ショートカットキーの機能一覧"
"線分作成(暫定)","300","-190","6","0","Left","Top","1.2"
"Text","Black","1","0","ショートカットキーの機能一覧"
"文字列作成(暫定)","300","-200","6","0","Left","Top","1.2"
"Text","Black","1","0","ショートカットキーの機能一覧"
"データ保存","300","-210","6","0","Left","Top","1.2"
"Text","Black","1","0","ショートカットキーの機能一覧"
"アンドゥ","300","-220","6","0","Left","Top","1.2"
"Text","Black","1","0","ショートカットキーの機能一覧"
"キャンセル(コマンド、ピック、ロケイトをクリア)","300","-230","6","0","Left","Top","1.2"
"Text","Black","1","0","ショートカットキーの機能一覧"
"ロケイトを一つ戻す","300","-240","6","0","Left","Top","1.2"
"Text","Black","1","0","ショートカットキーの機能一覧"
"ロケイトのメニュー表示","300","-250","6","0","Left","Top","1.2"
"Text","Black","1","0","ショートカットキーの機能一覧"
"キーコマンドの実行","300","-260","6","0","Left","Top","1.2"
"Text","Black","1","0","ショートカットキーの機能一覧"
"再表示","300","-270","6","0","Left","Top","1.2"
"Text","Black","1","0","ショートカットキーの機能一覧"
"領域拡大表示","300","-280","6","0","Left","Top","1.2"
"Text","Black","1","0","ショートカットキーの機能一覧"
"全体表示","300","-290","6","0","Left","Top","1.2"
"Text","Black","1","0","ショートカットキーの機能一覧"
"表示拡大","300","-300","6","0","Left","Top","1.2"
"Text","Black","1","0","ショートカットキーの機能一覧"
"表示縮小","300","-310","6","0","Left","Top","1.2"
"Text","Black","1","0","ショートカットキーの機能一覧"
"領域指定ピック","300","-320","6","0","Left","Top","1.2"
"Line","Black","1","0","ショートカットキーの機能一覧"
"250","-130","405","-130"
"Line","Black","1","0","ショートカットキーの機能一覧"
"250","-140","405","-140"
"Line","Black","1","0","ショートカットキーの機能一覧"
"250","-150","405","-150"
"Line","Black","1","0","ショートカットキーの機能一覧"
"250","-160","405","-160"
"Line","Black","1","0","ショートカットキーの機能一覧"
"250","-170","405","-170"
"Line","Black","1","0","ショートカットキーの機能一覧"
"250","-180","405","-180"
"Line","Black","1","0","ショートカットキーの機能一覧"
"250","-190","405","-190"
"Line","Black","1","0","ショートカットキーの機能一覧"
"250","-200","405","-200"
"Line","Black","1","0","ショートカットキーの機能一覧"
"250","-210","405","-210"
"Line","Black","1","0","ショートカットキーの機能一覧"
"250","-220","405","-220"
"Line","Black","1","0","ショートカットキーの機能一覧"
"250","-240","405","-240"
"Line","Black","1","0","ショートカットキーの機能一覧"
"250","-250","405","-250"
"Line","Black","1","0","ショートカットキーの機能一覧"
"250","-260","405","-260"
"Line","Black","1","0","ショートカットキーの機能一覧"
"250","-270","405","-270"
"Line","Black","1","0","ショートカットキーの機能一覧"
"250","-280","405","-280"
"Line","Black","1","0","ショートカットキーの機能一覧"
"250","-290","405","-290"
"Line","Black","1","0","ショートカットキーの機能一覧"
"250","-300","405","-300"
"Line","Black","1","0","ショートカットキーの機能一覧"
"250","-310","405","-310"
"Line","Black","1","0","ショートカットキーの機能一覧"
"250","-320","405","-320"
"Line","Black","1","0","ショートカットキーの機能一覧"
"250","-230","405","-230"
"Line","Black","1","0","ショートカットキーの機能一覧"
"250","-330","405","-330"
"Line","Black","1","0","ショートカットキーの機能一覧"
"405","-130","405","-330"
"Text","Black","1","0","ショートカットキーの機能一覧"
"ショートカットキーの機能一覧","255","-120","6","0","Left","Top","1.2"
"Arc","Black","1","0","製図機能一覧"
"55","-45","2.5","0","6.283185307179586"
"Line","Black","1","0","製図機能一覧"
"53","-57","57","-53"
"Line","Black","1","0","製図機能一覧"
"53","-53","57","-57"
"Line","Black","1","0","製図機能一覧"
"53","-37","57","-33"
"Line","Black","1","0","製図機能一覧"
"53","-33","57","-37"
"Line","Black","1","0","製図機能一覧"
"53","-27","57","-23"
"Line","Black","1","0","製図機能一覧"
"53","-23","57","-27"
"Line","Black","1","0","製図機能一覧"
"53","-17","57","-13"
"Line","Black","1","0","製図機能一覧"
"53","-13","57","-17"
"Line","Black","1","0","製図機能一覧"
"73","-57","77","-53"
"Line","Black","1","0","製図機能一覧"
"73","-53","77","-57"
"Line","Black","1","0","製図機能一覧"
"98","-57","102","-53"
"Line","Black","1","0","製図機能一覧"
"98","-53","102","-57"
"Arc","Black","1","0","製図機能一覧"
"75","-15","2.5","0","6.283185307179586"
"Arc","Black","1","0","製図機能一覧"
"75","-25","2.5","0","6.283185307179586"
"Arc","Black","1","0","製図機能一覧"
"75","-35","2.5","0","6.283185307179586"
"Arc","Black","1","0","製図機能一覧"
"75","-45","2.5","0","6.283185307179586"
"Arc","Black","1","0","製図機能一覧"
"100","-15","2.5","0","6.283185307179586"
"Arc","Black","1","0","製図機能一覧"
"100","-25","2.5","0","6.283185307179586"
"Arc","Black","1","0","製図機能一覧"
"100","-35","2.5","0","6.283185307179586"
"Arc","Black","1","0","製図機能一覧"
"100","-45","2.5","0","6.283185307179586"
"Line","Black","1","0","製図機能一覧"
"188","-17","192","-13"
"Line","Black","1","0","製図機能一覧"
"188","-13","192","-17"
"Line","Black","1","0","製図機能一覧"
"218","-17","222","-13"
"Line","Black","1","0","製図機能一覧"
"218","-13","222","-17"
"Line","Black","1","0","製図機能一覧"
"218","-27","222","-23"
"Line","Black","1","0","製図機能一覧"
"218","-23","222","-27"
"Line","Black","1","0","製図機能一覧"
"218","-47","222","-43"
"Line","Black","1","0","製図機能一覧"
"218","-43","222","-47"
"Line","Black","1","0","製図機能一覧"
"218","-57","222","-53"
"Line","Black","1","0","製図機能一覧"
"218","-53","222","-57"
"Line","Black","1","0","製図機能一覧"
"243","-17","247","-13"
"Line","Black","1","0","製図機能一覧"
"243","-13","247","-17"
"Line","Black","1","0","製図機能一覧"
"243","-27","247","-23"
"Line","Black","1","0","製図機能一覧"
"243","-23","247","-27"
"Line","Black","1","0","製図機能一覧"
"243","-47","247","-43"
"Line","Black","1","0","製図機能一覧"
"243","-43","247","-47"
"Arc","Black","1","0","製図機能一覧"
"155","-15","2.5","0","6.283185307179586"
"Arc","Black","1","0","製図機能一覧"
"155","-25","2.5","0","6.283185307179586"
"Arc","Black","1","0","製図機能一覧"
"155","-35","2.5","0","6.283185307179586"
"Arc","Black","1","0","製図機能一覧"
"155","-45","2.5","0","6.283185307179586"
"Arc","Black","1","0","製図機能一覧"
"155","-55","2.5","0","6.283185307179586"
"Arc","Black","1","0","製図機能一覧"
"190","-25","2.5","0","6.283185307179586"
"Arc","Black","1","0","製図機能一覧"
"190","-35","2.5","0","6.283185307179586"
"Arc","Black","1","0","製図機能一覧"
"190","-45","2.5","0","6.283185307179586"
"Arc","Black","1","0","製図機能一覧"
"190","-55","2.5","0","6.283185307179586"
"Arc","Black","1","0","製図機能一覧"
"245","-35","2.5","0","6.283185307179586"
"Arc","Black","1","0","製図機能一覧"
"245","-55","2.5","0","6.283185307179586"
"Line","Black","1","0","製図機能一覧"
"268","-17","272","-13"
"Line","Black","1","0","製図機能一覧"
"268","-13","272","-17"
"Line","Black","1","0","製図機能一覧"
"268","-27","272","-23"
"Line","Black","1","0","製図機能一覧"
"268","-23","272","-27"
"Line","Black","1","0","製図機能一覧"
"268","-47","272","-43"
"Line","Black","1","0","製図機能一覧"
"268","-43","272","-47"
"Line","Black","1","0","製図機能一覧"
"298","-17","302","-13"
"Line","Black","1","0","製図機能一覧"
"298","-13","302","-17"
"Line","Black","1","0","製図機能一覧"
"298","-27","302","-23"
"Line","Black","1","0","製図機能一覧"
"298","-23","302","-27"
"Line","Black","1","0","製図機能一覧"
"298","-47","302","-43"
"Line","Black","1","0","製図機能一覧"
"298","-43","302","-47"
"Arc","Black","1","0","製図機能一覧"
"270","-35","2.5","0","6.283185307179586"
"Arc","Black","1","0","製図機能一覧"
"270","-55","2.5","0","6.283185307179586"
"Arc","Black","1","0","製図機能一覧"
"300","-35","2.5","0","6.283185307179586"
"Arc","Black","1","0","製図機能一覧"
"300","-55","2.5","0","6.283185307179586"
"Arc","Black","1","0","製図機能一覧"
"125","-15","2.5","0","6.283185307179586"
"Arc","Black","1","0","製図機能一覧"
"125","-25","2.5","0","6.283185307179586"
"Arc","Black","1","0","製図機能一覧"
"125","-35","2.5","0","6.283185307179586"
"Arc","Black","1","0","製図機能一覧"
"125","-45","2.5","0","6.283185307179586"
"Line","Black","1","0","製図機能一覧"
"123","-57","127","-53"
"Line","Black","1","0","製図機能一覧"
"123","-53","127","-57"
"Arc","Black","1","0","製図機能一覧"
"220","-35","2.5","0","6.283185307179586"
"Arc","Black","1","0","製図機能一覧"
"220","-65","2.5","0","6.283185307179586"
"Arc","Black","1","0","製図機能一覧"
"270","-65","2.5","0","6.283185307179586"
"Arc","Black","1","0","製図機能一覧"
"300","-65","2.5","0","6.283185307179586"
"Arc","Black","1","0","製図機能一覧"
"100","-75","2.5","0","6.283185307179586"
"Arc","Black","1","0","製図機能一覧"
"55","-85","2.5","0","6.283185307179586"
"Arc","Black","1","0","製図機能一覧"
"75","-85","2.5","0","6.283185307179586"
"Arc","Black","1","0","製図機能一覧"
"100","-85","2.5","0","6.283185307179586"
"Arc","Black","1","0","製図機能一覧"
"125","-85","2.5","0","6.283185307179586"
"Arc","Black","1","0","製図機能一覧"
"155","-85","2.5","0","6.283185307179586"
"Arc","Black","1","0","製図機能一覧"
"190","-85","2.5","0","6.283185307179586"
"Arc","Black","1","0","製図機能一覧"
"220","-85","2.5","0","6.283185307179586"
"Arc","Black","1","0","製図機能一覧"
"245","-85","2.5","0","6.283185307179586"
"Arc","Black","1","0","製図機能一覧"
"270","-85","2.5","0","6.283185307179586"
"Arc","Black","1","0","製図機能一覧"
"300","-85","2.5","0","6.283185307179586"
"Arc","Black","1","0","製図機能一覧"
"300","-95","2.5","0","6.283185307179586"
"Arc","Black","1","0","製図機能一覧"
"270","-95","2.5","0","6.283185307179586"
"Arc","Black","1","0","製図機能一覧"
"245","-95","2.5","0","6.283185307179586"
"Arc","Black","1","0","製図機能一覧"
"220","-95","2.5","0","6.283185307179586"
"Arc","Black","1","0","製図機能一覧"
"190","-95","2.5","0","6.283185307179586"
"Arc","Black","1","0","製図機能一覧"
"155","-95","2.5","0","6.283185307179586"
"Arc","Black","1","0","製図機能一覧"
"125","-95","2.5","0","6.283185307179586"
"Arc","Black","1","0","製図機能一覧"
"100","-95","2.5","0","6.283185307179586"
"Arc","Black","1","0","製図機能一覧"
"75","-95","2.5","0","6.283185307179586"
"Arc","Black","1","0","製図機能一覧"
"55","-95","2.5","0","6.283185307179586"
"Line","Black","1","0","製図機能一覧"
"53","-67","57","-63"
"Line","Black","1","0","製図機能一覧"
"53","-63","57","-67"
"Line","Black","1","0","製図機能一覧"
"53","-77","57","-73"
"Line","Black","1","0","製図機能一覧"
"53","-73","57","-77"
"Line","Black","1","0","製図機能一覧"
"73","-67","77","-63"
"Line","Black","1","0","製図機能一覧"
"73","-63","77","-67"
"Line","Black","1","0","製図機能一覧"
"73","-77","77","-73"
"Line","Black","1","0","製図機能一覧"
"73","-73","77","-77"
"Line","Black","1","0","製図機能一覧"
"98","-67","102","-63"
"Line","Black","1","0","製図機能一覧"
"98","-63","102","-67"
"Line","Black","1","0","製図機能一覧"
"123","-67","127","-63"
"Line","Black","1","0","製図機能一覧"
"123","-63","127","-67"
"Line","Black","1","0","製図機能一覧"
"123","-77","127","-73"
"Line","Black","1","0","製図機能一覧"
"123","-73","127","-77"
"Line","Black","1","0","製図機能一覧"
"153","-67","157","-63"
"Line","Black","1","0","製図機能一覧"
"153","-63","157","-67"
"Line","Black","1","0","製図機能一覧"
"153","-77","157","-73"
"Line","Black","1","0","製図機能一覧"
"153","-73","157","-77"
"Line","Black","1","0","製図機能一覧"
"188","-67","192","-63"
"Line","Black","1","0","製図機能一覧"
"188","-63","192","-67"
"Line","Black","1","0","製図機能一覧"
"188","-77","192","-73"
"Line","Black","1","0","製図機能一覧"
"188","-73","192","-77"
"Line","Black","1","0","製図機能一覧"
"218","-77","222","-73"
"Line","Black","1","0","製図機能一覧"
"218","-73","222","-77"
"Line","Black","1","0","製図機能一覧"
"243","-77","247","-73"
"Line","Black","1","0","製図機能一覧"
"243","-73","247","-77"
"Line","Black","1","0","製図機能一覧"
"243","-67","247","-63"
"Line","Black","1","0","製図機能一覧"
"243","-63","247","-67"
"Line","Black","1","0","製図機能一覧"
"268","-77","272","-73"
"Line","Black","1","0","製図機能一覧"
"268","-73","272","-77"
"Line","Black","1","0","製図機能一覧"
"298","-77","302","-73"
"Line","Black","1","0","製図機能一覧"
"298","-73","302","-77"
"Text","Black","1","0","製図機能一覧"
"製図機能一覧","5","65","8","0","Left","Top","1.2"
"Text","Black","1","0","製図機能一覧"
"点","50","50","7","0","Left","Top","1.2"
"Text","Black","1","0","製図機能一覧"
"線分","70","50","7","0","Left","Top","1.2"
"Text","Black","1","0","製図機能一覧"
"円弧","95","50","7","0","Left","Top","1.2"
"Text","Black","1","0","製図機能一覧"
"楕円","120","50","7","0","Left","Top","1.2"
"Text","Black","1","0","製図機能一覧"
"ポリライン","145","50","7","0","Left","Top","1.2"
"Text","Black","1","0","製図機能一覧"
"ポリゴン","180","50","7","0","Left","Top","1.2"
"Text","Black","1","0","製図機能一覧"
"文字列","210","50","7","0","Left","Top","1.2"
"Text","Black","1","0","製図機能一覧"
"矢印","240","50","7","0","Left","Top","1.2"
"Text","Black","1","0","製図機能一覧"
"ラベル","265","50","7","0","Left","Top","1.2"
"Text","Black","1","0","製図機能一覧"
"寸法線","290","50","7","0","Left","Top","1.2"
"Line","Black","1","0","製図機能一覧"
"45","50","45","-100"
"Line","Black","1","0","製図機能一覧"
"65","50","65","-100"
"Line","Black","1","0","製図機能一覧"
"90","50","90","-100"
"Line","Black","1","0","製図機能一覧"
"115","50","115","-100"
"Line","Black","1","0","製図機能一覧"
"140","50","140","-100"
"Line","Black","1","0","製図機能一覧"
"175","50","175","-100"
"Line","Black","1","0","製図機能一覧"
"205","50","205","-100"
"Line","Black","1","0","製図機能一覧"
"235","50","235","-100"
"Line","Black","1","0","製図機能一覧"
"260","50","260","-100"
"Line","Black","1","0","製図機能一覧"
"285","50","285","-100"
"Arc","Black","1","0","製図機能一覧"
"55","35","2.5","0","6.283185307179586"
"Arc","Black","1","0","製図機能一覧"
"75","35","2.5","0","6.283185307179586"
"Arc","Black","1","0","製図機能一覧"
"100","35","2.5","0","6.283185307179586"
"Arc","Black","1","0","製図機能一覧"
"125","35","2.5","0","6.283185307179586"
"Arc","Black","1","0","製図機能一覧"
"155","35","2.5","0","6.283185307179586"
"Arc","Black","1","0","製図機能一覧"
"190","35","2.5","0","6.283185307179586"
"Arc","Black","1","0","製図機能一覧"
"220","35","2.5","0","6.283185307179586"
"Arc","Black","1","0","製図機能一覧"
"245","35","2.5","0","6.283185307179586"
"Arc","Black","1","0","製図機能一覧"
"270","35","2.5","0","6.283185307179586"
"Arc","Black","1","0","製図機能一覧"
"300","35","2.5","0","6.283185307179586"
"Arc","Black","1","0","製図機能一覧"
"55","25","2.5","0","6.283185307179586"
"Arc","Black","1","0","製図機能一覧"
"75","25","2.5","0","6.283185307179586"
"Arc","Black","1","0","製図機能一覧"
"100","25","2.5","0","6.283185307179586"
"Arc","Black","1","0","製図機能一覧"
"125","25","2.5","0","6.283185307179586"
"Arc","Black","1","0","製図機能一覧"
"155","25","2.5","0","6.283185307179586"
"Arc","Black","1","0","製図機能一覧"
"190","25","2.5","0","6.283185307179586"
"Arc","Black","1","0","製図機能一覧"
"220","25","2.5","0","6.283185307179586"
"Arc","Black","1","0","製図機能一覧"
"245","25","2.5","0","6.283185307179586"
"Arc","Black","1","0","製図機能一覧"
"270","25","2.5","0","6.283185307179586"
"Arc","Black","1","0","製図機能一覧"
"300","25","2.5","0","6.283185307179586"
"Arc","Black","1","0","製図機能一覧"
"55","15","2.5","0","6.283185307179586"
"Arc","Black","1","0","製図機能一覧"
"75","15","2.5","0","6.283185307179586"
"Arc","Black","1","0","製図機能一覧"
"100","15","2.5","0","6.283185307179586"
"Arc","Black","1","0","製図機能一覧"
"125","15","2.5","0","6.283185307179586"
"Arc","Black","1","0","製図機能一覧"
"155","15","2.5","0","6.283185307179586"
"Arc","Black","1","0","製図機能一覧"
"190","15","2.5","0","6.283185307179586"
"Arc","Black","1","0","製図機能一覧"
"220","15","2.5","0","6.283185307179586"
"Arc","Black","1","0","製図機能一覧"
"245","15","2.5","0","6.283185307179586"
"Arc","Black","1","0","製図機能一覧"
"270","15","2.5","0","6.283185307179586"
"Arc","Black","1","0","製図機能一覧"
"300","15","2.5","0","6.283185307179586"
"Arc","Black","1","0","製図機能一覧"
"55","5","2.5","0","6.283185307179586"
"Arc","Black","1","0","製図機能一覧"
"75","5","2.5","0","6.283185307179586"
"Arc","Black","1","0","製図機能一覧"
"100","5","2.5","0","6.283185307179586"
"Arc","Black","1","0","製図機能一覧"
"125","5","2.5","0","6.283185307179586"
"Arc","Black","1","0","製図機能一覧"
"155","5","2.5","0","6.283185307179586"
"Arc","Black","1","0","製図機能一覧"
"190","5","2.5","0","6.283185307179586"
"Arc","Black","1","0","製図機能一覧"
"245","5","2.5","0","6.283185307179586"
"Line","Black","1","0","製図機能一覧"
"218","3","222","7"
"Line","Black","1","0","製図機能一覧"
"218","7","222","3"
"Line","Black","1","0","製図機能一覧"
"268","3","272","7"
"Line","Black","1","0","製図機能一覧"
"268","7","272","3"
"Line","Black","1","0","製図機能一覧"
"298","3","302","7"
"Line","Black","1","0","製図機能一覧"
"298","7","302","3"
"Text","Black","1","0","製図機能一覧"
"分解","0","-50","7","0","Left","Top","1.2"
"Text","Black","1","0","製図機能一覧"
"オフセット","0","-40","7","0","Left","Top","1.2"
"Text","Black","1","0","製図機能一覧"
"ストレッチ","0","-30","7","0","Left","Top","1.2"
"Text","Black","1","0","製図機能一覧"
"分割","0","-20","7","0","Left","Top","1.2"
"Text","Black","1","0","製図機能一覧"
"トリム","0","-10","7","0","Left","Top","1.2"
"Text","Black","1","0","製図機能一覧"
"属性変更","0","-80","7","0","Left","Top","1.2"
"Text","Black","1","0","製図機能一覧"
"半径変更","0","-70","7","0","Left","Top","1.2"
"Text","Black","1","0","製図機能一覧"
"文字列変更","0","-60","7","0","Left","Top","1.2"
"Text","Black","1","0","製図機能一覧"
"属性一括変更","0","-90","6","0","Left","Top","1.2"
"Text","Black","1","0","製図機能一覧"
"作成","0","40","7","0","Left","Top","1.2"
"Text","Black","1","0","製図機能一覧"
"要素","0","50","7","0","Left","Top","1.2"
"Text","Black","1","0","製図機能一覧"
"反転(コピー)","0","10","7","0","Left","Top","1.2"
"Text","Black","1","0","製図機能一覧"
"回転(コピー)","0","20","7","0","Left","Top","1.2"
"Text","Black","1","0","製図機能一覧"
"移動(コピー)","0","30","7","0","Left","Top","1.2"
"Line","Black","1","0","製図機能一覧"
"-5","50","-5","-100"
"Text","Black","1","0","製図機能一覧"
"拡大縮小(コピー)","0","0","6","0","Left","Top","1.2"
"Arc","Black","1","0","製図機能一覧"
"55","-5","2.5","0","6.283185307179586"
"Arc","Black","1","0","製図機能一覧"
"75","-5","2.5","0","6.283185307179586"
"Arc","Black","1","0","製図機能一覧"
"100","-5","2.5","0","6.283185307179586"
"Arc","Black","1","0","製図機能一覧"
"125","-5","2.5","0","6.283185307179586"
"Arc","Black","1","0","製図機能一覧"
"155","-5","2.5","0","6.283185307179586"
"Arc","Black","1","0","製図機能一覧"
"190","-5","2.5","0","6.283185307179586"
"Arc","Black","1","0","製図機能一覧"
"220","-5","2.5","0","6.283185307179586"
"Arc","Black","1","0","製図機能一覧"
"245","-5","2.5","0","6.283185307179586"
"Arc","Black","1","0","製図機能一覧"
"270","-5","2.5","0","6.283185307179586"
"Arc","Black","1","0","製図機能一覧"
"300","-5","2.5","0","6.283185307179586"
"Text","Black","1","0","製図機能一覧"
"シンボル","320","50","6","0","Left","Top","1.2"
"Line","Black","1","0","製図機能一覧"
"345","50","345","-100"
"Line","Black","1","0","製図機能一覧"
"-5","-50","345","-50"
"Line","Black","1","0","製図機能一覧"
"-5","-40","345","-40"
"Line","Black","1","0","製図機能一覧"
"-5","-30","345","-30"
"Line","Black","1","0","製図機能一覧"
"-5","-10","345","-10"
"Line","Black","1","0","製図機能一覧"
"-5","-20","345","-20"
"Line","Black","1","0","製図機能一覧"
"-5","-100","345","-100"
"Line","Black","1","0","製図機能一覧"
"-5","-60","345","-60"
"Line","Black","1","0","製図機能一覧"
"-5","-70","345","-70"
"Line","Black","1","0","製図機能一覧"
"-5","-80","345","-80"
"Line","Black","1","0","製図機能一覧"
"-5","-90","345","-90"
"Line","Black","1","0","製図機能一覧"
"-5","10","345","10"
"Line","Black","1","0","製図機能一覧"
"-5","20","345","20"
"Line","Black","1","0","製図機能一覧"
"-5","30","345","30"
"Line","Black","1","0","製図機能一覧"
"-5","40","345","40"
"Line","Black","1","0","製図機能一覧"
"-5","50","345","50"
"Line","Black","1","0","製図機能一覧"
"-5","0","345","0"
"Line","Black","1","0","製図機能一覧"
"315","50","315","-100"
"Arc","Black","1","0","製図機能一覧"
"330","35","2.5","0","6.283185307179586"
"Arc","Black","1","0","製図機能一覧"
"330","25","2.5","0","6.283185307179586"
"Arc","Black","1","0","製図機能一覧"
"330","15","2.5","0","6.283185307179586"
"Arc","Black","1","0","製図機能一覧"
"330","5","2.5","0","6.283185307179586"
"Arc","Black","1","0","製図機能一覧"
"330","-5","2.5","0","6.283185307179586"
"Arc","Black","1","0","製図機能一覧"
"330","-55","2.5","0","6.283185307179586"
"Arc","Black","1","0","製図機能一覧"
"330","-65","2.5","0","6.283185307179586"
"Arc","Black","1","0","製図機能一覧"
"330","-85","2.5","0","6.283185307179586"
"Arc","Black","1","0","製図機能一覧"
"330","-95","2.5","0","6.283185307179586"
"Line","Black","1","0","製図機能一覧"
"328","-17","332","-13"
"Line","Black","1","0","製図機能一覧"
"328","-13","332","-17"
"Line","Black","1","0","製図機能一覧"
"328","-27","332","-23"
"Line","Black","1","0","製図機能一覧"
"328","-23","332","-27"
"Line","Black","1","0","製図機能一覧"
"328","-37","332","-33"
"Line","Black","1","0","製図機能一覧"
"328","-33","332","-37"
"Line","Black","1","0","製図機能一覧"
"328","-47","332","-43"
"Line","Black","1","0","製図機能一覧"
"328","-43","332","-47"
"Line","Black","1","0","製図機能一覧"
"328","-77","332","-73"
"Line","Black","1","0","製図機能一覧"
"328","-73","332","-77"
"Text","Black","1","0","座標の指定方法一覧"
"4分割点(中間点含む)","0","-190","7","0","Left","Top","1.2"
"Text","Black","1","0","コマンド機能一覧"
"削除","0","-975","6","0","Left","Top","1.2"
"Text","Black","1","0","コマンド機能一覧"
"設定","0","-985","6","0","Left","Top","1.2"
"Text","Black","1","0","コマンド機能一覧"
"図面設定","35","-985","6","0","Left","Top","1.2"
"Text","Black","1","0","コマンド機能一覧"
"1 以上","265","-975","6","0","Left","Top","1.2"
"Text","Black","1","0","コマンド機能一覧"
"全要素","320","-975","6","0","Left","Top","1.2"
"Text","Black","1","0","コマンド機能一覧"
"ピックした要素を削除","95","-975","6","0","Left","Top","1.2"
"Text","Black","1","0","コマンド機能一覧"
"図面で設定されている属性の表示と変更","95","-985","6","0","Left","Top","1.2"
"Text","Black","1","0","コマンド機能一覧"
"アンドゥ","0","-1045","6","0","Left","Top","1.2"
"Text","Black","1","0","コマンド機能一覧"
"キャンセル","0","-1055","6","0","Left","Top","1.2"
"Text","Black","1","0","コマンド機能一覧"
"終了","0","-1065","6","0","Left","Top","1.2"
"Text","Black","1","0","コマンド機能一覧"
"図面の状態を一つの操作前の状態に戻す","95","-1045","6","0","Left","Top","1.2"
"Text","Black","1","0","コマンド機能一覧"
"ピックやロケイトの除隊をクリアする","95","-1055","6","0","Left","Top","1.2"
"Text","Black","1","0","コマンド機能一覧"
"図面データを保存してアプリケーションを終了する","95","-1065","6","0","Left","Top","1.2"
"Line","Black","1","0","コマンド機能一覧"
"-5","-495","-5","-1075"
"Line","Black","1","0","コマンド機能一覧"
"315","-495","315","-1075"
"Line","Black","1","0","コマンド機能一覧"
"285","-495","285","-1075"
"Line","Black","1","0","コマンド機能一覧"
"255","-495","255","-1075"
"Line","Black","1","0","コマンド機能一覧"
"90","-495","90.00000000000001","-1075"
"Line","Black","1","0","コマンド機能一覧"
"30","-495","30.000000000000014","-1075"
"Text","Black","1","0","コマンド機能一覧"
"表示レイヤー設定","35","-1005","6","0","Left","Top","1.2"
"Text","Black","1","0","コマンド機能一覧"
"全レイヤー表示","35","-1015","6","0","Left","Top","1.2"
"Text","Black","1","0","コマンド機能一覧"
"表示するレイヤーを設定する","95","-1005","6","0","Left","Top","1.2"
"Text","Black","1","0","コマンド機能一覧"
"全レイヤーを表示する","95","-1015","6","0","Left","Top","1.2"
"Text","Black","1","0","コマンド機能一覧"
"作成レイヤー","35","-995","6","0","Left","Top","1.2"
"Text","Black","1","0","コマンド機能一覧"
"シンボル登録","35","-1025","6","0","Left","Top","1.2"
"Text","Black","1","0","コマンド機能一覧"
"シンボル管理","35","-1035","6","0","Left","Top","1.2"
"Line","Black","1","0","コマンド機能一覧"
"-4.999999999999977","-975","450","-975"
"Line","Black","1","0","コマンド機能一覧"
"-4.999999999999977","-985","450","-985"
"Line","Black","1","0","コマンド機能一覧"
"30.000000000000014","-995","449.99999999999994","-995"
"Line","Black","1","0","コマンド機能一覧"
"30.000000000000014","-1005","449.99999999999994","-1005"
"Line","Black","1","0","コマンド機能一覧"
"-4.999999999999976","-1045","450","-1045"
"Line","Black","1","0","コマンド機能一覧"
"-4.999999999999975","-1055","450","-1055"
"Line","Black","1","0","コマンド機能一覧"
"-4.999999999999975","-1065","450","-1065"
"Line","Black","1","0","コマンド機能一覧"
"-4.999999999999974","-1075","450","-1075"
"Line","Black","1","0","コマンド機能一覧"
"450","-495","450","-1075"
"Line","Black","1","0","コマンド機能一覧"
"30","-1015","450","-1015"
"Line","Black","1","0","コマンド機能一覧"
"30","-1025","450","-1025"
"Line","Black","1","0","コマンド機能一覧"
"30","-1035","450","-1035"
"Text","Black","1","0","コマンド機能一覧"
"作成する要素のレイヤー名を設定する","95","-995","6","0","Left","Top","1.2"
"Text","Black","1","0","コマンド機能一覧"
"ピックしたシンボル要素をシンボルリストに登録する","95","-1025","6","0","Left","Top","1.2"
"Text","Black","1","0","コマンド機能一覧"
"未実装","95","-1035","6","0","Left","Top","1.2"
"Text","Black","1","0","コマンド機能一覧"
"測定","0","-945","6","0","Left","Top","1.2"
"Text","Black","1","0","コマンド機能一覧"
"距離・角度","35","-945","6","0","Left","Top","1.2"
"Text","Black","1","0","コマンド機能一覧"
"ピックした2要素間の距離または角度を表示","95","-945","6","0","Left","Top","1.2"
"Text","Black","1","0","コマンド機能一覧"
"2","270","-945","6","0","Left","Top","1.2"
"Text","Black","1","0","コマンド機能一覧"
"線分、ポリライン、ポリゴン","320","-945","6","0","Left","Top","1.2"
"Line","Black","1","0","コマンド機能一覧"
"30.000000000000014","-955","449.99999999999994","-955"
"Line","Black","1","0","コマンド機能一覧"
"30.000000000000014","-965","449.99999999999994","-965"
