﻿"Property"
"Prperty","Color","Black","PointType","1","PointSize","3","LineType","0","Thickness","1","TextSize","7","TextRotate","0","LinePitchRate","1.2","HA","Left","VA","Top","ArrowSize","3.5","ArrowAngle","0.5235987755982988","GridSize","5","DispLaerBit","4294967295","CreateLayer","BaseLayer","OneLayerDisp","False","FontFamily","Yu Gothic UI","FontStyle","Normal","FontWeight","Normal"
"Comment"
"Comment","Comment","ストレッチの使い方の確認"
"Line","Black","1","0","BaseLayer"
"-0","250","100","250"
"Point","Black","3","3","BaseLayer"
"20","250"
"Line","Black","1","0","BaseLayer"
"0","240","100","240"
"Line","Black","1","0","BaseLayer"
"0","230","100","230"
"Point","Black","3","1","BaseLayer"
"110","250"
"Point","Black","3","1","BaseLayer"
"110","240"
"Point","Black","3","1","BaseLayer"
"110","230"
"Text","Black","1","0","BaseLayer"
"L3","115","235","8","0","Left","Top","1.2","Yu Gothic UI","Normal","Normal"
"Text","Black","1","0","BaseLayer"
"L2","115","245","8","0","Left","Top","1.2","Yu Gothic UI","Normal","Normal"
"Text","Black","1","0","BaseLayer"
"L1","115","255","8","0","Left","Top","1.2","Yu Gothic UI","Normal","Normal"
"Text","Black","1","0","BaseLayer"
"平行線の書き方","15","280","8","0","Left","Top","1.2","Yu Gothic UI","Normal","Normal"
"Text","Black","1","0","BaseLayer"
"P","15","265","8","0","Left","Top","1.2","Yu Gothic UI","Normal","Normal"
"Line","Black","1","0","BaseLayer"
"-0","205","95","205"
"Arc","Black","1","0","BaseLayer"
"108","177","15","0","6.283185307179586"
"Line","Black","1","0","BaseLayer"
"13","192","108","192"
"Line","Black","1","0","BaseLayer"
"13","162","108","162"
"Point","Black","3","1","BaseLayer"
"95","205"
"Point","Black","3","1","BaseLayer"
"108","192"
"Point","Black","3","1","BaseLayer"
"108","162"
"Point","Black","3","3","BaseLayer"
"25","205"
"Text","Black","1","0","BaseLayer"
"P","20","220","8","0","Left","Top","1.2","Yu Gothic UI","Normal","Normal"
"Text","Black","1","0","BaseLayer"
"L1","100","210","8","0","Left","Top","1.2","Yu Gothic UI","Normal","Normal"
"Text","Black","1","0","BaseLayer"
"L3","105","160","8","0","Left","Top","1.2","Yu Gothic UI","Normal","Normal"
"Text","Black","1","0","BaseLayer"
"L2","105","190","8","0","Left","Top","1.2","Yu Gothic UI","Normal","Normal"
"Line","Black","1","0","BaseLayer"
"0","130","95","130"
"Point","Black","3","3","BaseLayer"
"25","130"
"Text","Black","1","0","BaseLayer"
"P","20","145","8","0","Left","Top","1.2","Yu Gothic UI","Normal","Normal"
"Line","Black","1","0","BaseLayer"
"0","120","95","120"
"Line","Black","1","0","BaseLayer"
"0","110","95","110"
"Line","Black","1","0","BaseLayer"
"0","100","95","100"
"Parts","Black","1","0","BaseLayer"
"name","矢印","line","39.29236691628937","121.14583333333337","39.29236691628937","128.62907088122608","line","39.29236691628937","121.14583333333337","37.29236691628937","124.60993494847112","line","39.29236691628937","121.14583333333337","41.29236691628937","124.60993494847112","textSize","12","textRotate","0","fontFamily","Yu Gothic UI","fontStyle","Normal","fontWeight","Normal","linePitchRate","1.2","arrowSize","4","arrowAngle","0.5235987755982988"
"Text","Black","1","0","BaseLayer"
"平行距離 10\,3","43.03398569023574","129.75155651341","7","0","Left","Top","1.2","Yu Gothic UI","Normal","Normal"
"Text","Black","1","0","BaseLayer"
"L1","21.332596801346835","128.25490900383147","7","0","Left","Top","1.2","Yu Gothic UI","Normal","Normal"
"Point","Black","3","1","BaseLayer"
"17.590978027400475","122.64248084291191"
"Text","Black","1","0","BaseLayer"
"■移動距離と回数を指定してコピー\\n元となる線分をピックし[コピー][移動]を\\n選択した後にコピーの方向決めるロケイトを\\nした後にキーボードの右側のWindowsキーを\\n押してメニューをだし、[平行距離]を選択して\\n移動距離とコピー回数を指定して実行する","130","140","7","0","Left","Top","1.2","Yu Gothic UI","Normal","Normal"
"Text","Black","1","0","BaseLayer"
"■他の要素を基準にコピー\\n元となる線分をピックし[コピー][移動]を\\n選択して右ボタンで元要素の端点を\\nロケイトした後に基準となる要素の端点を\\n右ボタンでロケイトして位置決めし、最後に\\n要素のないところで右ボタンを押して確定する\\n","130","210","7","0","Left","Top","1.2","Yu Gothic UI","Normal","Normal"
"Text","Black","1","0","BaseLayer"
"■グリッドを基準にコピー\\n基準となる線分をピックし[コピー][移動]を\\n選択してグリッド上の点をロケイトして位置\\n決めし、最後に要素のないところで右ボタンを\\n押して確定する","130","270","7","0","Left","Top","1.2","Yu Gothic UI","Normal","Normal"
