﻿"Property"
"Prperty","Color","Black","PointType","1","PointSize","3","LineType","0","Thickness","1","TextSize","12","TextRotate","0","LinePitchRate","1.2","HA","Center","VA","Top","ArrowSize","6","ArrowAngle","0.5235987755982988","GridSize","0","DispLaerBit","21","CreateLayer","枠","OneLayerDisp","False","FontFamily","Yu Gothic UI","FontStyle","Normal","FontWeight","Normal","SymbolCategoryIindex","0","BackColor","AliceBlue"
"Comment"
"Comment","Comment",""
"Polygon","Black","1","0","枠","False"
"FILL","False","AliceBlue","0","0","300","0","300","300","0","300"
"Line","LightGray","1","2","中心線","False"
"150","300","150","0"
"Text","Black","1","0","メインタイトル","False"
"FMエアチェック (JAZZ)","151.72916666666669","276.2916666666667","26","0","Center","Top","1.2","Yu Gothic UI","Normal","Normal"
"Line","LightGray","1","2","中心線","False"
"0","150","300","150"
"Text","Black","1","0","アルバム29","False"
"29 ジャズイン・ヨーロッパ #1","151.32999999999998","238.3","20","0","Center","Top","1.2","Yu Gothic UI","Normal","Normal"
"Text","Black","1","0","アルバム01","False"
"01 今年の夜も楽しく 19841208\\n<コール・ポーター作品集> 真梨邑ケイ","151.32999999999998","238.3","16","0","Center","Top","1.2","Yu Gothic UI","Normal","Normal"
"Text","Black","1","0","アルバム02","False"
"02 今年の夜も楽しく 19841208\\n真梨邑ケイ","151.32999999999998","238.3","16","0","Center","Top","1.2","Yu Gothic UI","Normal","Normal"
"Text","Black","1","0","アルバム02","False"
"01.It's All Right with me\\n      (J.J.Johnson&Kai Winding) (Kai Winding + J.J. Johnson)\\n02.Imagination ジューン・クリスティ\\n       (June Christy) (Fair And Warmer - 1957)\\n03.It Don't Mean A Thing ジューン・クリスティ\\n       (June Christy) (Junes Got A Rhythm - 1958)\\n04.Moon Light in Vermont ジョニー・ハートマン\\n       (Johnny Hartman ?? Songs From The Heart)\\n05.Moonlight Serenade グレン・ミラー (Glenn Miller)\\n06.チャタヌガ・チューチュー(CHATTANOOGA CHOO CHOO)（グレン・ミラー）\\n07.ジョンソン (Johnson Rag)\\n08.アメリカン・パトロール ( American Patrol)\\n09.イン・ザ・ムード (In The Mood)\\n09.ア・ストリングス・パウルス (A String Of Pearls)\\n10.ペンシルベニヤ６５サウザンド(PENNSYLVANIA 6-5000)\\n11.Little Brown Jug","39.53199999999998","179","8","0","Left","Top","1.2","Yu Gothic UI","Normal","Normal"
"Text","Black","1","0","アルバム01","False"
"01.クロード・ウィリアムソン・トリオ\\n02.帰れソレント クリス・コナー (Chris Connor ?? Sings Lullabys Of Birdland)\\n03.Try A Little Tenderness (Chris Connor ?? Sings Lullabys Of Birdland)\\n04.キーラード(Key Largo) リッチー・コール (Richie Cole ?? Alto Annie's Theme)\\n05.ビギン・ザ・ビギン(Begin The Beguine) ビング・クロス・ビー \\n       (Bing Crosby ?? Bing Crosby Sings Cole Porter Songs)\\n06.Night and Day フランク・シナトラ(Frank Sinatra) \\n07.Just One of Those Things ペキー・リー (Peggy Lee)\\n08.I've Got You Under My Skin メルトーメ(Mel Torme)\\n09.You'd Be So Nice to Come Home to サミー デイビス.Jr\\n10.I Get a Kick out of You\\n       (Ella Fitzgerald ) (Ella Fitzgerald ?? The Cole Porter Songbook)\\n11.ラルフス・ニュー・ブルース(RALPH'S NEW BLUES) M.J.Q CONCORDE\\n12.Love Letter (Kei Marimura ?? Elegance)","29.531999999999982","179","8","0","Left","Top","1.2","Yu Gothic UI","Normal","Normal"
"Text","Black","1","0","アルバム03","False"
"03 今年の夜も楽しく 1984\\n真梨邑ケイ","151.32999999999998","238.3","16","0","Center","Top","1.2","Yu Gothic UI","Normal","Normal"
"Text","Black","1","0","アルバム03","False"
"01.ザ・サイド・ワインダー (リー・モーガン)\\n02.ウン・ポコ・ロコ (バド・パウエル)\\n03.モーニン (アート・ブレイキー&ジャズ・メッセンジャーズ)\\n04.アイブ・ガット・ユー・アンダー・ザ・スキン \\n     (I've Got You Under My Skin) DINAH SHORE\\n05.She all way true to you in my fashion (DINAH SHORE) ?\\n06.AFTER YOU`VE GONE(君去りし後) (真梨邑ケイ)\\n      Kei Marimura ?? Elegance","62.53199999999998","158","8","0","Left","Top","1.2","Yu Gothic UI","Normal","Normal"
"Text","Black","1","0","アルバム29","False"
"ジャズ・イン・ヨーロッパ\\n01.ステッピン・ストーンズ (ウディ・ショウ・クインテット)\\n02.ソフィスティケイテッド・レディ (ジョニー・グリフィン・カルテット)\\n03.トムズ・チューン (トニー・ウィリアムズ&ジョイ・オブ・フライング)\\n04.コン・アルマ (ジョルジュ・アルバニタ・トリオ)\\n05.ビューティフル・フレンドシップ (デイブ・マッケンナ)\\n他　(KBU提供)","42","157","10","0","Left","Top","1.2","Yu Gothic UI","Normal","Normal"
"Text","Black","1","0","アルバム04","False"
"04 今年の夜も楽しく 1984\\n真梨邑ケイ","151.32999999999998","238.3","16","0","Center","Top","1.2","Yu Gothic UI","Normal","Normal"
"Text","Black","1","0","アルバム04","False"
"01.Don't Explain ヘレン・メリル (Helen Merrill ?? Helen Merrill)\\n02.Misty ジョニー・マチス (Johnny Mathis ?? Misty)\\n03.I wait for you アストラッド・ジルベルト\\n      (Astrud Gilberto ?? Look To The Rainbow)\\n04.Nevertheless (I'm In Love With You)\\n      フランク・シナトラ (Frank Sinatra ?? Nice 'N' Easy)\\n05.Work Song ナット・アダレイ (Nat Adderley ?? Work Song)\\n06.Round About Midnight セロニアス・モンク\\n     (Thelonious Monk ?? Thelonious Himself)\\n07.モリタート(Moritat) ソニー・ロリンズ\\n      (Sonny Rollins ?? Saxophone Colossus)\\n08.Our Love is Here to Stay (デューク・ジョーダン・トリオ)\\n      (Ernestine Anderson ?? Zing! Went The Strings Of My Heart)\\n09.The 59th street Bridge song (ハンク・ジョーンズ・トリオ)\\n      (Ernestine Anderson ?? Big City)\\n10.I'm in the mood foll love 真梨邑ケイ (Kei Marimura ?? Elegance)","40.53199999999998","176","8","0","Left","Top","1.2","Yu Gothic UI","Normal","Normal"
"Text","Black","1","0","アルバム05","False"
"05 <セッション79>\\n19790310","151.32999999999998","238.3","16","0","Center","Top","1.2","Yu Gothic UI","Normal","Normal"
"Text","Black","1","0","アルバム05","False"
"01.メモリーズ (土岐英史グループ)\\n02.ワンダーランド (土岐英史グループ/渡辺香津美)\\n03.スワロー (渡辺香津美/井野信義)\\n04.セント・トーマス (渡辺香津美/井野信義)\\n05.チルドレン・チルドレン (土岐英史グループ)\\n06.シティ  (土岐英史グループ/渡辺香津美)\\n 田中正美/林あけ美","83.53199999999998","150","8","0","Left","Top","1.2","Yu Gothic UI","Normal","Normal"
"Text","Black","1","0","アルバム06","False"
"06 <セッション79>\\n19790318","151.32999999999998","238.3","16","0","Center","Top","1.2","Yu Gothic UI","Normal","Normal"
"Text","Black","1","0","アルバム06","False"
"01.アベニュー(Avenue) 鈴木勲グループ\\n02.この素晴らしき世界(What A Wonderful World) 鈴木勲グループ\\n03.Maracaibi Cornpone  ジョージ大塚グループ\\n04.メリー・ゴーランド  ジョージ大塚グループ\\n05.アメリカン・タンゴ ジョージ大塚グループ+鈴木勲グループ","49.53199999999998","144","8","0","Left","Top","1.2","Yu Gothic UI","Normal","Normal"
"Text","Black","1","0","アルバム07","False"
"07 <ウィークエンド・ジャズ>\\nWeek end Jazz_197901\\n","151.32999999999998","238.3","16","0","Center","Top","1.2","Yu Gothic UI","Normal","Normal"
"Text","Black","1","0","アルバム07","False"
"01.アット・オン・ハッピー・フェイス 米ヴァーヴ V6-8660\\n     (Oscar Peterson ?? Put On A Happy Face)\\n02.自由への讃歌(Hymn To Freedom) P SMV1080\\n     (The Oscar Peterson Trio ?? Oscar Peterson Best Album)\\n03.ペーパー・ムーン オスカー・ピーターソン・トリオ Ph SFX10533\\n04.ジャンゴ Ｏ・ピーターソン(p) Te ULS1580 (Oscar Peterson ?? Tracks)\\n05.ユー・アー・マイ・サンシャイン ベル・ヘンダーソン(vo) P MM2094\\n     ( Bill Henderson With The Oscar Peterson Trio)\\n06.テリーズ・テューン Ｏ・ピーターソン(p) P MW2093\\n     (Oscar Peterson Solo\, Terry' Tune)\\n07.シュガー・ローフ・アット・トワイライト モンティ・アレキサンダー(p) P MTF1105\\n     (The Monty Alexander 7 ?? Jamento)","43.53199999999998","146","8","0","Left","Top","1.2","Yu Gothic UI","Normal","Normal"
"Text","Black","1","0","アルバム08","False"
"08 <ウィークエンド・ジャズ>\\nWeek end Jazz_19790317\\n","151.32999999999998","238.3","16","0","Center","Top","1.2","Yu Gothic UI","Normal","Normal"
"Text","Black","1","0","アルバム08","False"
"01.ナイト・アンド・ディ\\n02.エニシング・ゴーズ\\n03.トゥルー・ラブ\\n04.ウェル・ディド・ユー・イーバ (増田一郎クワルテット)\\n05.チェロキー\\n06.ザ・ジニアス・オブ・ユー (野田トシ子)\\n07.アランフェス協奏曲\\n08.ミスター・カベ (金井英人=ベース)","75.53199999999998","140","8","0","Left","Top","1.2","Yu Gothic UI","Normal","Normal"
"Text","Black","1","0","アルバム09","False"
"09 <朝のリズム>\\nPoulMotian EdwardBesara","151.32999999999998","238.3","16","0","Center","Top","1.2","Yu Gothic UI","Normal","Normal"
"Text","Black","1","0","アルバム09","False"
"01.プレリュード\\n02.ワルツ・ソング\\n03.カリプソ  ポール・モチアン・トリオ\\n04.サトゥー  エドワード・ベサラ","90.53199999999998","122","8","0","Left","Top","1.2","Yu Gothic UI","Normal","Normal"
"Text","Black","1","0","アルバム10","False"
"10 <朝のリズム>\\nBennyGolson BobJeames","151.32999999999998","238.3","16","0","Center","Top","1.2","Yu Gothic UI","Normal","Normal"
"Text","Black","1","0","アルバム10","False"
"01.アイ・リンメンバー・クリフォード\\n02.アロング・ケイム・ベティー\\n03.ブルース・アレイ   (ベニー・ゴルソン)\\n04.ヘッズ\\n05.二人だけ   (ボブ・ジェームス)\\n他","90.53199999999998","122","8","0","Left","Top","1.2","Yu Gothic UI","Normal","Normal"
"Text","Black","1","0","アルバム11","False"
"11 <朝のリズム> ジャズ・ピアノ\\nリッチーバイラーク","151.32999999999998","238.3","16","0","Center","Top","1.2","Yu Gothic UI","Normal","Normal"
"Text","Black","1","0","アルバム11","False"
"<朝のリズム> ジャズ・ピアノ\\n01.レクティリニアー (Rectilinear)\\n02.コアン (Koan)\\n リッチー・バイラーク (Richard Beirach - Hubris)\\n他(Keith Jerrett)\\n\\n<朝のリズム> ジャズ・トランペット\\n01.ピース・フォー・ファイブ\\n02.午後のワルツ\\n ケニー・ホイラー","84.53199999999998","141","8","0","Left","Top","1.2","Yu Gothic UI","Normal","Normal"
"Text","Black","1","0","アルバム12","False"
"12 <Week end Jazz>\\nケニードーハム・イリノイジャケイ","151.32999999999998","238.3","16","0","Center","Top","1.2","Yu Gothic UI","Normal","Normal"
"Text","Black","1","0","アルバム12","False"
"<Week end Jazz>\\nケニー・ドーハム\\nイリノイ・ジャケイ\\nアンコールライブ","121.53199999999998","142","8","0","Left","Top","1.2","Yu Gothic UI","Normal","Normal"
"Text","Black","1","0","アルバム13","False"
"13 <DENONライブコンサート>","151.32999999999998","238.3","16","0","Center","Top","1.2","Yu Gothic UI","Normal","Normal"
"Text","Black","1","0","アルバム13","False"
"<DENONライブコンサート>\\nジム・ホール\\nマックス・ローチ\\nボブ・ジェームス\\n","109.53199999999998","145","8","0","Left","Top","1.2","Yu Gothic UI","Normal","Normal"
"Text","Black","1","0","アルバム14","False"
"14 ガドーバルビエリ","151.32999999999998","238.3","16","0","Center","Top","1.2","Yu Gothic UI","Normal","Normal"
"Text","Black","1","0","アルバム14","False"
" ガドー・バルビエリ\\n 私のレコードアルバム\\n  オスカー・ピーターソン","109.53199999999998","145","8","0","Left","Top","1.2","Yu Gothic UI","Normal","Normal"
"Text","Black","1","0","アルバム15","False"
"15 ジョージ川口・富樫雅彦他","151.32999999999998","238.3","16","0","Center","Top","1.2","Yu Gothic UI","Normal","Normal"
"Text","Black","1","0","アルバム15","False"
"01.タッパンＺ (Tappan Zee)(ジョージ川口&スーパーバンド) \\n02.陽光 (富樫雅彦、鈴木勲)\\n03.サウンド・イン (グレート・アメリカン・ミュージック・バンド)\\n04.六月 (富樫雅彦・・・)\\n05.かんき(歓喜) (こあけ たまみ)\\n06.アローン・トゥギャザー (レッド・ミッチェル、鈴木勲、山本剛)\\n","63.53199999999998","133","8","0","Left","Top","1.2","Yu Gothic UI","Normal","Normal"
"Text","Black","1","0","アルバム16","False"
"16 ビッグ・スペシャル アンドレ・プレヴィン\\n<アンドレ・プレヴィン ジャズ&クラシック１>","151.32999999999998","238.3","16","0","Center","Top","1.2","Yu Gothic UI","Normal","Normal"
"Text","Black","1","0","アルバム16","False"
"01.間に合うように教会へ (4'11\"\")\\n02.アイヴ・グロウ・アカスタムド・トゥ・ハー・フェイス (3'21\"\")\\n     アンドレ・プレヴィン(p)/ルロイ・ヴィネガー(b)/シェリー・マン(ds)\\n     K LAX3002「マイ・フェア・レディ」\\n     Shelly Manne & His Friends ?? \\n     Modern Jazz Performances Of Songs From My Fair Lady\\n03.サムシング・カミング (2'35\"\")\\n04.ジェット・ソング (4'46\"\")\\n05.マリア (5'29\"\")\\n06.アイ・フィール・プリティ (6'45\"\")\\n07.クール (3'18\"\")\\n08.トゥナイト (5'22\"\")\\n     アンドレ・プレヴィン(p)/レッド・ミッチェル(b)/シェリー・マン(ds)\\n     K LAX3023「ウェストサイド・ストーリ」\\n     Andre Previn And His Pals* ?? West Side Story\\n09.ショスタコーヴィチ/交響曲第５番ニ長調op47「革命」\\n      (Ⅰ17'21\"\"Ⅱ4'54\"\"Ⅲ16'00\"\"Ⅳ9'34\"\")\\n      プレヴィン指揮ロンドン響 R SHP2433\\n","61.53199999999998","187","8","0","Left","Top","1.2","Yu Gothic UI","Normal","Normal"
"Text","Black","1","0","アルバム17","False"
"17 軽音楽をあなたに\\nモンティアレキサンダー・メルトーメ&バディリッチ","151.32999999999998","238.3","16","0","Center","Top","1.2","Yu Gothic UI","Normal","Normal"
"Text","Black","1","0","アルバム17","False"
"<新進アーティストとヴェテラン・アーティストの競演>\\nモンティ・アレキサンダー・トリオ\\n01.愛の世界 (11'20\"\") (People Make The World Go Round)\\n02.レスト・オブ・ユア・ライフ (6'28\"\") (What Are You Doing The Rest Of Your Life?)\\n03.ブルー・ソロジー (4'45\"\") (Bluesology)\\n04.ソフト・ウィンズ (4'10\"\") (Soft Winds)\\n05.ザッツ・ザ・ウェイ・イット・イズ (5'07\"\") (That's The Way It Is)\\n Te KUX131「ザ・ウェイ・イット・イズ」 The Monty Alexander Trio ?? The Way It Is\\n<メル・トーメ(vo)&バディ・リッチ楽団>\\n06.ホエン・アイ・ファンド・ユー (3'13\"\")\\n07.ヒアズ・ザット・レイニー・デイ (4'53\"\")\\n08.ブルースウェット(3'28\"\")","28.531999999999982","158","8","0","Left","Top","1.2","Yu Gothic UI","Normal","Normal"
"Text","Black","1","0","アルバム18","False"
"18 <朝のリズム>\\nロンカーター・アートファーマー","151.32999999999998","238.3","16","0","Center","Top","1.2","Yu Gothic UI","Normal","Normal"
"Text","Black","1","0","アルバム18","False"
"<朝のリズム>\\n01.ホエア (Ron Carter - Where?)\\n02.ラリー (Ron Carter - Where?)\\n03.ベース・デュエット (ロン・カーター) (Where?)\\n     Ron Carter With Eric Dolphy\, Mal Waldron\\n04.フルート・ソング (Something You Got)\\n05.サンドゥー (Something You Got)\\n06.哀愁のスペイン (アート・ファーマー) (Something You Got)\\n他","74.53199999999998","148","8","0","Left","Top","1.2","Yu Gothic UI","Normal","Normal"
"Text","Black","1","0","アルバム19","False"
"19 セッション78\\n森寿男とブルーコーツ・渡辺貞夫_19780429","151.32999999999998","238.3","16","0","Center","Top","1.2","Yu Gothic UI","Normal","Normal"
"Text","Black","1","0","アルバム19","False"
"<セッション78> (軽音楽ホール78)\\n01.カルテルズ・フォー・トゥー\\n02.煙が目にしみる (森寿男とブルーコーツ)\\n03.マサイ・トーク\\n04.ハンティング・ワールド (渡辺貞夫クインテット)\\n    (https://www.youtube.com/watch?v=_9E15zm2i6g)\\n05.イン・ナ・メロー・トーン (森寿男とブルーコーツ)","74.53199999999998","148","8","0","Left","Top","1.2","Yu Gothic UI","Normal","Normal"
"Text","Black","1","0","アルバム20","False"
"20 朝のリズム\\nソニーロリンズ_19780502","151.32999999999998","238.3","16","0","Center","Top","1.2","Yu Gothic UI","Normal","Normal"
"Text","Black","1","0","アルバム20","False"
"<朝のリズム ソニー・ロリンズ>\\n01.ダウン・ザ・ライン (Easy Living)\\n02.マイ・ワン・アンド・オンリー・ラブ (Easy Living)\\n他","74.53199999999998","148","8","0","Left","Top","1.2","Yu Gothic UI","Normal","Normal"
"Text","Black","1","0","アルバム21","False"
"21 軽音楽\\nジェリーマリガン・チェットベーカー_19780522","151.32999999999998","238.3","16","0","Center","Top","1.2","Yu Gothic UI","Normal","Normal"
"Text","Black","1","0","アルバム21","False"
"<ジェリー・マリガン&チェット・ベイカー>\\n01.ライン・フォー・リヨン (Line For Lyons)","74.53199999999998","148","8","0","Left","Top","1.2","Yu Gothic UI","Normal","Normal"
"Text","Black","1","0","アルバム22","False"
"22 軽音楽\\nビルエバンス・マイルスデイビス_19780522","151.32999999999998","238.3","16","0","Center","Top","1.2","Yu Gothic UI","Normal","Normal"
"Text","Black","1","0","アルバム22","False"
"<ビル・エバンス>\\n01.不思議な国のアリス (Sunday At The Village Vanguard)\\n<マイルス・デイビス>\\n01.いつか王子様が (Someday My Prince Will Come)\\n他","51.53199999999998","145","8","0","Left","Top","1.2","Yu Gothic UI","Normal","Normal"
"Text","Black","1","0","アルバム23","False"
"23 ScottoHamilton・JeikeHana\\nCheittoBeaker  19780905","151.32999999999998","238.3","16","0","Center","Top","1.2","Yu Gothic UI","Normal","Normal"
"Text","Black","1","0","アルバム23","False"
" Scott Hamilton\\n Jake hana\\n Chet Baker","121.53199999999998","143","8","0","Left","Top","1.2","Yu Gothic UI","Normal","Normal"
"Text","Black","1","0","アルバム24","False"
"24 TheGreatJazzTrio_19780504","151.32999999999998","238.3","16","0","Center","Top","1.2","Yu Gothic UI","Normal","Normal"
"Text","Black","1","0","アルバム24","False"
" K.J.L.H (Kindness\, Joy\, Love & Happiness)\\n The Great Jazz Trio Direct From L.A","79.53199999999998","142","8","0","Left","Top","1.2","Yu Gothic UI","Normal","Normal"
"Text","Black","1","0","アルバム25","False"
"25 J.J.Johnson・山本剛","151.32999999999998","238.3","16","0","Center","Top","1.2","Yu Gothic UI","Normal","Normal"
"Text","Black","1","0","アルバム25","False"
"J.J.Johnson\\n山本剛","131.53199999999998","137","8","0","Left","Top","1.2","Yu Gothic UI","Normal","Normal"
"Text","Black","1","0","アルバム26","False"
"26 山本剛・NatAdaray","151.32999999999998","238.3","16","0","Center","Top","1.2","Yu Gothic UI","Normal","Normal"
"Text","Black","1","0","アルバム26","False"
"山本剛\\nNatAdaray","131.53199999999998","137","8","0","Left","Top","1.2","Yu Gothic UI","Normal","Normal"
"Text","Black","1","0","アルバム27","False"
"27 ジャズ・イン・ヨーロッパ_#2","151.32999999999998","238.3","16","0","Center","Top","1.2","Yu Gothic UI","Normal","Normal"
"Text","Black","1","0","アルバム27","False"
"<ジャズ・イン・ヨーロッパ>\\n01.チェロキー\\n02.ウ・バップ・シュパン (Ｊ・ムーディ ペール・フースビー・クインテット)\\n03.ブルームディド (フィル・ウッズ・カルテット)\\n04.クラウズ (Bs=Ｄ・フリーゼン G=Ｊ・ストウェル)\\n05.ギアナ\\n06.スカイズ・オブ・アメリカ (ニュー・アンド・オールド・ドリームス・バンド)\\n07.アイ・ガット・リズム\\n08.ダイナ\\n09.セブン・カム・イレブン (オーベリ・リン・クインテット)\\n10.オール・ブルース (ニューヨーク・ジャズ・カルテット)\\n他","55.53199999999998","157","8","0","Left","Top","1.2","Yu Gothic UI","Normal","Normal"
"Text","Black","1","0","アルバム28","False"
"28 ビッグ・スペシャル_ビル・エバンス","151.32999999999998","238.3","16","0","Center","Top","1.2","Yu Gothic UI","Normal","Normal"
"Text","Black","1","0","アルバム28","False"
"<ビューティフル・ビル・エヴァンス>\\n01.マイ・ファニー・ヴレンタイン (5'18\"\")\\n02.スケイティング・イン・セントラル・パーク (5716\"\")  米ユナイト UAS1029「アンダー・カレント」\\n03.アイヴ・ガット・ユー・アンダー・マイ・スキン (3'20\"\")\\n04.ターン・アウト・ザ・スターズ (7'34\"\")  Ｂ・エヴァンス(p)/ジム・ホール(g)\\n     P MV2106「インター・モジュレイション」\\n05.インヴィテイション (6'39\"\")\\n06.ブルー・サージ (6'06\"\")\\n07.バイ・リリー・ハイ・ロー (7'18\"\")  T LFS80036 「インテュイション」\\n08.エルザ (7'28\"\")\\n09.ジャンゴ (6'17\"\")  Ｂ・エヴァンス(p)/エディ・ゴメス(b) V SMJ6185「モントルーⅢ」\\n10.ヤング・アンド・フーリッシュ (3'50\"\")\\n11.ザ・タッチ・オブ・ユア・リップス (3'54\"\")\\n12.ウィル・ビー・トゥゲザー・アゲイン (4'36\"\")\\n13.マイ・フーリッシュ・ハート (4'47\"\")\\n14.ワルツ・フォー・デビー (4'02\"\")\\n15.バット・ビューティフル (3'34\"\")  トニー・ベネット/Ｂ・エヴァンス(p)\\n      V SMJ6115「ウィズ・Ｔ・ベネット」\\n16.ピープル (13'37\"\")  V SMJ6217「アローン・アゲイン」\\n17.ソング・フォー・ヘレン (7'432)  Ｂ・エヴァンス(p)\\n     W P10516「未知との会話」(New Conversations - Monologue\, Dialogue\, Trialogue)","5.531999999999982","213","8","0","Left","Top","1.2","Yu Gothic UI","Normal","Normal"
"Text","Black","1","0","アルバム30","False"
"30 ジャズ・イン・ヨーロッパ83_#1","151.32999999999998","238.3","16","0","Center","Top","1.2","Yu Gothic UI","Normal","Normal"
"Text","Black","1","0","アルバム30","False"
"ジャズ・イン・ヨーロッパ<ノースシー・ジャズ祭83/第2夜>\\n01.オール・デイ・ロング\\n02.ミスティ(ジミー・スミス・トリオ&イリノイ・ジャケー\\n他","65.53199999999998","136","8","0","Left","Top","1.2","Yu Gothic UI","Normal","Normal"
"Text","Black","1","0","アルバム31","False"
"31 ジャズ・イン・ヨーロッパ83_#2","151.32999999999998","238.3","16","0","Center","Top","1.2","Yu Gothic UI","Normal","Normal"
"Text","Black","1","0","アルバム31","False"
"ジャズ・イン・ヨーロッパ<ノースシー・ジャズ祭83/第3夜>\\n01.ミラー・ミラー(チック・コリア&ゲイリーバートン)\\n他","65.53199999999998","136","8","0","Left","Top","1.2","Yu Gothic UI","Normal","Normal"
"Text","Black","1","0","アルバム32","False"
"32 SonnyRollins\\n19560322-1207#1","151.32999999999998","238.3","16","0","Center","Top","1.2","Yu Gothic UI","Normal","Normal"
"Text","Black","1","0","アルバム32","False"
"01.Valse Hot (Plus 4)\\n02.Kiss And Run (Plus 4)\\n03.I Feel A Song Coming On (Plus 4)\\n04.Tenor Madness (Tenor Madness)\\n05.St. Thomas (Saxophone Colossus)\\n06.You Don't Know What Love Is (Saxophone Colossus)","65.53199999999998","136","8","0","Left","Top","1.2","Yu Gothic UI","Normal","Normal"
"Text","Black","1","0","アルバム33","False"
"33 SonnyRollins\\n19560322-1207#2","151.32999999999998","238.3","16","0","Center","Top","1.2","Yu Gothic UI","Normal","Normal"
"Text","Black","1","0","アルバム33","False"
"01.Strode Rode (Saxophone Colossus)\\n02.Moritat (Saxophone Colossus)\\n03.Blue Seven (Saxophone Colossus)\\n04.\\n05.\\n06.B. Quick (Sonny Boy)","81.53199999999998","129","8","0","Left","Top","1.2","Yu Gothic UI","Normal","Normal"
"Text","Black","1","0","アルバム34","False"
"34 SonnyRollins\\n1957","151.32999999999998","238.3","16","0","Center","Top","1.2","Yu Gothic UI","Normal","Normal"
"Text","Black","1","0","アルバム34","False"
"01.Solitude (Way Out West)\\n02.Come\, gone (Way Out West)\\n03.I'm An Old Cowhand (Way Out West)\\n04.Why Don't I (Sonny Rollins Vol.2)\\n05.Wail March (Sonny Rollins Vol.2)\\n06.Misterioso (Sonny Rollins Vol.2)\\n07.Old Devil Moon (A Night At The \"\"Village Vanguard\"\")\\n08.Softly As In A Morning Sunrise\\n      (A Night At The \"\"Village Vanguard\"\")\\n09.IIDASHI KANETE\\n     (I Can't Get Started) (A Night At The \"\"Village Vanguard\"\")\\n10.Night In Tunisia (More From The Vanguard)\\n11.KOI TOWA NANDESHOU\\n    (What Is This Thing Called Love) (More From The Vanguard)\\n12. Four (More From The Vanguard)","60.53199999999998","168","8","0","Left","Top","1.2","Yu Gothic UI","Normal","Normal"
"Text","Black","1","0","アルバム35","False"
"35 SonnyRollins\\n1957-62","151.32999999999998","238.3","16","0","Center","Top","1.2","Yu Gothic UI","Normal","Normal"
"Text","Black","1","0","アルバム35","False"
"01.\\n02.\\n03.On The Sunny Side Of The Street (Sonny Side Up)\\n04.After hours (Sonny Side Up)\\n05.Who cares (Sonny Rollins And The Big Brass)?\\n06.Love Is A Simple Thing onny Rollins And The Big Brass)?\\n07.Body and Soul (Sonny Rollins And The Big Brass)?\\n08.Bags' Groove\\n     (Sonny Rollins ?? The Modern Jazz Quartet At Music Inn ? Volume 2)\\n09.A night of Tunisia (A Night At The \"\"Village Vanguard\"\")\\n10.Without A Songe (The Bridge)\\n11.The Bridge (The Bridge)\\n12.You do something to me (The Bridge)\\n13.Don't stop the Carnival\\n14.The Night Has A Thousand Eyes (What's New?)","34.53199999999998","167","8","0","Left","Top","1.2","Yu Gothic UI","Normal","Normal"
"Text","Black","1","0","アルバム36","False"
"36 SonnyRollins\\n196602-198005","151.32999999999998","238.3","16","0","Center","Top","1.2","Yu Gothic UI","Normal","Normal"
"Text","Black","1","0","アルバム36","False"
"01.Alfie's Theme (Alfie)\\n02.He's Younger Than You (Alfie)\\n03.Playin' In The Yard (Next Album)\\n04.Poinciana  (Next Album)\\n05.Lucille (Nucleus)\\n06.The Cutting Edge (Milustone JazzSters)\\n07.Harlem Boys (Don't Ask)\\n08.My Ideal (Don't Ask)\\n09.Little Luu (Love At First Sight)\\n10.Stround loud (Love at Fast Side)\\n11.The Dream That We Fell Out Of (Love At First Sight)\\n12.The Very Thought Of You (Love At First Sight)\\n13.Double Feature (Love At First Sight)","63.53199999999998","157","8","0","Left","Top","1.2","Yu Gothic UI","Normal","Normal"
"Text","Black","1","0","アルバム37","False"
"01.ジンジャー・ブレッド・ボーイ (デクスター・ゴードン五重奏団)\\n02.ジス・キャント・ビー・ラブ\\n03.ローラス・ブロッサム (ジョン・パンチ五重奏団)\\n04.ワーク・ソング (モンテ・アレキサンダー・トリオ)\\n05.ワルツ・フォー・デビー\\n06.ボネッタ (アール・クルー)\\n07.チルドレン・オブ・ザ・キングダム\\n08.アン・ルー・プレイ (デビット・フリーゼン・デュオ)\\n09.ダーク・ライダー\\n10.アース・アンド・オーバーロード (マトリックス)\\n11.アンバー/エレクトリック・ワルツ (マンプス)\\n12.キャプテン・マーベル (デビット・マシューズ楽団)","63.53199999999998","157","8","0","Left","Top","1.2","Yu Gothic UI","Normal","Normal"
"Text","Black","1","0","アルバム37","False"
"37 JazzFlash 19771229\\nジャズ 79年期待のニュー・スターたち(児山紀芳)","151.32999999999998","238.3","16","0","Center","Top","1.2","Yu Gothic UI","Normal","Normal"
"Text","Black","1","0","アルバム38","False"
"38 GoldenJazzFlash\\n19800621・0628","151.32999999999998","238.3","16","0","Center","Top","1.2","Yu Gothic UI","Normal","Normal"
"Text","Black","1","0","アルバム38","False"
"01.Django (M.J.Q)\\n02.Ozs against tomorrow\\n03.I remember Cliford\\n04.Cherokee (Cliford Brown)\\n05.Memories of Ypu\\n06.Little Child (Wes Montgpmery)\\n07.S.O.S\\n08.The Golden Striker (M.J.Q)\\n09.Softy as in a Morning Sunrise\\n10.March of the Tadpole (Akiyoshi & Tabakin)\\n11.All the Sings You are (カーメン・マックレェ)\\n12.Whate is this Sing Gold Love (サラ・ボーン)\\n13.Subconsias Lee (高柳晶行セカンド・コンセプト)\\n14.Two not One (Lee Cnits)\\n15.I can't bileave that you'll iin Love with Me (Red Noubo Torio)\\n16. (Art Peper Quintet)\\n17.All of Me (Scotte Hamiluton)\\n18.Linenap (Renee Torisutano Trio)\\n19.Coco (Super Sax)","56.53199999999998","190","8","0","Left","Top","1.2","Yu Gothic UI","Normal","Normal"
"Text","Black","1","0","アルバム39","False"
"39 日野皓正シティコネクションスペシャル\\n19791129","151.32999999999998","238.3","16","0","Center","Top","1.2","Yu Gothic UI","Normal","Normal"
"Text","Black","1","0","アルバム39","False"
"【シティ・コネクション・スペシャル】日野皓正が語るニューヨーク\\n01.シティ・コネクション\\n02.サンバ・デ・ラ・クルス\\n03.ブルー・スマイルズ\\n04.ホワット・ユー・ウォント・ドゥ・フォー・ラブ\\n他 (日野皓正(tp\,フリューゲルホーンhr)/ジャニス・ベンターウィズ(vo)\\n/ディブ・リーブマン(ts\,fl)/ジョン・トロペイ)g)/チャック・レイニー(b)\\n/ハーリー・ウィテッカー\,レオン・ペンターヴィス(key)/レニー・ホワイト(ds)\\n/ドン・ウン・ロマン(perc) ('79/11/29東京郵便貯金ホールにて収録)","52.53199999999998","142","8","0","Left","Top","1.2","Yu Gothic UI","Normal","Normal"
"Text","Black","1","0","アルバム40","False"
"40 ソニーロリンズ・富樫雅彦","151.32999999999998","238.3","16","0","Center","Top","1.2","Yu Gothic UI","Normal","Normal"
"Text","Black","1","0","アルバム40","False"
"【ジェット・ストリーム】城達也 ソニー・ロリンズ\\n01.マイ・アイデアル (3'41\"\")\\n02.タイ・チー (4'50\"\")\\n03.ディスコ・モンク　(7'46\"\")\\nV VIJ6\\n315「ドント・アスク」より\\n【FM25時/ゴールデン・ホップス】富樫雅彦セッション・イン・パリ\\n01.ソング・オブ・ソイル\\n02.6月\\n他\\n富樫雅彦(perc)/ドン・チェリー(tp)/チャーリー・ヘイデン(b)他\\nK GP3206 「ソング・オブ・ソイル」より\\n【ウィーク・エンド・ジャズ】\\n01.マイ・ブルー・ヘヴン\\n02.テンプテイション\\n03.朝日の如くさわやかに\\n04.ドント・ヒー・ザット・ウェイ (バディ・デフランコ(CL)) P MV2632\\n05.ハロー・ヤング・ラヴァーズ\\n06.ブルー・トロンボーンⅡ (Ｊ・Ｊ・ジンソン(tb)) CS 20AP1469\\n07.エフ・タイド\\n08.バースティ・バーディ・ブルース (イリノイ・ジャケイ(ts)) JRC 11434","46.53199999999998","210","8","0","Left","Top","1.2","Yu Gothic UI","Normal","Normal"
"Text","Black","1","0","アルバム41","False"
"41 朝のリズム\\nKenny Hoilar・Enlico Raba","151.32999999999998","238.3","16","0","Center","Top","1.2","Yu Gothic UI","Normal","Normal"
"Text","Black","1","0","アルバム41","False"
"<朝のリズム>ジャズトランペット\\n01.ピース・フォーファイブ\\n02.午後のワルツ (ケニー・ホイラー)\\n他","93.53199999999998","145","8","0","Left","Top","1.2","Yu Gothic UI","Normal","Normal"
"Text","Black","1","0","アルバム42","False"
"42 渡辺貞夫マイ・ディア・ライフ\\nスタンダードナンバーを集めて１","151.32999999999998","238.3","16","0","Center","Top","1.2","Yu Gothic UI","Normal","Normal"
"Text","Black","1","0","アルバム42","False"
"<スタンダードナンバーを集めて１>\\n01.ディウェイ・スクェア (6'30\"\")\\n02.オー・プリヴァーヴ (6'09\"\")\\n03.レディバード (5'53\"\")\\n04.オーム・イン・ニューヨーク (9'29\"\")\\n05.ブルース・フォー・アリス (6'00\"\")\\n06.ムース・ザ・ムーチェ (8'18\"\")\\n07.ジャスト・フレンド (7'14\"\")\\n\\n渡辺貞夫(as)/福村博(tb)/益田幹夫(p)/\\n岡田勉(b)/ルイス・ディ・アンドレード(ds) (生収録)","93.53199999999998","145","8","0","Left","Top","1.2","Yu Gothic UI","Normal","Normal"
"Text","Black","1","0","アルバム43","False"
"43 渡辺貞夫マイ・ディア・ライフ\\nスタンダードナンバーを集めて２","151.32999999999998","238.3","16","0","Center","Top","1.2","Yu Gothic UI","Normal","Normal"
"Text","Black","1","0","アルバム43","False"
"<スタンダードナンバーを集めて２>\\n01.アイ・ソート・アバウト・ユー\\n02.シークレット・ラヴ\\n03.ウィスパー・ノット\\n04.ワルツ・フォー・デビー\\n05.グロリアーズ・ステップ\\n06.ドルフィン・ダンス\\n他\\n\\n渡辺貞夫(as)/福村博(tb)/益田幹夫(p)/\\n岡田勉(b)/ルイス・ディ・アンドレード(ds) (生収録)","93.53199999999998","145","8","0","Left","Top","1.2","Yu Gothic UI","Normal","Normal"
"Text","Black","1","0","アルバム44","False"
"44 渡辺貞夫マイ・ディア・ライフ\\nマイ・ディア・フレンズ・コンサート・４","151.32999999999998","238.3","16","0","Center","Top","1.2","Yu Gothic UI","Normal","Normal"
"Text","Black","1","0","アルバム44","False"
"<マイ・ディア・フレンズ・コンサート・４>\\n01.モーニング・アイランド\\n02.インナー・エンブレイス\\n03.サンバ・ド・マルコス\\n04.カリフォルニア・シャワー\\n他\\n\\n渡辺貞夫(as\,fl\,ソプラニーノ)/福村博(tb)/益田幹夫(p)/\\n岡田勉(b)/ルイス・ディ・アンドレード(ds)/\\n 松木恒秀(g)/アントニオ石田(perc)/佐藤允彦指揮ストリングス&プラス・オーケストラ\\n ('79年10月29～31日 東京・郵便貯金ホールにて収録)\\n","32.53199999999998","146","8","0","Left","Top","1.2","Yu Gothic UI","Normal","Normal"
"Text","Black","1","0","アルバム45","False"
"45 渡辺貞夫マイ・ディア・ライフ\\nティト・プエンテのグループを迎えて","151.32999999999998","238.3","16","0","Center","Top","1.2","Yu Gothic UI","Normal","Normal"
"Text","Black","1","0","アルバム45","False"
"<ティト・プエンテのグループを迎えて>\\n01.オン・グリーン・ドルフィン・ストリート (8'37\"\")\\n02.キューバン・ファンタジー (8'44\"\")\\n03.サクラ～マイ・ファニー・バレンタイン (7'22\"\")\\n04.イパネマの娘 (14'51\"\")\\n他\\n渡辺貞夫(as\,fl)/松岡直也(p)/\\nディト・プェンテ(vib\,ティンパルス)/カルロス・パタト・パルデス(コンガ)/\\nジョン・ロドリゲス(ボンゴ)/アンティ・ゴンザレス(b) (生収録)\\n","63.53199999999998","135","8","0","Left","Top","1.2","Yu Gothic UI","Normal","Normal"
"Text","Black","1","0","アルバム46","False"
"46 ゴールデン・ジャズ・フラッシュ\\nサックス・アラカルト#1","151.32999999999998","238.3","16","0","Center","Top","1.2","Yu Gothic UI","Normal","Normal"
"Text","Black","1","0","アルバム46","False"
"<サックス・アラカルト#1>\\n01.ジャスト・ワン・オブ・ゾーズ・シングス (ベニー・カーター)\\n02.ホワット・イッツ・オール・アバウト (ジョニー・ホッジス)\\n03.フラミンゴ (アール・ポスティック)\\n04.ジャスト・フレンズ (チャーリー・パーカー)\\n05.ストライク・アップ・ザ・バンド (アート・ペッパー\\n06.ハリウッド万歳 (リッチー・コール)\\n07.オータム・リーブス (キャノンボール・アダレイ)\\n08.ブルース (ルー・ドナルドン)","63.53199999999998","135","8","0","Left","Top","1.2","Yu Gothic UI","Normal","Normal"
"Text","Black","1","0","アルバム47","False"
"47 ゴールデン・ジャズ・フラッシュ\\nサックス・アラカルト#2","151.32999999999998","238.3","16","0","Center","Top","1.2","Yu Gothic UI","Normal","Normal"
"Text","Black","1","0","アルバム47","False"
"<サックス・アラカルト#2>\\n01.アクタング (イリノイ・ジャケイ)\\n02.フリック (レスター・ヤング)\\n03.ザ・ナイト・ハブ・ア・サウザンド・アイズ (ソニー・スティット)\\n04.ジャングル・ボス (ジーン・アモンズ)\\n05.ネイチャー・ボーイ (スタン・ゲッツ)\\n06.ボディ&ソウル (アル・コーンとズート・シムズ)\\n07.フライド・バナナ (デクスター・ゴードン)","63.53199999999998","135","8","0","Left","Top","1.2","Yu Gothic UI","Normal","Normal"
"Text","Black","1","0","アルバム48","False"
"48 Weekend Jazz\\nリクエスト大会 1979","151.32999999999998","238.3","16","0","Center","Top","1.2","Yu Gothic UI","Normal","Normal"
"Text","Black","1","0","アルバム48","False"
"01.ブルース・オン・パレード (グレン・グレイ&カサ・ロマ楽団)\\n02.セント・トーマス (ソニー・ロリンズ)\\n03.シェリト・リンド (ミルス・ブラザーズ)\\n04.聖者の行進 (ルイ・アームストロング)\\n05.マイ・ファニーバレンタイン (マイルス・デイヴィス)\\n06.バグス・グループ (M.J.Q)","63.53199999999998","135","8","0","Left","Top","1.2","Yu Gothic UI","Normal","Normal"
"Text","Black","1","0","アルバム49","False"
"49 セッション79\\n富樫雅彦クワルテット","151.32999999999998","238.3","16","0","Center","Top","1.2","Yu Gothic UI","Normal","Normal"
"Text","Black","1","0","アルバム49","False"
"<富樫雅彦クワルテット>\\n01.ソング・オブ・ソイル\\n02.レーブ・メルベイユ\\n03.スノウ","115.53199999999998","146","8","0","Left","Top","1.2","Yu Gothic UI","Normal","Normal"
"Text","Black","1","0","アルバム50","False"
"50 フュージョン・イン・ジャパン #1","151.32999999999998","238.3","16","0","Center","Top","1.2","Yu Gothic UI","Normal","Normal"
"Text","Black","1","0","アルバム50","False"
"<フュージョン・イン・ジャパン>\\n01.ピノキオ (川崎僚グループ+日野皓正)\\n02.イン・アンド・アウト・オブ・セブ (川崎僚グループ)\\n03.インナー・ウィンド\\n04.アイル・ビー・ゼア (渡辺香津美&KYLYN)\\n05.バーニング・ウェイブ (本多俊之&バーニング・ウェイブ)\\n06.スノー・ボール (カリオカ)\\nほか (ニューヨーク・スタジオ、東京・日比谷野外音楽堂、他で収録)","67.53199999999998","149","8","0","Left","Top","1.2","Yu Gothic UI","Normal","Normal"
"Text","Black","1","0","アルバム51","False"
"51 フュージョン・イン・ジャパン #2","151.32999999999998","238.3","16","0","Center","Top","1.2","Yu Gothic UI","Normal","Normal"
"Text","Black","1","0","アルバム51","False"
"サンバジ・デメーラ (ステック&スプーン)","91.53199999999998","148","8","0","Left","Top","1.2","Yu Gothic UI","Normal","Normal"
"Text","Black","1","0","アルバム52","False"
"52 フュージョン・イン・ジャパン #3","151.32999999999998","238.3","16","0","Center","Top","1.2","Yu Gothic UI","Normal","Normal"
"Text","Black","1","0","アルバム52","False"
"<日本のフュージョン・ミュージック>\\n01.トゥ・メニー・スプリングス (中本マリ)\\n02.サンシャイン・アベニュー (増尾好秋)\\n03.オパ！コン・デウス (本多俊之)\\n他 岩崎直子","91.53199999999998","148","8","0","Left","Top","1.2","Yu Gothic UI","Normal","Normal"
"Text","Black","1","0","[NHK-FM(東京)]第１８回　セッション２０１９","False"
"濱中博久，黒田卓也，西口明宏，宮川純，中林薫平，柴田亮，大林武司，\\nアロン・ネア，アロン・ベンジャミーニ，石若駿，井上銘，須川崇志，ニラン・ダシカ，\\n寺久保エレナ，片倉真由子，金森もとい，高橋信之介，ヨタム・シルバースタイン，\\nアーロン・ゴールドバーグ，オル・バレケット，ダニエル・ドール，ライアン・ケバリー，\\nホルヘ・ローダー，カミラ・メサ，レイモンド・マクモーリン，片倉真由子，粟谷巧，\\nジーン・ジャクソン，デビッド・バークマン，デビッド・ブライアント，\\nケネス・ダール・クヌーセン，佐藤恭子，山田貴子，坪井洋","154.4342950819672","142.83138173302106","8","0","Center","Top","1.2","Yu Gothic UI","Normal","Normal"
"Text","Black","1","0","[NHK-FM(東京)]第１８回　セッション２０１９","False"
"[NHK-FM(東京)]\\nセッション２０１９","151.72916666666669","276.2916666666667","26","0","Center","Top","1.2","Yu Gothic UI","Normal","Normal"
"Text","Black","1","0","[NHK-FM(東京)]第１８回　セッション２０１９","False"
"201908312300","151.8122482435597","211.29409836065574","16","0","Center","Top","1.2","Yu Gothic UI","Normal","Normal"
"Text","Black","1","0","[NHK-FM(東京)]第１８回　東京ＪＡＺＺ","False"
"[NHK-FM(東京)]\\n第１８回　東京ＪＡＺＺ","151.72916666666669","276.2916666666667","26","0","Center","Top","1.2","Yu Gothic UI","Normal","Normal"
"Text","Black","1","0","[NHK-FM(東京)]第１８回　東京ＪＡＺＺ","False"
"ＭＩＳＩＡ，\\n黒田卓也，\\nＭｅｓｈｅｌｌ　Ｎｄｅｇｅｏｃｅｌｌｏ，\\nチック・コリア・アコースティック・バンド，\\nアヴィシャイ・コーエン・トリオ，\\n小川隆夫，\\n伊藤雄彦，\\n鹿島綾乃","154.4342950819672","142.83138173302106","8","0","Center","Top","1.2","Yu Gothic UI","Normal","Normal"
"Text","Black","1","0","[NHK-FM(東京)]第１８回　東京ＪＡＺＺ","False"
"201908311215\\n201908311920","151.8122482435597","211.29409836065574","16","0","Center","Top","1.2","Yu Gothic UI","Normal","Normal"
