﻿"Property"
"Prperty","Color","Black","PointType","1","PointSize","1","LineType","0","Thickness","1","TextSize","4","TextRotate","0","LinePitchRate","1.2","HA","Left","VA","Top","ArrowSize","2","ArrowAngle","0.5235987755982988","GridSize","1","DispLaerBit","32","CreateLayer","05.編集コマンド","OneLayerDisp","True","FontFamily","Yu Gothic UI","FontStyle","Normal","FontWeight","Normal","SymbolCategoryIindex","1"
"Comment"
"Comment","Comment",""
"Parts","Black","1","0","01.概要","False"
"name","__A4枠","line","0","0","210","0","line","210","0","210","297","line","210","297","0","297","line","0","297","0","0","textSize","12","textRotate","0","fontFamily","","fontStyle","Normal","fontWeight","Normal","linePitchRate","1.2","arrowSize","6","arrowAngle","0.5235987755982988"
"Parts","Black","1","0","00.表紙","False"
"name","__A4枠","line","0","0","210","0","line","210","0","210","297","line","210","297","0","297","line","0","297","0","0","textSize","12","textRotate","0","fontFamily","","fontStyle","Normal","fontWeight","Normal","linePitchRate","1.2","arrowSize","6","arrowAngle","0.5235987755982988"
"Text","Black","1","0","00.表紙","False"
"Mini3DCad","99","261","20","0","Center","Top","1.2","Meiryo UI","Normal","Bold"
"Text","Black","1","0","01.概要","False"
"概要","19","291","6","0","Left","Top","1.2","Yu Gothic UI","Normal","Normal"
"Text","Black","1","0","01.概要","False"
"三面図をベースにして3Dデータを作成するCAD","20","280","4","0","Left","Top","1.2","Yu Gothic UI","Normal","Normal"
"Line","Black","1","0","01.概要","False"
"19","251","69","251"
"Line","Black","1","0","01.概要","False"
"69","261","69","221"
"Line","Black","1","0","01.概要","False"
"19","221","19","261"
"Line","Black","1","0","01.概要","False"
"19.000000000000007","221","69","221"
"Line","Black","1","0","01.概要","False"
"18.999999999999996","261","69","261"
"Arc","Black","1","0","01.概要","False"
"FILL","False","AliceBlue","59","201","10","0","1.5707963267948966"
"Polyline","Black","1","0","01.概要","False"
"69","201","69","191","19","191","19","211","59","211"
"Arc","Black","1","0","01.概要","False"
"FILL","False","AliceBlue","39","201","4.123105625617661","0","6.283185307179586"
"Line","Black","1","1","01.概要","False"
"34.87689437438234","251","34.87689437438234","261"
"Line","Black","1","1","01.概要","False"
"43","261","43","251"
"Polyline","Black","1","0","01.概要","False"
"59","251","59","261"
"Line","Black","1","0","01.概要","False"
"19","191","69","191"
"Line","Black","1","0","01.概要","False"
"69","191","69","186"
"Line","Black","1","0","01.概要","False"
"69","186","19","186"
"Line","Black","1","0","01.概要","False"
"19","186","19","191"
"Line","Black","1","0","01.概要","False"
"79","186","119","186"
"Line","Black","1","0","01.概要","False"
"109","211.00000000000003","109","191"
"Line","Black","1","0","01.概要","False"
"109","211","119","211"
"Line","Black","1","0","01.概要","False"
"109","201","119","201"
"Line","Black","1","1","01.概要","False"
"109","197","119","197"
"Line","Black","1","1","01.概要","False"
"109","205","119","205"
"Line","Black","1","0","01.概要","False"
"79","191","79","186"
"Line","Black","1","0","01.概要","False"
"79","191","109","191"
"Line","Black","1","0","01.概要","False"
"119","211","119","186"
"Text","Black","1","0","01.概要","False"
"正面図","33","183","4","0","Left","Top","1.2","Yu Gothic UI","Normal","Normal"
"Text","Black","1","0","01.概要","False"
"平面図","33","220","4","0","Left","Top","1.2","Yu Gothic UI","Normal","Normal"
"Text","Black","1","0","01.概要","False"
"側面図","90","183","4","0","Left","Top","1.2","Yu Gothic UI","Normal","Normal"
"Image","Black","1","0","01.概要","False"
"D:\\WSRC\\VS2017\\CoreApp\\CadApp\\bin\\Debug\\net7.0-windows7.0\\ClipImage\\ClipImage.png","655","558","130.25513296057755","254.11380126987052","69.13041981983807","58.892785128961236","4D4EDFA5_ClipImage.png"
"Text","Black","1","0","01.概要","False"
"三次元データの作成方法\\n二次元画面で外形図を作成し、それに対して押し出しや回転、掃引(スィープ)などの処理よって三次元化する。\\n例えば正面図(XY座標)で四角形を作成、側面図(YZ座標)に切り替えると一本の縦線が表示れる。\\nその縦線をピックしてコマンドリストから「3D編集」「押出」を選択する。\\nマウスで一度ロケイトして水平方向(Z座標)に移動してロケイトすると直方体ができる。\\n","13","158","4","0","Left","Top","1.2","Yu Gothic UI","Normal","Normal"
"Parts","Black","1","0","01.概要","False"
"name","__矢印","line","121.25","222.5","124.25","222.5","line","124.25","222.5","124.25","224.5","line","124.25","224.5","126.75","221","line","126.75","221","124.25","217.5","line","124.25","217.5","124.25","219.5","line","124.25","219.5","121.25","219.5","line","121.25","219.5","121.25","222.5","textSize","12","textRotate","0","fontFamily","Yu Gothic UI","fontStyle","Normal","fontWeight","Normal","linePitchRate","1.2","arrowSize","6","arrowAngle","0.5235987755982988"
"Text","Black","1","0","20.データ構成","False"
"プリミティブの種類\\n点　　 Point \\n　　　 Point3D mPoint\\n線分　 Line\\n　　　 Line3D mLine\\n円弧　 Arc\\n　　　 Arc3D mArc\\n　　　 double mDivideAngle\\n折れ線 Polyline\\n　　　 Polyline3D mPolyline\\n多角形 Polygon\\n　　　 Polylgon3D mPolygon\\n押出　 Extrusion\\n　　　 Polygon3D mPolygon\\n　　　 Point3D mVector\\n　　　 bool mClose\\n　　　 FACE3D mSrcFace\\n回転体 Revolution\\n　　　 Line3D mCenterLine\\n　　　 Polyline3D mOutLine\\n　　　 double mSa\\n　　　 double mEa\\n　　　 double mDivideAngle\\n　　　 bool mClose\\n掃引　 Sweep\\n　　　 Polyline3D mOutLine1\\n　　　 Polyline3D mOutLine2\\n　　　 double mSa\\n　　　 double mEa\\n　　　 double mDivideAngle\\n　　　 bool mClose\\n\\n","19","271","4","0","Left","Top","1.2","Yu Gothic UI","Normal","Normal"
"Parts","Black","1","0","20.データ構成","False"
"name","__A4枠","line","0","0","210","0","line","210","0","210","297","line","210","297","0","297","line","0","297","0","0","textSize","12","textRotate","0","fontFamily","","fontStyle","Normal","fontWeight","Normal","linePitchRate","1.2","arrowSize","6","arrowAngle","0.5235987755982988"
"Parts","Black","1","0","02.画面","False"
"name","__A4枠","line","0","0","210","0","line","210","0","210","297","line","210","297","0","297","line","0","297","0","0","textSize","12","textRotate","0","fontFamily","","fontStyle","Normal","fontWeight","Normal","linePitchRate","1.2","arrowSize","6","arrowAngle","0.5235987755982988"
"Image","Black","1","0","00.表紙","False"
"D:\\WSRC\\VS2017\\CoreApp\\CadApp\\bin\\Debug\\net7.0-windows7.0\\ClipImage\\ClipImage(14).png","760","561","30","220.07445850542152","149.34973225359067","110.24368393982154","75D57504_ClipImage(14).png"
"Text","Black","1","0","02.画面","False"
"画面の説明","10","291","5","0","Left","Top","1.2","Yu Gothic UI","Normal","Normal"
"Text","Black","1","0","02.画面","False"
"画面の構成は左側に図面の分類と図面名のリストがあり、これで編集する図面を選択する。\\nその右にコマンドリストがあり、図面の編集コマンドを選択する。\\n右側は図面や3D表示のエリアでタブで切り替えて使用する。\\n上部のツールバーは大分類の切り替えと表示操作と領域ピックのボタン、カラー設定、グリッド設定がある。\\n下部のステータスバーにはヘルプ/設定ボタン、コマンド入力欄とマウス位置やピック状況などの情報表示がある。","10","281","4","0","Left","Top","1.2","Yu Gothic UI","Normal","Normal"
"Polygon","Black","1","0","02.画面","False"
"FILL","False","AliceBlue","27","237","176","237","176","127","27","127"
"Line","Black","1","0","02.画面","False"
"27","230","176","230"
"Line","Black","1","0","02.画面","False"
"27","224","176","225"
"Line","Black","1","0","02.画面","False"
"27","132","176","132"
"Line","Black","1","0","02.画面","False"
"40","224","40","132"
"Line","Black","1","0","02.画面","False"
"53","224","53","132"
"Line","Black","1","0","02.画面","False"
"68","224","68","132"
"Polyline","Black","1","0","02.画面","False"
"68","220","97","220","97","224","107","224","107","220","176","220"
"Line","Black","1","0","02.画面","False"
"88","224","88","220"
"Polygon","Black","1","0","02.画面","False"
"FILL","False","AliceBlue","29","229","49","229","49","225","29","225"
"Polygon","Black","1","0","02.画面","False"
"FILL","False","AliceBlue","54","229","85","229","85","225","54","225"
"Line","Black","1","0","02.画面","False"
"59","229","59","225"
"Line","Black","1","0","02.画面","False"
"64","229","64","225"
"Line","Black","1","0","02.画面","False"
"69","229","69","225"
"Line","Black","1","0","02.画面","False"
"74","229","74","225"
"Line","Black","1","0","02.画面","False"
"79","229","79","225"
"Polygon","Black","1","0","02.画面","False"
"FILL","False","AliceBlue","89","229","106","229","106","225","89","225"
"Polygon","Black","1","0","02.画面","False"
"FILL","False","AliceBlue","107","229","121","229","121","225","107","225"
"Text","Black","1","0","02.画面","False"
"正面図","69","224","2.8","0","Left","Top","1.2","Yu Gothic UI","Normal","Normal"
"Text","Black","1","0","02.画面","False"
"平面図","78","224","2.8","0","Left","Top","1.2","Yu Gothic UI","Normal","Normal"
"Text","Black","1","0","02.画面","False"
"側面図","88","224","2.8","0","Left","Top","1.2","Yu Gothic UI","Normal","Normal"
"Text","Black","1","0","02.画面","False"
"3D表示","97","224","2.8","0","Left","Top","1.2","Yu Gothic UI","Normal","Normal"
"Line","Black","1","0","02.画面","False"
"78","224","78","220"
"Line","Black","1","0","02.画面","False"
"69","224","69","220"
"Line","Black","1","0","02.画面","False"
"69","224","97","224"
"Text","Black","1","0","02.画面","False"
"Mini3DCAD [6Pスライドスイッチ]","34","236","3","0","Left","Top","1.2","Yu Gothic UI","Normal","Normal"
"Text","Black","1","0","02.画面","False"
"コマンド","39","132","3","0","Left","Top","1.2","Yu Gothic UI","Normal","Normal"
"Polygon","Black","1","0","02.画面","False"
"FILL","False","AliceBlue","49","128","121","128","121","131","49","131"
"Polygon","Black","1","0","02.画面","False"
"FILL","False","AliceBlue","35","131","38","131","38","128","35","128"
"Polygon","Black","1","0","02.画面","False"
"FILL","False","AliceBlue","30","131","33","131","33","128","30","128"
"Text","Black","1","0","02.画面","False"
"Mode[non] Pick[0] Loc[0] Grid[1] (-11.6\,9.2)","128","131","2.5","0","Left","Top","1.2","Yu Gothic UI","Normal","Normal"
"Text","Black","1","0","02.画面","False"
"大分類","32","229","2.5","0","Left","Top","1.2","Yu Gothic UI","Normal","Normal"
"Text","Black","1","0","02.画面","False"
"図面作成/3D表示画面","102","187","4","0","Left","Top","1.2","Yu Gothic UI","Normal","Normal"
"Parts","Black","1","0","02.画面","False"
"name","ラベル","line","75","229","73","242","line","73","242","69.5","242","line","75","229","73.90472534186998","230.36487121123503","line","75","229","75.63437581275856","230.63097128367943","text","表示操作/ピックアイコン","69.5","242","3.5","0","Right","Center","textSize","3.5","textRotate","0","fontFamily","Yu Gothic UI","fontStyle","Normal","fontWeight","Normal","linePitchRate","1.2","arrowSize","1.75","arrowAngle","0.5235987755982988"
"Parts","Black","1","0","02.画面","False"
"name","ラベル","line","93","230","94","241","line","94","241","97.5","241","line","93","230","92.26580439238171","231.5885392062376","line","93","230","94.0086175037002","231.4301016506632","text","カラー設定","97.5","241","3.5","0","Left","Center","textSize","3.5","textRotate","0","fontFamily","Yu Gothic UI","fontStyle","Normal","fontWeight","Normal","linePitchRate","1.2","arrowSize","1.75","arrowAngle","0.5235987755982988"
"Parts","Black","1","0","02.画面","False"
"name","ラベル","line","116","229","119","241","line","119","241","122.5","241","line","116","229","115.51869883443018","230.6825127601362","line","116","229","117.21644820968451","230.2580754163226","text","グリッド設定","122.5","241","3.5","0","Left","Center","textSize","3.5","textRotate","0","fontFamily","Yu Gothic UI","fontStyle","Normal","fontWeight","Normal","linePitchRate","1.2","arrowSize","1.75","arrowAngle","0.5235987755982988"
"Parts","Black","1","0","02.画面","False"
"name","ラベル","line","90","218","92","212","line","92","212","95.5","212","line","90","218","91.30935512361123","216.83892758181366","line","90","218","89.64915935202282","216.2855289912842","text","表示切替タブ","95.5","212","3.5","0","Left","Center","textSize","3.5","textRotate","0","fontFamily","Yu Gothic UI","fontStyle","Normal","fontWeight","Normal","linePitchRate","1.2","arrowSize","1.75","arrowAngle","0.5235987755982988"
"Parts","Black","1","0","02.画面","False"
"name","ラベル","line","31","128","27","124","line","27","124","23.5","124","line","31","128","30.54706667107059","126.30962980399413","line","31","128","29.309629803994127","127.5470666710706","text","ヘルプボタン","23.5","124","3.5","0","Right","Center","textSize","3.5","textRotate","0","fontFamily","Yu Gothic UI","fontStyle","Normal","fontWeight","Normal","linePitchRate","1.2","arrowSize","1.75","arrowAngle","0.5235987755982988"
"Parts","Black","1","0","02.画面","False"
"name","ラベル","line","36","128","33","119","line","33","119","29.5","119","line","36","128","36.35084064797718","126.28552899128421","line","36","128","34.69064487638878","126.83892758181368","text","設定ボタン","29.5","119","3.5","0","Right","Center","textSize","3.5","textRotate","0","fontFamily","Yu Gothic UI","fontStyle","Normal","fontWeight","Normal","linePitchRate","1.2","arrowSize","1.75","arrowAngle","0.5235987755982988"
"Parts","Black","1","0","02.画面","False"
"name","ラベル","line","62","128","65","122","line","65","122","68.5","122","line","62","128","63.46039587771122","127.03576772488987","line","62","128","61.895148293461375","126.25314393276494","text","コマンド入力欄","68.5","122","3.5","0","Left","Center","textSize","3.5","textRotate","0","fontFamily","Yu Gothic UI","fontStyle","Normal","fontWeight","Normal","linePitchRate","1.2","arrowSize","1.75","arrowAngle","0.5235987755982988"
"Text","Black","1","0","02.画面","False"
"分類\\nリスト","30","222","3","0","Left","Top","1.2","Yu Gothic UI","Normal","Normal"
"Text","Black","1","0","02.画面","False"
"図面名\\nリスト","42","222","3","0","Left","Top","1.2","Yu Gothic UI","Normal","Normal"
"Text","Black","1","0","02.画面","False"
"コマンド\\nリスト","56","222","3","0","Left","Top","1.2","Yu Gothic UI","Normal","Normal"
"Parts","Black","1","0","02.画面","False"
"name","ラベル","line","148","128","145","122","line","145","122","141.5","122","line","148","128","148.10485170653862","126.25314393276494","line","148","128","146.53960412228878","127.03576772488987","text","情報表示","141.5","122","3.5","0","Right","Center","textSize","3.5","textRotate","0","fontFamily","Yu Gothic UI","fontStyle","Normal","fontWeight","Normal","linePitchRate","1.2","arrowSize","1.75","arrowAngle","0.5235987755982988"
"Polygon","Black","1","0","01.概要","False"
"FILL","False","AliceBlue","16","121","94","121","94","77","16","77"
"Polygon","Blue","1","0","01.概要","False"
"FILL","False","AliceBlue","39","105","79","105","79","94","39","94"
"Polygon","Black","1","0","01.概要","False"
"FILL","False","AliceBlue","115","121","193","121","193","77","115","77"
"Line","Blue","1","0","01.概要","False"
"170","105","170","94"
"Text","Black","1","0","01.概要","False"
"正面図で[作成][四角]コマンドで四角形を作成","17","76","4","0","Left","Top","1.2","Yu Gothic UI","Normal","Normal"
"Text","Black","1","0","01.概要","False"
"側面図に切り替えると縦線1本となる","123","76","4","0","Left","Top","1.2","Yu Gothic UI","Normal","Normal"
"Polygon","Black","1","0","01.概要","False"
"FILL","False","AliceBlue","16","62","94","62","94","18","16","18"
"Line","Blue","1","0","01.概要","False"
"71","46","71","35"
"Line","Blue","1","1","01.概要","False"
"51","35","71","35"
"Line","Blue","1","1","01.概要","False"
"51","46","71","46"
"Line","Blue","1","1","01.概要","False"
"51","46","51","35"
"Text","Black","1","0","01.概要","False"
"側面図の線をピックして[3D編集][押出]コマンドを\\n選択してマウスでロケイトして3D化する。","16","17","4","0","Left","Top","1.2","Yu Gothic UI","Normal","Normal"
"Polygon","Blue","1","0","01.概要","False"
"FILL","False","AliceBlue","126","42","126","33","166","24","166","33"
"Line","Blue","1","0","01.概要","False"
"166","24","176","34"
"Line","Blue","1","0","01.概要","False"
"166","33","176","43"
"Line","Blue","1","0","01.概要","False"
"126","42","136","52"
"Line","Blue","1","1","01.概要","False"
"126","33","136","43"
"Line","Blue","1","0","01.概要","False"
"176","34","176","43"
"Line","Blue","1","0","01.概要","False"
"176","43","136","52"
"Line","Blue","1","1","01.概要","False"
"136","43","176","34"
"Line","Blue","1","1","01.概要","False"
"136","52","136","43"
"Polygon","Black","1","0","01.概要","False"
"FILL","False","AliceBlue","115","62","193","62","193","18","115","18"
"Text","Black","1","0","01.概要","False"
"3D表示にタブを切り替えると直方体の状態を\\n確認できる","116","17","4","0","Left","Top","1.2","Yu Gothic UI","Normal","Normal"
"Parts","Blue","1","0","01.概要","False"
"name","__矢印","line","102.25","101.5","105.25","101.5","line","105.25","101.5","105.25","103.5","line","105.25","103.5","107.75","100","line","107.75","100","105.25","96.5","line","105.25","96.5","105.25","98.5","line","105.25","98.5","102.25","98.5","line","102.25","98.5","102.25","101.5","textSize","12","textRotate","0","fontFamily","Yu Gothic UI","fontStyle","Normal","fontWeight","Normal","linePitchRate","1.2","arrowSize","6","arrowAngle","0.5235987755982988"
"Parts","Blue","1","0","01.概要","False"
"name","__矢印","line","107.80586932777771","72.39269426488237","106.08548229468772","69.93499850332525","line","106.08548229468772","69.93499850332525","107.72394613572581","68.78807381459859","line","107.72394613572581","68.78807381459859","103.42297855300085","68.74711221857264","line","103.42297855300085","68.74711221857264","101.98932269209253","72.8023102251419","line","101.98932269209253","72.8023102251419","103.6277865331306","71.65538553641524","line","103.6277865331306","71.65538553641524","105.3481735662206","74.11308129797236","line","105.3481735662206","74.11308129797236","107.80586932777771","72.39269426488237","textSize","12","textRotate","0","fontFamily","Yu Gothic UI","fontStyle","Normal","fontWeight","Normal","linePitchRate","1.2","arrowSize","6","arrowAngle","0.5235987755982988"
"Parts","Blue","1","0","01.概要","False"
"name","__矢印","line","101.25","41.5","104.25","41.5","line","104.25","41.5","104.25","43.5","line","104.25","43.5","106.75","40","line","106.75","40","104.25","36.5","line","104.25","36.5","104.25","38.5","line","104.25","38.5","101.25","38.5","line","101.25","38.5","101.25","41.5","textSize","12","textRotate","0","fontFamily","Yu Gothic UI","fontStyle","Normal","fontWeight","Normal","linePitchRate","1.2","arrowSize","6","arrowAngle","0.5235987755982988"
"Polygon","Black","1","0","01.概要","False"
"FILL","False","AliceBlue","70","39","72","39","72","37","70","37"
"Parts","Black","1","0","01.概要","False"
"name","矢印","line","54","31","66","31","line","54","31","55.732050807568875","32","line","54","31","55.732050807568875","30","textSize","12","textRotate","0","fontFamily","Yu Gothic UI","fontStyle","Normal","fontWeight","Normal","linePitchRate","1.2","arrowSize","2","arrowAngle","0.5235987755982988"
"Parts","Black","1","0","03.コマンド","False"
"name","__A4枠","line","0","0","210","0","line","210","0","210","297","line","210","297","0","297","line","0","297","0","0","textSize","12","textRotate","0","fontFamily","","fontStyle","Normal","fontWeight","Normal","linePitchRate","1.2","arrowSize","6","arrowAngle","0.5235987755982988"
"Line","Black","1","0","03.コマンド","False"
"20","275","20.000000000000043","110"
"Line","Black","1","0","03.コマンド","False"
"50","275","50.00000000000004","110"
"Text","Black","1","0","03.コマンド","False"
"point","51","275","4","0","Left","Top","1.2","Yu Gothic UI","Normal","Normal"
"Line","Black","1","0","03.コマンド","False"
"63","275","63.00000000000004","110"
"Text","Black","1","0","03.コマンド","False"
"line","65","275","4","0","Left","Top","1.2","Yu Gothic UI","Normal","Normal"
"Line","Black","1","0","03.コマンド","False"
"76","275","76.00000000000004","110"
"Text","Black","1","0","03.コマンド","False"
"arc","78","275","4","0","Left","Top","1.2","Yu Gothic UI","Normal","Normal"
"Line","Black","1","0","03.コマンド","False"
"89","275","89.00000000000004","110"
"Text","Black","1","0","03.コマンド","False"
"polyline","90","275","4","0","Left","Top","1.2","Yu Gothic UI","Normal","Normal"
"Line","Black","1","0","03.コマンド","False"
"106","275","106.00000000000004","110"
"Text","Black","1","0","03.コマンド","False"
"polygon","107","275","4","0","Left","Top","1.2","Yu Gothic UI","Normal","Normal"
"Line","Black","1","0","03.コマンド","False"
"123","275","123.00000000000004","110"
"Text","Black","1","0","03.コマンド","False"
"extrusion","124","275","4","0","Left","Top","1.2","Yu Gothic UI","Normal","Normal"
"Line","Black","1","0","03.コマンド","False"
"142","275","142.00000000000006","110"
"Text","Black","1","0","03.コマンド","False"
"revolution","143","275","4","0","Left","Top","1.2","Yu Gothic UI","Normal","Normal"
"Line","Black","1","0","03.コマンド","False"
"163","275","163.00000000000006","110"
"Text","Black","1","0","03.コマンド","False"
"sweep","164","275","4","0","Left","Top","1.2","Yu Gothic UI","Normal","Normal"
"Line","Black","1","0","03.コマンド","False"
"178","275","178.00000000000006","110"
"Arc","Black","1","0","03.コマンド","False"
"FILL","False","AliceBlue","56","267","1.4142135623730951","0","6.283185307179586"
"Arc","Black","1","0","03.コマンド","False"
"FILL","False","AliceBlue","82","267","1.4142135623730951","0","6.283185307179586"
"Arc","Black","1","0","03.コマンド","False"
"FILL","False","AliceBlue","97","267","1.4142135623730951","0","6.283185307179586"
"Arc","Black","1","0","03.コマンド","False"
"FILL","False","AliceBlue","114","267","1.4142135623730951","0","6.283185307179586"
"Arc","Black","1","0","03.コマンド","False"
"FILL","False","AliceBlue","131","267","1.4142135623730951","0","6.283185307179586"
"Arc","Black","1","0","03.コマンド","False"
"FILL","False","AliceBlue","151","267","1.4142135623730951","0","6.283185307179586"
"Arc","Black","1","0","03.コマンド","False"
"FILL","False","AliceBlue","170","267","1.4142135623730951","0","6.283185307179586"
"Arc","Black","1","0","03.コマンド","False"
"FILL","False","AliceBlue","55","257","1.4142135623730951","0","6.283185307179586"
"Arc","Black","1","0","03.コマンド","False"
"FILL","False","AliceBlue","114","257","1.4142135623730951","0","6.283185307179586"
"Arc","Black","1","0","03.コマンド","False"
"FILL","False","AliceBlue","131","257","1.4142135623730951","0","6.283185307179586"
"Arc","Black","1","0","03.コマンド","False"
"FILL","False","AliceBlue","152","257","1.4142135623730951","0","6.283185307179586"
"Arc","Black","1","0","03.コマンド","False"
"FILL","False","AliceBlue","170","257","1.4142135623730951","0","6.283185307179586"
"Arc","Black","1","0","03.コマンド","False"
"FILL","False","AliceBlue","55","252","1.4142135623730951","0","6.283185307179586"
"Arc","Black","1","0","03.コマンド","False"
"FILL","False","AliceBlue","69","252","1.4142135623730951","0","6.283185307179586"
"Arc","Black","1","0","03.コマンド","False"
"FILL","False","AliceBlue","82","252","1.4142135623730951","0","6.283185307179586"
"Arc","Black","1","0","03.コマンド","False"
"FILL","False","AliceBlue","114","252","1.4142135623730951","0","6.283185307179586"
"Arc","Black","1","0","03.コマンド","False"
"FILL","False","AliceBlue","69","257","1.4142135623730951","0","6.283185307179586"
"Arc","Black","1","0","03.コマンド","False"
"FILL","False","AliceBlue","69","267","1.4142135623730951","0","6.283185307179586"
"Arc","Black","1","0","03.コマンド","False"
"FILL","False","AliceBlue","82","257","1.4142135623730951","0","6.283185307179586"
"Arc","Black","1","0","03.コマンド","False"
"FILL","False","AliceBlue","97","252","1.4142135623730951","0","6.283185307179586"
"Arc","Black","1","0","03.コマンド","False"
"FILL","False","AliceBlue","97","257","1.4142135623730951","0","6.283185307179586"
"Arc","Black","1","0","03.コマンド","False"
"FILL","False","AliceBlue","131","252","1.4142135623730951","0","6.283185307179586"
"Arc","Black","1","0","03.コマンド","False"
"FILL","False","AliceBlue","152","252","1.4142135623730951","0","6.283185307179586"
"Arc","Black","1","0","03.コマンド","False"
"FILL","False","AliceBlue","170","252","1.4142135623730951","0","6.283185307179586"
"Arc","Black","1","0","03.コマンド","False"
"FILL","False","AliceBlue","55","247","1.4142135623730951","0","6.283185307179586"
"Arc","Black","1","0","03.コマンド","False"
"FILL","False","AliceBlue","69","247","1.4142135623730951","0","6.283185307179586"
"Arc","Black","1","0","03.コマンド","False"
"FILL","False","AliceBlue","82","247","1.4142135623730951","0","6.283185307179586"
"Arc","Black","1","0","03.コマンド","False"
"FILL","False","AliceBlue","97","247","1.4142135623730951","0","6.283185307179586"
"Arc","Black","1","0","03.コマンド","False"
"FILL","False","AliceBlue","114","247","1.4142135623730951","0","6.283185307179586"
"Arc","Black","1","0","03.コマンド","False"
"FILL","False","AliceBlue","55","242","1.4142135623730951","0","6.283185307179586"
"Arc","Black","1","0","03.コマンド","False"
"FILL","False","AliceBlue","69","242","1.4142135623730951","0","6.283185307179586"
"Arc","Black","1","0","03.コマンド","False"
"FILL","False","AliceBlue","82","242","1.4142135623730951","0","6.283185307179586"
"Arc","Black","1","0","03.コマンド","False"
"FILL","False","AliceBlue","97","242","1.4142135623730951","0","6.283185307179586"
"Arc","Black","1","0","03.コマンド","False"
"FILL","False","AliceBlue","114","242","1.4142135623730951","0","6.283185307179586"
"Arc","Black","1","0","03.コマンド","False"
"FILL","False","AliceBlue","131","242","1.4142135623730951","0","6.283185307179586"
"Arc","Black","1","0","03.コマンド","False"
"FILL","False","AliceBlue","152","242","1.4142135623730951","0","6.283185307179586"
"Arc","Black","1","0","03.コマンド","False"
"FILL","False","AliceBlue","170","242","1.4142135623730951","0","6.283185307179586"
"Arc","Black","1","0","03.コマンド","False"
"FILL","False","AliceBlue","69","237","1.4142135623730951","0","6.283185307179586"
"Arc","Black","1","0","03.コマンド","False"
"FILL","False","AliceBlue","82","237","1.4142135623730951","0","6.283185307179586"
"Arc","Black","1","0","03.コマンド","False"
"FILL","False","AliceBlue","97","237","1.4142135623730951","0","6.283185307179586"
"Arc","Black","1","0","03.コマンド","False"
"FILL","False","AliceBlue","114","237","1.4142135623730951","0","6.283185307179586"
"Arc","Black","1","0","03.コマンド","False"
"FILL","False","AliceBlue","131","237","1.4142135623730951","0","6.283185307179586"
"Arc","Black","1","0","03.コマンド","False"
"FILL","False","AliceBlue","152","237","1.4142135623730951","0","6.283185307179586"
"Arc","Black","1","0","03.コマンド","False"
"FILL","False","AliceBlue","170","237","1.4142135623730951","0","6.283185307179586"
"Text","Black","1","0","03.コマンド","False"
"作成","21","270","4","0","Left","Top","1.2","Yu Gothic UI","Normal","Normal"
"Text","Black","1","0","03.コマンド","False"
"2D編集","21","265","4","0","Left","Top","1.2","Yu Gothic UI","Normal","Normal"
"Text","Black","1","0","03.コマンド","False"
"移動","23","260","4","0","Left","Top","1.2","Yu Gothic UI","Normal","Normal"
"Text","Black","1","0","03.コマンド","False"
"回転","23","255","4","0","Left","Top","1.2","Yu Gothic UI","Normal","Normal"
"Text","Black","1","0","03.コマンド","False"
"オフセット","24","250","4","0","Left","Top","1.2","Yu Gothic UI","Normal","Normal"
"Text","Black","1","0","03.コマンド","False"
"反転","23","245","4","0","Left","Top","1.2","Yu Gothic UI","Normal","Normal"
"Text","Black","1","0","03.コマンド","False"
"トリム","23","240","4","0","Left","Top","1.2","Yu Gothic UI","Normal","Normal"
"Line","Black","1","0","03.コマンド","False"
"19.99999999999997","270","178.00000000000009","270"
"Line","Black","1","0","03.コマンド","False"
"20.000000000000043","145","178.00000000000009","145"
"Line","Black","1","0","03.コマンド","False"
"20.000000000000043","140","178.00000000000009","140"
"Line","Black","1","0","03.コマンド","False"
"20.000000000000043","135","178.00000000000009","135"
"Line","Black","1","0","03.コマンド","False"
"20.000000000000043","130","178.00000000000009","130"
"Line","Black","1","0","03.コマンド","False"
"20.000000000000043","125","178.00000000000009","125"
"Line","Black","1","0","03.コマンド","False"
"20.000000000000043","120","178.00000000000006","120"
"Line","Black","1","0","03.コマンド","False"
"20.000000000000043","115","178.00000000000009","115"
"Line","Black","1","0","03.コマンド","False"
"20.000000000000043","110","178.0000000000001","110"
"Line","Black","1","0","03.コマンド","False"
"19.999999999999968","275","178.00000000000006","275"
"Line","Black","1","0","03.コマンド","False"
"19.99999999999997","265","178.00000000000006","265"
"Line","Black","1","0","03.コマンド","False"
"19.99999999999997","260","178","260"
"Line","Black","1","0","03.コマンド","False"
"19.999999999999975","255","177.99999999999997","255"
"Line","Black","1","0","03.コマンド","False"
"19.999999999999975","250","178","250"
"Line","Black","1","0","03.コマンド","False"
"19.999999999999975","245","178.00000000000003","245"
"Line","Black","1","0","03.コマンド","False"
"19.999999999999975","240","178.00000000000009","240"
"Line","Black","1","0","03.コマンド","False"
"19.999999999999982","235","178.00000000000006","235"
"Line","Black","1","0","03.コマンド","False"
"19.999999999999982","230","178","230"
"Line","Black","1","0","03.コマンド","False"
"19.999999999999982","225","178.00000000000006","225"
"Line","Black","1","0","03.コマンド","False"
"19.999999999999982","220","178","220"
"Line","Black","1","0","03.コマンド","False"
"19.999999999999986","215","178.00000000000006","215"
"Line","Black","1","0","03.コマンド","False"
"19.999999999999986","210","178.00000000000009","210"
"Line","Black","1","0","03.コマンド","False"
"19.999999999999986","205","178.00000000000003","205"
"Line","Black","1","0","03.コマンド","False"
"19.999999999999986","200","178.00000000000009","200"
"Line","Black","1","0","03.コマンド","False"
"19.99999999999999","195","178.00000000000009","195"
"Line","Black","1","0","03.コマンド","False"
"19.99999999999999","190","178.00000000000006","190"
"Line","Black","1","0","03.コマンド","False"
"19.99999999999999","185","178.00000000000009","185"
"Line","Black","1","0","03.コマンド","False"
"19.999999999999993","180","178.00000000000009","180"
"Line","Black","1","0","03.コマンド","False"
"19.999999999999996","175","178.00000000000009","175"
"Line","Black","1","0","03.コマンド","False"
"19.999999999999996","170","178.00000000000009","170"
"Line","Black","1","0","03.コマンド","False"
"20.000000000000046","165","178.00000000000009","165"
"Line","Black","1","0","03.コマンド","False"
"20.000000000000043","160","178.00000000000006","160"
"Line","Black","1","0","03.コマンド","False"
"20.000000000000043","155","178.00000000000006","155"
"Line","Black","1","0","03.コマンド","False"
"20.000000000000043","150","178.00000000000006","150"
"Text","Black","1","0","03.コマンド","False"
"コマンドとプリミティブの関係","11","290","5","0","Left","Top","1.2","Yu Gothic UI","Normal","Normal"
"Parts","Black","1","0","05.編集コマンド","False"
"name","__A4枠","line","0","0","210","0","line","210","0","210","297","line","210","297","0","297","line","0","297","0","0","textSize","12","textRotate","0","fontFamily","","fontStyle","Normal","fontWeight","Normal","linePitchRate","1.2","arrowSize","6","arrowAngle","0.5235987755982988"
"Text","Black","1","0","05.編集コマンド","False"
"編集コマンド","10","291","5","0","Left","Top","1.2","Yu Gothic UI","Normal","Normal"
"Text","Black","1","0","05.編集コマンド","False"
"移動","10","280","4","0","Left","Top","1.2","Yu Gothic UI","Normal","Normal"
"Polygon","Black","1","0","05.編集コマンド","False"
"FILL","False","AliceBlue","30","270","50","270","50","259","30","259"
"Parts","Black","1","0","05.編集コマンド","False"
"name","__四角","line","29","266","31","266","line","31","266","31","264","line","31","264","29","264","line","29","264","29","266","textSize","12","textRotate","0","fontFamily","","fontStyle","Normal","fontWeight","Normal","linePitchRate","1.2","arrowSize","6","arrowAngle","0.5235987755982988"
"Parts","Black","1","0","05.編集コマンド","False"
"name","__プラス","line","41","253","41","251","line","40","252","42","252","textSize","12","textRotate","0","fontFamily","","fontStyle","Normal","fontWeight","Normal","linePitchRate","1.2","arrowSize","6","arrowAngle","0.5235987755982988"
"Parts","Black","1","0","05.編集コマンド","False"
"name","__プラス","line","67","253","67","251","line","66","252","68","252","textSize","12","textRotate","0","fontFamily","","fontStyle","Normal","fontWeight","Normal","linePitchRate","1.2","arrowSize","6","arrowAngle","0.5235987755982988"
"Polygon","Black","1","0","05.編集コマンド","False"
"FILL","False","AliceBlue","56","270","76","270","76","259","56","259"
"Parts","Black","1","0","05.編集コマンド","False"
"name","矢印","line","63","252","45","252","line","63","252","61.267949192431125","251","line","63","252","61.267949192431125","253","textSize","12","textRotate","0","fontFamily","Yu Gothic UI","fontStyle","Normal","fontWeight","Normal","linePitchRate","1.2","arrowSize","2","arrowAngle","0.5235987755982988"
"Text","Black","1","0","05.編集コマンド","False"
"1点目","37","250","3.5","0","Left","Top","1.2","Yu Gothic UI","Normal","Normal"
"Text","Black","1","0","05.編集コマンド","False"
"2点目","64","250","3.5","0","Left","Top","1.2","Yu Gothic UI","Normal","Normal"
"Text","Black","1","0","05.編集コマンド","False"
"ピック","21","264","3.5","0","Left","Top","1.2","Yu Gothic UI","Normal","Normal"
"Text","Black","1","0","05.編集コマンド","False"
"回転","11","240","4","0","Left","Top","1.2","Yu Gothic UI","Normal","Normal"
"Polygon","Black","1","0","05.編集コマンド","False"
"FILL","False","AliceBlue","54","232","74","232","74","221","54","221"
"Parts","Black","1","0","05.編集コマンド","False"
"name","__四角","line","53","228","55","228","line","55","228","55","226","line","55","226","53","226","line","53","226","53","228","textSize","12","textRotate","0","fontFamily","","fontStyle","Normal","fontWeight","Normal","linePitchRate","1.2","arrowSize","6","arrowAngle","0.5235987755982988"
"Text","Black","1","0","05.編集コマンド","False"
"ピック","45","226","3.5","0","Left","Top","1.2","Yu Gothic UI","Normal","Normal"
"Parts","Black","1","0","05.編集コマンド","False"
"name","__プラス","line","79","215","79","213","line","78","214","80","214","textSize","12","textRotate","0","fontFamily","","fontStyle","Normal","fontWeight","Normal","linePitchRate","1.2","arrowSize","6","arrowAngle","0.5235987755982988"
"Parts","Black","1","0","05.編集コマンド","False"
"name","__プラス","line","47","217","47","215","line","46","216","48","216","textSize","12","textRotate","0","fontFamily","","fontStyle","Normal","fontWeight","Normal","linePitchRate","1.2","arrowSize","6","arrowAngle","0.5235987755982988"
"Polygon","Black","1","0","05.編集コマンド","False"
"FILL","False","AliceBlue","51.92879278081915","199.22769662796787","60.26188699068342","217.40899308585355","70.26160004252054","212.82579127042823","61.92850583265628","194.64449481254252"
"Parts","Black","1","0","05.編集コマンド","False"
"name","__プラス","line","62.64818215078092","186.6144222103097","64.46631179656949","185.78111278932326","line","63.14059226318199","185.28870267692218","63.97390168416842","187.10683232271077","textSize","12","textRotate","0","fontFamily","","fontStyle","Normal","fontWeight","Normal","linePitchRate","1.2","arrowSize","6","arrowAngle","0.5235987755982988"
"Arc","Black","1","0","05.編集コマンド","False"
"FILL","False","AliceBlue","79","213.5","31.865252477737275","3.2149899794914045","4.083592693969257"
"Line","Black","1","0","05.編集コマンド","False"
"60.25776035332529","187.7294204858223","60","189"
"Line","Black","1","0","05.編集コマンド","False"
"60.25776035332528","187.7294204858223","59.1901385321178","187.66112616895"
"Text","Black","1","0","05.編集コマンド","False"
"1点目(回転中心)","82","215","3.5","0","Left","Top","1.2","Yu Gothic UI","Normal","Normal"
"Text","Black","1","0","05.編集コマンド","False"
"2点目(始点)","26","219","3.5","0","Left","Top","1.2","Yu Gothic UI","Normal","Normal"
"Text","Black","1","0","05.編集コマンド","False"
"3点目(終点)","66","188","3.5","0","Left","Top","1.2","Yu Gothic UI","Normal","Normal"
"Text","Black","1","0","05.編集コマンド","False"
"オフセット","10","180","4","0","Left","Top","1.2","Yu Gothic UI","Normal","Normal"
"Polyline","Black","1","0","05.編集コマンド","False"
"30","170","27","164","36","161","36","153"
"Parts","Black","1","0","05.編集コマンド","False"
"name","__四角","line","35","157","37","157","line","37","157","37","155","line","37","155","35","155","line","35","155","35","157","textSize","12","textRotate","0","fontFamily","","fontStyle","Normal","fontWeight","Normal","linePitchRate","1.2","arrowSize","6","arrowAngle","0.5235987755982988"
"Parts","Black","1","0","05.編集コマンド","False"
"name","__プラス","line","36","150","36","148","line","35","149","37","149","textSize","12","textRotate","0","fontFamily","","fontStyle","Normal","fontWeight","Normal","linePitchRate","1.2","arrowSize","6","arrowAngle","0.5235987755982988"
"Polyline","Black","1","0","05.編集コマンド","False"
"33.57770876399967","168.21114561800016","32.64027519581013","166.33627848162112","40.00000000000001","163.8830368802245","40","153"
"Parts","Black","1","0","05.編集コマンド","False"
"name","__プラス","line","40","150","40","148","line","39","149","41","149","textSize","12","textRotate","0","fontFamily","","fontStyle","Normal","fontWeight","Normal","linePitchRate","1.2","arrowSize","6","arrowAngle","0.5235987755982988"
"Parts","Black","1","0","05.編集コマンド","False"
"name","矢印","line","39","152","36","152","line","39","152","37.267949192431125","151","line","39","152","37.267949192431125","153","textSize","12","textRotate","0","fontFamily","Yu Gothic UI","fontStyle","Normal","fontWeight","Normal","linePitchRate","1.2","arrowSize","2","arrowAngle","0.5235987755982988"
"Text","Black","1","0","05.編集コマンド","False"
"ピック","26","158","3.5","0","Left","Top","1.2","Yu Gothic UI","Normal","Normal"
"Text","Black","1","0","05.編集コマンド","False"
"1点目","29","148","3.5","0","Left","Top","1.2","Yu Gothic UI","Normal","Normal"
"Text","Black","1","0","05.編集コマンド","False"
"2点目","39","148","3.5","0","Left","Top","1.2","Yu Gothic UI","Normal","Normal"
"Polygon","Black","1","0","05.編集コマンド","False"
"FILL","False","AliceBlue","69","169","63","162","70","154","79","154","78","165"
"Polygon","Black","1","0","05.編集コマンド","False"
"FILL","False","AliceBlue","67.63306484091645","175.05664372419002","56.41284990545381","161.96639296615027","67.74047652913148","149.0205339676615","84.4526787302126","149.0205339676615","82.69429418019604","168.36276401784352"
"Parts","Black","1","0","05.編集コマンド","False"
"name","__四角","line","77","164","79","164","line","79","164","79","162","line","79","162","77","162","line","77","162","77","164","textSize","12","textRotate","0","fontFamily","","fontStyle","Normal","fontWeight","Normal","linePitchRate","1.2","arrowSize","6","arrowAngle","0.5235987755982988"
"Text","Black","1","0","05.編集コマンド","False"
"ピック","68","165","3.5","0","Left","Top","1.2","Yu Gothic UI","Normal","Normal"
"Parts","Black","1","0","05.編集コマンド","False"
"name","__プラス","line","82","158","82","156","line","81","157","83","157","textSize","12","textRotate","0","fontFamily","","fontStyle","Normal","fontWeight","Normal","linePitchRate","1.2","arrowSize","6","arrowAngle","0.5235987755982988"
"Parts","Black","1","0","05.編集コマンド","False"
"name","__プラス","line","88","158","88","156","line","87","157","89","157","textSize","12","textRotate","0","fontFamily","","fontStyle","Normal","fontWeight","Normal","linePitchRate","1.2","arrowSize","6","arrowAngle","0.5235987755982988"
"Parts","Black","1","0","05.編集コマンド","False"
"name","矢印","line","82","160","79","160","line","82","160","80.26794919243113","159","line","82","160","80.26794919243113","161","textSize","12","textRotate","0","fontFamily","Yu Gothic UI","fontStyle","Normal","fontWeight","Normal","linePitchRate","1.2","arrowSize","2","arrowAngle","0.5235987755982988"
"Text","Black","1","0","05.編集コマンド","False"
"1点目","76","156","3.5","0","Left","Top","1.2","Yu Gothic UI","Normal","Normal"
"Text","Black","1","0","05.編集コマンド","False"
"2点目","88","156","3.5","0","Left","Top","1.2","Yu Gothic UI","Normal","Normal"
"Text","Black","1","0","05.編集コマンド","False"
"反転","10","140","4","0","Left","Top","1.2","Yu Gothic UI","Normal","Normal"
"Polygon","Black","1","0","05.編集コマンド","False"
"FILL","False","AliceBlue","36","132","24","124","23","118","37","113"
"Parts","Black","1","0","05.編集コマンド","False"
"name","__四角","line","36","122","38","122","line","38","122","38","120","line","38","120","36","120","line","36","120","36","122","textSize","12","textRotate","0","fontFamily","","fontStyle","Normal","fontWeight","Normal","linePitchRate","1.2","arrowSize","6","arrowAngle","0.5235987755982988"
"Text","Black","1","0","05.編集コマンド","False"
"ピック","27","123","3.5","0","Left","Top","1.2","Yu Gothic UI","Normal","Normal"
"Parts","Black","1","0","05.編集コマンド","False"
"name","__プラス","line","50","133","50","131","line","49","132","51","132","textSize","12","textRotate","0","fontFamily","","fontStyle","Normal","fontWeight","Normal","linePitchRate","1.2","arrowSize","6","arrowAngle","0.5235987755982988"
"Parts","Black","1","0","05.編集コマンド","False"
"name","__プラス","line","49","112","49","110","line","48","111","50","111","textSize","12","textRotate","0","fontFamily","","fontStyle","Normal","fontWeight","Normal","linePitchRate","1.2","arrowSize","6","arrowAngle","0.5235987755982988"
"Polygon","Black","1","0","05.編集コマンド","False"
"FILL","False","AliceBlue","63.9366515837104","130.66968325791856","75.12217194570135","121.56561085972851","75.5475113122172","115.49773755656108","61.135746606334834","111.85067873303166"
"Arc","Black","1","0","05.編集コマンド","False"
"FILL","False","AliceBlue","49.89473684210526","117.78947368421052","16.5052665145002","0.8327667664632213","2.2136596805726048"
"Line","Black","1","0","05.編集コマンド","False"
"61","131","61","130"
"Line","Black","1","0","05.編集コマンド","False"
"61","130","60","130"
"Text","Black","1","0","05.編集コマンド","False"
"2点目","50","111","3.5","0","Left","Top","1.2","Yu Gothic UI","Normal","Normal"
"Text","Black","1","0","05.編集コマンド","False"
"1点目","50","131","3.5","0","Left","Top","1.2","Yu Gothic UI","Normal","Normal"
"Line","Black","1","2","05.編集コマンド","False"
"50","132","49","111"
"Text","Black","1","0","05.編集コマンド","False"
"トリム","11","100","4","0","Left","Top","1.2","Yu Gothic UI","Normal","Normal"
"Line","Black","1","0","05.編集コマンド","False"
"30","90","49","70"
"Parts","Black","1","0","05.編集コマンド","False"
"name","__四角","line","39","81","41","81","line","41","81","41","79","line","41","79","39","79","line","39","79","39","81","textSize","12","textRotate","0","fontFamily","","fontStyle","Normal","fontWeight","Normal","linePitchRate","1.2","arrowSize","6","arrowAngle","0.5235987755982988"
"Parts","Black","1","0","05.編集コマンド","False"
"name","__プラス","line","35","89","35","87","line","34","88","36","88","textSize","12","textRotate","0","fontFamily","","fontStyle","Normal","fontWeight","Normal","linePitchRate","1.2","arrowSize","6","arrowAngle","0.5235987755982988"
"Parts","Black","1","0","05.編集コマンド","False"
"name","__プラス","line","44","80","44","78","line","43","79","45","79","textSize","12","textRotate","0","fontFamily","","fontStyle","Normal","fontWeight","Normal","linePitchRate","1.2","arrowSize","6","arrowAngle","0.5235987755982988"
"Line","Black","1","0","05.編集コマンド","False"
"53.370565045992116","86.45203679369251","62.13403416557162","77.22733245729303"
"Parts","Black","1","0","05.編集コマンド","False"
"name","矢印","line","55","82","43","82","line","55","82","53.267949192431125","81","line","55","82","53.267949192431125","83","textSize","12","textRotate","0","fontFamily","Yu Gothic UI","fontStyle","Normal","fontWeight","Normal","linePitchRate","1.2","arrowSize","2","arrowAngle","0.5235987755982988"
"Text","Black","1","0","05.編集コマンド","False"
"ピック","31","80","3.5","0","Left","Top","1.2","Yu Gothic UI","Normal","Normal"
"Text","Black","1","0","05.編集コマンド","False"
"1点目","36","93","3.5","0","Left","Top","1.2","Yu Gothic UI","Normal","Normal"
"Text","Black","1","0","05.編集コマンド","False"
"2点目","46","80","3.5","0","Left","Top","1.2","Yu Gothic UI","Normal","Normal"
"Line","Black","1","0","05.編集コマンド","False"
"75","87","96","74"
"Line","Black","1","0","05.編集コマンド","False"
"80","90","80","70"
"Line","Black","1","0","05.編集コマンド","False"
"90","90","90","70"
"Parts","Black","1","0","05.編集コマンド","False"
"name","__四角","line","84","82","86","82","line","86","82","86","80","line","86","80","84","80","line","84","80","84","82","textSize","12","textRotate","0","fontFamily","","fontStyle","Normal","fontWeight","Normal","linePitchRate","1.2","arrowSize","6","arrowAngle","0.5235987755982988"
"Text","Black","1","0","05.編集コマンド","False"
"ピック","81","80","3.5","0","Left","Top","1.2","Yu Gothic UI","Normal","Normal"
"Parts","Red","1","0","05.編集コマンド","False"
"name","__プラス","line","90.00000000000001","78.71428571428572","90.00000000000001","76.71428571428572","line","89.00000000000001","77.71428571428572","91.00000000000001","77.71428571428572","textSize","12","textRotate","0","fontFamily","","fontStyle","Normal","fontWeight","Normal","linePitchRate","1.2","arrowSize","6","arrowAngle","0.5235987755982988"
"Parts","Red","1","0","05.編集コマンド","False"
"name","__プラス","line","80","85","80","83","line","79","84","81","84","textSize","12","textRotate","0","fontFamily","","fontStyle","Normal","fontWeight","Normal","linePitchRate","1.2","arrowSize","6","arrowAngle","0.5235987755982988"
"Text","Black","1","0","05.編集コマンド","False"
"1点目","69","84","3.5","0","Left","Top","1.2","Yu Gothic UI","Normal","Normal"
"Text","Black","1","0","05.編集コマンド","False"
"2点目","92","82","3.5","0","Left","Top","1.2","Yu Gothic UI","Normal","Normal"
"Line","Black","1","0","05.編集コマンド","False"
"109","90","109","70"
"Line","Black","1","0","05.編集コマンド","False"
"119","90","119","70"
"Line","Black","1","0","05.編集コマンド","False"
"109","83.9047619047619","119","77.71428571428571"
"Parts","Black","1","0","05.編集コマンド","False"
"name","矢印","line","104","83","95","83","line","104","83","102.26794919243112","82","line","104","83","102.26794919243112","84","textSize","12","textRotate","0","fontFamily","Yu Gothic UI","fontStyle","Normal","fontWeight","Normal","linePitchRate","1.2","arrowSize","2","arrowAngle","0.5235987755982988"
"Text","Black","1","0","05.編集コマンド","False"
"拡大縮小","10","64","4","0","Left","Top","1.2","Yu Gothic UI","Normal","Normal"
"Polygon","Black","1","0","05.編集コマンド","False"
"FILL","False","AliceBlue","50","56","35","31","64","30"
"Parts","Black","1","0","05.編集コマンド","False"
"name","__四角","line","41","44","43","44","line","43","44","43","42","line","43","42","41","42","line","41","42","41","44","textSize","12","textRotate","0","fontFamily","","fontStyle","Normal","fontWeight","Normal","linePitchRate","1.2","arrowSize","6","arrowAngle","0.5235987755982988"
"Parts","Black","1","0","05.編集コマンド","False"
"name","__プラス","line","37","27","37","25","line","36","26","38","26","textSize","12","textRotate","0","fontFamily","","fontStyle","Normal","fontWeight","Normal","linePitchRate","1.2","arrowSize","6","arrowAngle","0.5235987755982988"
"Parts","Black","1","0","05.編集コマンド","False"
"name","__プラス","line","53","39","53","37","line","52","38","54","38","textSize","12","textRotate","0","fontFamily","","fontStyle","Normal","fontWeight","Normal","linePitchRate","1.2","arrowSize","6","arrowAngle","0.5235987755982988"
"Parts","Black","1","0","05.編集コマンド","False"
"name","__プラス","line","59","43","59","41","line","58","42","60","42","textSize","12","textRotate","0","fontFamily","","fontStyle","Normal","fontWeight","Normal","linePitchRate","1.2","arrowSize","6","arrowAngle","0.5235987755982988"
"Parts","Black","1","0","05.編集コマンド","False"
"name","__プラス","line","93","17","93","15","line","92","16","94","16","textSize","12","textRotate","0","fontFamily","","fontStyle","Normal","fontWeight","Normal","linePitchRate","1.2","arrowSize","6","arrowAngle","0.5235987755982988"
"Parts","Black","1","0","05.編集コマンド","False"
"name","__プラス","line","109","29","109","27","line","108","28","110","28","textSize","12","textRotate","0","fontFamily","","fontStyle","Normal","fontWeight","Normal","linePitchRate","1.2","arrowSize","6","arrowAngle","0.5235987755982988"
"Parts","Black","1","0","05.編集コマンド","False"
"name","__プラス","line","115","33","115","31","line","114","32","116","32","textSize","12","textRotate","0","fontFamily","","fontStyle","Normal","fontWeight","Normal","linePitchRate","1.2","arrowSize","6","arrowAngle","0.5235987755982988"
"Polygon","Black","1","0","05.編集コマンド","False"
"FILL","False","AliceBlue","110.94576899996207","57.413313076835564","90.2391124615443","22.902218846139263","130.271981769152","21.52177507691141"
"Polygon","Black","1","1","05.編集コマンド","False"
"FILL","False","AliceBlue","106","46","91","21","120","20"
"Text","Black","1","0","05.編集コマンド","False"
"1点目","38","26","3.5","0","Left","Top","1.2","Yu Gothic UI","Normal","Normal"
"Text","Black","1","0","05.編集コマンド","False"
"2点目","44","38","3.5","0","Left","Top","1.2","Yu Gothic UI","Normal","Normal"
"Text","Black","1","0","05.編集コマンド","False"
"3点目","59","47","3.5","0","Left","Top","1.2","Yu Gothic UI","Normal","Normal"
"Parts","Black","1","0","05.編集コマンド","False"
"name","矢印","line","118","39","113","36","line","118","39","117.02927444096251","37.25137428560845","line","118","39","116.00028293010746","38.96636013703354","textSize","12","textRotate","0","fontFamily","Yu Gothic UI","fontStyle","Normal","fontWeight","Normal","linePitchRate","1.2","arrowSize","2","arrowAngle","0.5235987755982988"
"Parts","Black","1","0","05.編集コマンド","False"
"name","__矢印","line","76.25","38.5","79.25","38.5","line","79.25","38.5","79.25","40.5","line","79.25","40.5","81.75","37","line","81.75","37","79.25","33.5","line","79.25","33.5","79.25","35.5","line","79.25","35.5","76.25","35.5","line","76.25","35.5","76.25","38.5","textSize","12","textRotate","0","fontFamily","Yu Gothic UI","fontStyle","Normal","fontWeight","Normal","linePitchRate","1.2","arrowSize","6","arrowAngle","0.5235987755982988"
"Text","Black","1","0","05.編集コマンド","False"
"分割","99","280","4","0","Left","Top","1.2","Yu Gothic UI","Normal","Normal"
"Parts","Black","1","0","05.編集コマンド","False"
"name","__四角","line","113","268","115","268","line","115","268","115","266","line","115","266","113","266","line","113","266","113","268","textSize","12","textRotate","0","fontFamily","","fontStyle","Normal","fontWeight","Normal","linePitchRate","1.2","arrowSize","6","arrowAngle","0.5235987755982988"
"Parts","Black","1","0","05.編集コマンド","False"
"name","__プラス","line","120","263","120","261","line","119","262","121","262","textSize","12","textRotate","0","fontFamily","","fontStyle","Normal","fontWeight","Normal","linePitchRate","1.2","arrowSize","6","arrowAngle","0.5235987755982988"
"Text","Black","1","0","05.編集コマンド","False"
"ピック","105","266","3.5","0","Left","Top","1.2","Yu Gothic UI","Normal","Normal"
"Text","Black","1","0","05.編集コマンド","False"
"ロケイト点","122","265","3.5","0","Left","Top","1.2","Yu Gothic UI","Normal","Normal"
"Line","Black","1","0","05.編集コマンド","False"
"111","270","119.03117206982543","261.1234413965087"
"Line","Black","1","0","05.編集コマンド","False"
"119.03117206982543","261.1234413965087","130","249"
"Line","Black","1","0","05.編集コマンド","False"
"147","270","155.03117206982543","261.1234413965087"
"Line","Black","1","0","05.編集コマンド","False"
"156.03117206982543","260.1234413965087","167","248"
"Parts","Black","1","0","05.編集コマンド","False"
"name","__矢印","line","139.25","264.5","142.25","264.5","line","142.25","264.5","142.25","266.5","line","142.25","266.5","144.75","263","line","144.75","263","142.25","259.5","line","142.25","259.5","142.25","261.5","line","142.25","261.5","139.25","261.5","line","139.25","261.5","139.25","264.5","textSize","12","textRotate","0","fontFamily","Yu Gothic UI","fontStyle","Normal","fontWeight","Normal","linePitchRate","1.2","arrowSize","6","arrowAngle","0.5235987755982988"
"Parts","Black","1","0","05.編集コマンド","False"
"name","__四角","line","122","239","124","239","line","124","239","124","237","line","124","237","122","237","line","122","237","122","239","textSize","12","textRotate","0","fontFamily","","fontStyle","Normal","fontWeight","Normal","linePitchRate","1.2","arrowSize","6","arrowAngle","0.5235987755982988"
"Parts","Black","1","0","05.編集コマンド","False"
"name","__プラス","line","113","230","113","228","line","112","229","114","229","textSize","12","textRotate","0","fontFamily","","fontStyle","Normal","fontWeight","Normal","linePitchRate","1.2","arrowSize","6","arrowAngle","0.5235987755982988"
"Text","Black","1","0","05.編集コマンド","False"
"ロケイト点","101","236","3.5","0","Left","Top","1.2","Yu Gothic UI","Normal","Normal"
"Arc","Black","1","0","05.編集コマンド","False"
"FILL","False","AliceBlue","124","229","9.219544457292887","0","3.141592653589793"
"Arc","Black","1","0","05.編集コマンド","False"
"FILL","False","AliceBlue","124","229","9.219544457292887","3.141592653589793","6.283185307179586"
"Arc","Black","1","0","05.編集コマンド","False"
"FILL","False","AliceBlue","154","229","9.219544457292887","0","3.141592653589793"
"Arc","Black","1","0","05.編集コマンド","False"
"FILL","False","AliceBlue","154","228","9.219544457292887","3.141592653589793","6.283185307179586"
"Parts","Black","1","0","05.編集コマンド","False"
"name","__矢印","line","136.25","230.5","139.25","230.5","line","139.25","230.5","139.25","232.5","line","139.25","232.5","141.75","229","line","141.75","229","139.25","225.5","line","139.25","225.5","139.25","227.5","line","139.25","227.5","136.25","227.5","line","136.25","227.5","136.25","230.5","textSize","12","textRotate","0","fontFamily","Yu Gothic UI","fontStyle","Normal","fontWeight","Normal","linePitchRate","1.2","arrowSize","6","arrowAngle","0.5235987755982988"
"Text","Black","1","0","05.編集コマンド","False"
"接続","104","201","4","0","Left","Top","1.2","Yu Gothic UI","Normal","Normal"
"Polyline","Black","1","0","05.編集コマンド","False"
"92","190","92","170","123","170","123","190"
"Arc","Black","1","0","05.編集コマンド","False"
"FILL","False","AliceBlue","108.5","184.1153846153846","8.130772869513779","2.4971454712850156","6.927632489484364"
"Parts","Black","1","0","05.編集コマンド","False"
"name","__四角","line","91","189","93","189","line","93","189","93","187","line","93","187","91","187","line","91","187","91","189","textSize","12","textRotate","0","fontFamily","","fontStyle","Normal","fontWeight","Normal","linePitchRate","1.2","arrowSize","6","arrowAngle","0.5235987755982988"
"Parts","Black","1","0","05.編集コマンド","False"
"name","__四角","line","100","188","102","188","line","102","188","102","186","line","102","186","100","186","line","100","186","100","188","textSize","12","textRotate","0","fontFamily","","fontStyle","Normal","fontWeight","Normal","linePitchRate","1.2","arrowSize","6","arrowAngle","0.5235987755982988"
"Polyline","Black","1","0","05.編集コマンド","False"
"134","190","134","170","165","170","165","190"
"Arc","Black","1","0","05.編集コマンド","False"
"FILL","False","AliceBlue","150.5","184.1153846153846","8.130772869513779","2.4971454712850156","6.927632489484364"
"Line","Black","1","0","05.編集コマンド","False"
"134","190","144","189"
"Parts","Black","1","0","05.編集コマンド","False"
"name","__矢印","line","126.25","181.5","129.25","181.5","line","129.25","181.5","129.25","183.5","line","129.25","183.5","131.75","180","line","131.75","180","129.25","176.5","line","129.25","176.5","129.25","178.5","line","129.25","178.5","126.25","178.5","line","126.25","178.5","126.25","181.5","textSize","12","textRotate","0","fontFamily","Yu Gothic UI","fontStyle","Normal","fontWeight","Normal","linePitchRate","1.2","arrowSize","6","arrowAngle","0.5235987755982988"
"Polyline","Black","1","0","05.編集コマンド","False"
"174","190","174","170","205","170","205","190"
"Arc","Black","1","0","05.編集コマンド","False"
"FILL","False","AliceBlue","190.5","184.1153846153846","8.130772869513779","2.4971454712850156","6.927632489484364"
"Line","Black","1","0","05.編集コマンド","False"
"174","190","184","189"
"Parts","Black","1","0","05.編集コマンド","False"
"name","__矢印","line","166.25","181.5","169.25","181.5","line","169.25","181.5","169.25","183.5","line","169.25","183.5","171.75","180","line","171.75","180","169.25","176.5","line","169.25","176.5","169.25","178.5","line","169.25","178.5","166.25","178.5","line","166.25","178.5","166.25","181.5","textSize","12","textRotate","0","fontFamily","Yu Gothic UI","fontStyle","Normal","fontWeight","Normal","linePitchRate","1.2","arrowSize","6","arrowAngle","0.5235987755982988"
"Parts","Black","1","0","05.編集コマンド","False"
"name","__四角","line","144","179","146","179","line","146","179","146","177","line","146","177","144","177","line","144","177","144","179","textSize","12","textRotate","0","fontFamily","","fontStyle","Normal","fontWeight","Normal","linePitchRate","1.2","arrowSize","6","arrowAngle","0.5235987755982988"
"Line","Black","1","0","05.編集コマンド","False"
"197","189","205","190"
"Parts","Black","1","0","21.幾何データ","False"
"name","__A4枠","line","0","0","210","0","line","210","0","210","297","line","210","297","0","297","line","0","297","0","0","textSize","12","textRotate","0","fontFamily","","fontStyle","Normal","fontWeight","Normal","linePitchRate","1.2","arrowSize","6","arrowAngle","0.5235987755982988"
"Text","Black","1","0","21.幾何データ","False"
"幾何データの構造","9","291","4","0","Left","Top","1.2","Yu Gothic UI","Normal","Normal"
"Text","Black","1","0","21.幾何データ","False"
"Point3D\\n    double x\, y\, z","11","271","3.5","0","Left","Top","1.2","Yu Gothic UI","Normal","Normal"
"Line","Black","1","0","21.幾何データ","False"
"140","273","140","253"
"Line","Black","1","0","21.幾何データ","False"
"140","253","161","253"
"Line","Black","1","0","21.幾何データ","False"
"140","253","156","263"
"Point","Black","1","1","21.幾何データ","False"
"151","267"
"Line","Black","1","1","21.幾何データ","False"
"151","266","151","256"
"Line","Black","1","1","21.幾何データ","False"
"146","256","151","256"
"Line","Black","1","1","21.幾何データ","False"
"151","256","147","254"
"Text","Black","1","0","21.幾何データ","False"
"(x\,y\,z)","152","270","3.5","0","Left","Top","1.2","Yu Gothic UI","Normal","Normal"
"Text","Black","1","0","21.幾何データ","False"
"点や線などの幾何データの構造は点と線分を除いては純粋な3次元データではなく、\\n3次元データの中の2次元平面に描写した形で表されている","11","283","3.5","0","Left","Top","1.2","Yu Gothic UI","Normal","Normal"
"Line","Black","1","0","21.幾何データ","False"
"140","228","161","228"
"Line","Black","1","0","21.幾何データ","False"
"140","228","156","238"
"Line","Black","1","0","21.幾何データ","False"
"140","248","140","228"
"Parts","Black","1","0","21.幾何データ","False"
"name","矢印","line","157","245","149","238","line","157","245","156.43562809403846","243.3435023840158","line","157","245","155.28324503026855","244.66051159975282","textSize","12","textRotate","0","fontFamily","Yu Gothic UI","fontStyle","Normal","fontWeight","Normal","linePitchRate","1.2","arrowSize","1.75","arrowAngle","0.5235987755982988"
"Line","Black","1","1","21.幾何データ","False"
"149","237","149","231"
"Line","Black","1","1","21.幾何データ","False"
"149","231","146","229"
"Line","Black","1","1","21.幾何データ","False"
"146","231","149","231"
"Text","Black","1","0","21.幾何データ","False"
"mV","155","244","3.5","0","Left","Top","1.2","Yu Gothic UI","Normal","Normal"
"Text","Black","1","0","21.幾何データ","False"
"Line3D\\n    Point3D mSp          始点\\n    Point3D  mV            線分のベクトル","10","249","3.5","0","Left","Top","1.2","Yu Gothic UI","Normal","Normal"
"Text","Black","1","0","21.幾何データ","False"
"mSp","141","242","3.5","0","Left","Top","1.2","Yu Gothic UI","Normal","Normal"
"Text","Black","1","0","21.幾何データ","False"
"Arc3D\\n    Point3D mCp           平面座標中心\\n    Point3D mU             平面座標X軸の向き\\n    Point3D mV             平面座標Y軸向き(Uに対して垂直)\\n    double mR               円の半径\\n    double mSa             開始角\\n    double mEa             終了角","9","158","3.5","0","Left","Top","1.2","Yu Gothic UI","Normal","Normal"
"Line","Black","1","0","21.幾何データ","False"
"140","140","161","140"
"Line","Black","1","0","21.幾何データ","False"
"140","140","156","150"
"Line","Black","1","0","21.幾何データ","False"
"140","160","140","140"
"Ellipse","Black","1","0","21.幾何データ","False"
"146","149","4","2","0","6.283185307179586","0.5880026035475675"
"Line","Black","1","1","21.幾何データ","False"
"146","149","158","150"
"Line","Black","1","1","21.幾何データ","False"
"153","158","146","149"
"Text","Black","1","0","21.幾何データ","False"
"mU","159","153","3.5","0","Left","Top","1.2","Yu Gothic UI","Normal","Normal"
"Text","Black","1","0","21.幾何データ","False"
"mV","152","162","3.5","0","Left","Top","1.2","Yu Gothic UI","Normal","Normal"
"Text","Black","1","0","21.幾何データ","False"
"mCp","141","156","3.5","0","Left","Top","1.2","Yu Gothic UI","Normal","Normal"
"Line","Black","1","1","21.幾何データ","False"
"146","142","144","141"
"Line","Black","1","1","21.幾何データ","False"
"146","148","146","142"
"Text","Black","1","0","21.幾何データ","False"
"平面の座標を3D座標に変換\\n        P(u\,v) = c + u * x + v * y","16","123","3.5","0","Left","Top","1.2","Yu Gothic UI","Normal","Normal"
"Text","Black","1","0","21.幾何データ","False"
"3D座標から平面座標に変換\\n    3D座標 P(x\,y\,z)    2D座標 Q((s\,t)    2D平面 U(x\,y\,z) V(x\,y\,z)\\n    2D座標から3D座標を求める\\n        x = s * Ux + t * Vx\\n        y = s * Uy + t * Vy\\n        z = s * Uz + t * Vz\\n   これを逆変換して求める\\n         a = Uy * Vx - Ux * Vy\\n         b = Uz * Vy - Uy * Vz\\n         c = Ux * Vxz- Uz * Vx\\n  a != 0の時\\n        Qs = (Py * Vx - Px * Vy) / a\\n        Qt = (Px * Uy - Py * Ux) / a\\n  b != 0の時\\n        Qs = (Pz * Vy - Px * Vz) / b\\n        Qt = (Py * Uz - Pz * Uy) / b\\n  c != 0の時\\n        Qs = (Px * Vz - Pz * Vx) / a\\n        Qt = (Pz * Ux - Px * Uz) / a\\n","15","107","3.5","0","Left","Top","1.2","Yu Gothic UI","Normal","Normal"
"Point","Black","1","1","21.幾何データ","False"
"146","208"
"Line","Black","1","1","21.幾何データ","False"
"146.44413793103448","207.2703448275862","152.33379310344827","197.5944827586207"
"Parts","Black","1","0","21.幾何データ","False"
"name","矢印","line","146","208","139","189","line","146","208","146.2971183870194","206.27540710192378","line","146","208","144.65501793258943","206.88039147987163","textSize","12","textRotate","0","fontFamily","Yu Gothic UI","fontStyle","Normal","fontWeight","Normal","linePitchRate","1.2","arrowSize","1.75","arrowAngle","0.5235987755982988"
"Text","Black","1","0","21.幾何データ","False"
"P","145","213","3.5","0","Left","Top","1.2","Yu Gothic UI","Normal","Normal"
"Text","Black","1","0","21.幾何データ","False"
"t","147","194","3.5","0","Left","Top","1.2","Yu Gothic UI","Normal","Normal"
"Text","Black","1","0","21.幾何データ","False"
"C","153","198","3.5","0","Left","Top","1.2","Yu Gothic UI","Normal","Normal"
"Text","Black","1","0","21.幾何データ","False"
"x0","138","190","3.5","0","Left","Top","1.2","Yu Gothic UI","Normal","Normal"
"Text","Black","1","0","21.幾何データ","False"
"P - x0","132","202","3.5","0","Left","Top","1.2","Yu Gothic UI","Normal","Normal"
"Parts","Black","1","0","21.幾何データ","False"
"name","矢印","line","162","203","139","189","line","162","203","161.16037769271713","201.4645735507316","line","162","203","160.25047053564958","202.95942102305685","textSize","12","textRotate","0","fontFamily","Yu Gothic UI","fontStyle","Normal","fontWeight","Normal","linePitchRate","1.2","arrowSize","1.75","arrowAngle","0.5235987755982988"
"Text","Black","1","0","21.幾何データ","False"
"V","157","206","3.5","0","Left","Top","1.2","Yu Gothic UI","Normal","Normal"
"Text","Black","1","0","21.幾何データ","False"
"3D 線分に対する垂点\\nベクトルの直交     PC・V = 0\\n                           PC = p - (tc・V + x0)\\n                           (p - tc・V - x0)・V = 0\\n                           tc・ V^2 = p・V - x0・V\\n                           tc = 1 / V^2 - V (p -x0)\\nプログラムでは\\n    u = mSp → p \,  t = v * u / |v|^2","17","223","3.5","0","Left","Top","1.2","Yu Gothic UI","Normal","Normal"
"Parts","Black","1","0","22.幾何データ(2)","False"
"name","__A4枠","line","0","0","210","0","line","210","0","210","297","line","210","297","0","297","line","0","297","0","0","textSize","12","textRotate","0","fontFamily","","fontStyle","Normal","fontWeight","Normal","linePitchRate","1.2","arrowSize","6","arrowAngle","0.5235987755982988"
"Text","Black","1","0","22.幾何データ(2)","False"
"Polyline3D\\n    Point3D mCp                     平面座標中心\\n    Point3D mU                       平面座標X軸の向き\\n    Point3D mV                       平面座標Y軸向き(Uに対して垂直)\\n    List<PointD> mPolyline    座標点リスト(2D座標)","11","286","3.5","0","Left","Top","1.2","Yu Gothic UI","Normal","Normal"
"Text","Black","1","0","22.幾何データ(2)","False"
"Polygon3D\\n    Point3D mCp                     平面座標中心\\n    Point3D mU                       平面座標X軸の向き\\n    Point3D mV                       平面座標Y軸向き(Uに対して垂直)\\n    List<PointD> mPolygon    座標点リスト(2D座標)","11","215","3.5","0","Left","Top","1.2","Yu Gothic UI","Normal","Normal"
"Line","Black","1","0","22.幾何データ(2)","False"
"145","249","166","249"
"Line","Black","1","0","22.幾何データ(2)","False"
"145","249","161","259"
"Line","Black","1","0","22.幾何データ(2)","False"
"145","269","145","249"
"Line","Black","1","1","22.幾何データ(2)","False"
"151","258","163","259"
"Line","Black","1","1","22.幾何データ(2)","False"
"158","267","151","258"
"Text","Black","1","0","22.幾何データ(2)","False"
"mU","164","262","3.5","0","Left","Top","1.2","Yu Gothic UI","Normal","Normal"
"Text","Black","1","0","22.幾何データ(2)","False"
"mV","157","271","3.5","0","Left","Top","1.2","Yu Gothic UI","Normal","Normal"
"Text","Black","1","0","22.幾何データ(2)","False"
"mCp","146","265","3.5","0","Left","Top","1.2","Yu Gothic UI","Normal","Normal"
"Line","Black","1","1","22.幾何データ(2)","False"
"151","251","149","250"
"Line","Black","1","1","22.幾何データ(2)","False"
"151","257","151","251"
"Polyline","Black","1","0","22.幾何データ(2)","False"
"151","258","157","263","159","261","162","264","164","262"
"Text","Black","1","0","22.幾何データ(2)","False"
"mPolyline","168","271","3.5","0","Left","Top","1.2","Yu Gothic UI","Normal","Normal"
"Parts","Black","1","0","22.幾何データ(2)","False"
"name","矢印","line","164","263","168","267","line","164","263","164.45293332892942","264.69037019600586","line","164","263","165.69037019600586","263.4529333289294","textSize","12","textRotate","0","fontFamily","Yu Gothic UI","fontStyle","Normal","fontWeight","Normal","linePitchRate","1.2","arrowSize","1.75","arrowAngle","0.5235987755982988"
"Line","Black","1","0","22.幾何データ(2)","False"
"145","182","166","182"
"Line","Black","1","0","22.幾何データ(2)","False"
"145","182","161","192"
"Line","Black","1","0","22.幾何データ(2)","False"
"145","202","145","182"
"Line","Black","1","1","22.幾何データ(2)","False"
"151","191","163","192"
"Line","Black","1","1","22.幾何データ(2)","False"
"158","200","151","191"
"Text","Black","1","0","22.幾何データ(2)","False"
"mU","164","195","3.5","0","Left","Top","1.2","Yu Gothic UI","Normal","Normal"
"Text","Black","1","0","22.幾何データ(2)","False"
"mV","157","204","3.5","0","Left","Top","1.2","Yu Gothic UI","Normal","Normal"
"Text","Black","1","0","22.幾何データ(2)","False"
"mCp","146","198","3.5","0","Left","Top","1.2","Yu Gothic UI","Normal","Normal"
"Line","Black","1","1","22.幾何データ(2)","False"
"151","184","149","183"
"Line","Black","1","1","22.幾何データ(2)","False"
"151","190","151","184"
"Polygon","Black","1","0","22.幾何データ(2)","False"
"FILL","False","AliceBlue","151","191","156","196","160","198","161","195","158","193"
"Parts","Black","1","0","22.幾何データ(2)","False"
"name","矢印","line","161","197","168","200","line","161","197","162.04832576881947","198.40125411058418","line","161","197","162.737684541333","196.79275030805258","textSize","12","textRotate","0","fontFamily","Yu Gothic UI","fontStyle","Normal","fontWeight","Normal","linePitchRate","1.2","arrowSize","1.75","arrowAngle","0.5235987755982988"
"Text","Black","1","0","22.幾何データ(2)","False"
"mPolygon","168","204","3.5","0","Left","Top","1.2","Yu Gothic UI","Normal","Normal"
"Text","Black","1","0","22.幾何データ(2)","False"
"ExtrustionPrimitive (押出)\\n    Polygon3D mPolygon         端面の形状\\n    Point3D mVector                 押出ベクトル\\n    bool mClose                       端面が閉領域であれば端面を作成","10","161","3.5","0","Left","Top","1.2","Yu Gothic UI","Normal","Normal"
"Text","Black","1","0","22.幾何データ(2)","False"
"RevolutionPrimitive (回転体)\\n    Line3D mCenterLine          回転の中心線\\n    Polyline3D mOutLine         外形線\\n    double mSa                        回転の開始角\\n    double mEa                        回転の終了角\\n    double mDivideAngle        回転の分割角度\\n   (double mHighPicth)          螺旋のピッチ\\n   (double mRadiusPitch)       半径のピッチ","11","120","3.5","0","Left","Top","1.2","Yu Gothic UI","Normal","Normal"
"Text","Black","1","0","22.幾何データ(2)","False"
"SweepPrimitive (掃引)\\n    Polyline3D mOutLine1            外形線\\n    Polyline3D mOutLine2            外形線\\n    double mSa                            回転の開始角\\n    double mEa                            回転の終了角\\n    double mDivideAngle            回転の分解角度\\n   (PolylineD mPolyline)              断面形状","9","70","3.5","0","Left","Top","1.2","Yu Gothic UI","Normal","Normal"
"Text","Black","1","0","03.コマンド","False"
"拡大縮小","23","229.99999999999997","4","0","Left","Top","1.2","Yu Gothic UI","Normal","Normal"
"Arc","Black","1","0","03.コマンド","False"
"FILL","False","AliceBlue","55","226.99999999999997","1.4142135623730951","0","6.283185307179586"
"Arc","Black","1","0","03.コマンド","False"
"FILL","False","AliceBlue","69","226.99999999999997","1.4142135623730951","0","6.283185307179586"
"Arc","Black","1","0","03.コマンド","False"
"FILL","False","AliceBlue","82","226.99999999999997","1.4142135623730951","0","6.283185307179586"
"Arc","Black","1","0","03.コマンド","False"
"FILL","False","AliceBlue","97","226.99999999999997","1.4142135623730951","0","6.283185307179586"
"Arc","Black","1","0","03.コマンド","False"
"FILL","False","AliceBlue","114","226.99999999999997","1.4142135623730951","0","6.283185307179586"
"Arc","Black","1","0","03.コマンド","False"
"FILL","False","AliceBlue","131","226.99999999999997","1.4142135623730951","0","6.283185307179586"
"Arc","Black","1","0","03.コマンド","False"
"FILL","False","AliceBlue","152","226.99999999999997","1.4142135623730951","0","6.283185307179586"
"Arc","Black","1","0","03.コマンド","False"
"FILL","False","AliceBlue","170","226.99999999999997","1.4142135623730951","0","6.283185307179586"
"Text","Black","1","0","03.コマンド","False"
"分割","23.000000000000007","219.99999999999997","4","0","Left","Top","1.2","Yu Gothic UI","Normal","Normal"
"Text","Black","1","0","03.コマンド","False"
"接続","23.000000000000007","214.99999999999997","4","0","Left","Top","1.2","Yu Gothic UI","Normal","Normal"
"Text","Black","1","0","03.コマンド","False"
"属性変更","23.000000000000007","209.99999999999997","4","0","Left","Top","1.2","Yu Gothic UI","Normal","Normal"
"Text","Black","1","0","03.コマンド","False"
"一括属性変更","23.000000000000007","204.99999999999997","4","0","Left","Top","1.2","Yu Gothic UI","Normal","Normal"
"Text","Black","1","0","03.コマンド","False"
"2Dコピー","21.000000000000007","199.99999999999997","4","0","Left","Top","1.2","Yu Gothic UI","Normal","Normal"
"Text","Black","1","0","03.コマンド","False"
"移動","23.00000000000001","194.99999999999997","4","0","Left","Top","1.2","Yu Gothic UI","Normal","Normal"
"Text","Black","1","0","03.コマンド","False"
"回転","23.00000000000001","189.99999999999997","4","0","Left","Top","1.2","Yu Gothic UI","Normal","Normal"
"Text","Black","1","0","03.コマンド","False"
"オフセット","24.00000000000001","184.99999999999997","4","0","Left","Top","1.2","Yu Gothic UI","Normal","Normal"
"Text","Black","1","0","03.コマンド","False"
"反転","23.00000000000001","179.99999999999997","4","0","Left","Top","1.2","Yu Gothic UI","Normal","Normal"
"Text","Black","1","0","03.コマンド","False"
"トリム","23.00000000000001","174.99999999999997","4","0","Left","Top","1.2","Yu Gothic UI","Normal","Normal"
"Text","Black","1","0","03.コマンド","False"
"拡大縮小","23.00000000000001","169.99999999999997","4","0","Left","Top","1.2","Yu Gothic UI","Normal","Normal"
"Text","Black","1","0","03.コマンド","False"
"3D編集","21.000000000000014","154.99999999999997","4","0","Left","Top","1.2","Yu Gothic UI","Normal","Normal"
"Text","Black","1","0","03.コマンド","False"
"押出","23.000000000000007","149.99999999999997","4","0","Left","Top","1.2","Yu Gothic UI","Normal","Normal"
"Text","Black","1","0","03.コマンド","False"
"回転体","23.000000000000007","144.99999999999997","4","0","Left","Top","1.2","Yu Gothic UI","Normal","Normal"
"Text","Black","1","0","03.コマンド","False"
"掃引","23.000000000000007","139.99999999999997","4","0","Left","Top","1.2","Yu Gothic UI","Normal","Normal"
"Text","Black","1","0","03.コマンド","False"
"螺旋","23.000000000000007","134.99999999999997","4","0","Left","Top","1.2","Yu Gothic UI","Normal","Normal"
"Text","Black","1","0","03.コマンド","False"
"解除","23.000000000000007","129.99999999999997","4","0","Left","Top","1.2","Yu Gothic UI","Normal","Normal"
"Text","Black","1","0","03.コマンド","False"
"要素コピー","23.00000000000001","164.99999999999997","4","0","Left","Top","1.2","Yu Gothic UI","Normal","Normal"
"Text","Black","1","0","03.コマンド","False"
"要素貼付け","23.00000000000001","159.99999999999997","4","0","Left","Top","1.2","Yu Gothic UI","Normal","Normal"
"Arc","Black","1","0","03.コマンド","False"
"FILL","False","AliceBlue","69","217","1.4142135623730951","0","6.283185307179586"
"Arc","Black","1","0","03.コマンド","False"
"FILL","False","AliceBlue","82","217","1.4142135623730951","0","6.283185307179586"
"Arc","Black","1","0","03.コマンド","False"
"FILL","False","AliceBlue","97","217","1.4142135623730951","0","6.283185307179586"
"Arc","Black","1","0","03.コマンド","False"
"FILL","False","AliceBlue","114","217","1.4142135623730951","0","6.283185307179586"
"Arc","Black","1","0","03.コマンド","False"
"FILL","False","AliceBlue","69.00000000000003","212","1.4142135623730951","0","6.283185307179586"
"Arc","Black","1","0","03.コマンド","False"
"FILL","False","AliceBlue","82.00000000000003","212","1.4142135623730951","0","6.283185307179586"
"Arc","Black","1","0","03.コマンド","False"
"FILL","False","AliceBlue","97.00000000000003","212","1.4142135623730951","0","6.283185307179586"
"Arc","Black","1","0","03.コマンド","False"
"FILL","False","AliceBlue","55.00000000000003","207","1.4142135623730951","0","6.283185307179586"
"Arc","Black","1","0","03.コマンド","False"
"FILL","False","AliceBlue","69.00000000000003","207","1.4142135623730951","0","6.283185307179586"
"Arc","Black","1","0","03.コマンド","False"
"FILL","False","AliceBlue","82.00000000000003","207","1.4142135623730951","0","6.283185307179586"
"Arc","Black","1","0","03.コマンド","False"
"FILL","False","AliceBlue","97.00000000000003","207","1.4142135623730951","0","6.283185307179586"
"Arc","Black","1","0","03.コマンド","False"
"FILL","False","AliceBlue","114.00000000000003","207","1.4142135623730951","0","6.283185307179586"
"Arc","Black","1","0","03.コマンド","False"
"FILL","False","AliceBlue","131.00000000000003","207","1.4142135623730951","0","6.283185307179586"
"Arc","Black","1","0","03.コマンド","False"
"FILL","False","AliceBlue","152.00000000000003","207","1.4142135623730951","0","6.283185307179586"
"Arc","Black","1","0","03.コマンド","False"
"FILL","False","AliceBlue","170.00000000000003","207","1.4142135623730951","0","6.283185307179586"
"Arc","Black","1","0","03.コマンド","False"
"FILL","False","AliceBlue","55.00000000000003","202","1.4142135623730951","0","6.283185307179586"
"Arc","Black","1","0","03.コマンド","False"
"FILL","False","AliceBlue","69.00000000000003","202","1.4142135623730951","0","6.283185307179586"
"Arc","Black","1","0","03.コマンド","False"
"FILL","False","AliceBlue","82.00000000000003","202","1.4142135623730951","0","6.283185307179586"
"Arc","Black","1","0","03.コマンド","False"
"FILL","False","AliceBlue","97.00000000000003","202","1.4142135623730951","0","6.283185307179586"
"Arc","Black","1","0","03.コマンド","False"
"FILL","False","AliceBlue","114.00000000000003","202","1.4142135623730951","0","6.283185307179586"
"Arc","Black","1","0","03.コマンド","False"
"FILL","False","AliceBlue","131.00000000000003","202","1.4142135623730951","0","6.283185307179586"
"Arc","Black","1","0","03.コマンド","False"
"FILL","False","AliceBlue","152.00000000000003","202","1.4142135623730951","0","6.283185307179586"
"Arc","Black","1","0","03.コマンド","False"
"FILL","False","AliceBlue","170.00000000000003","202","1.4142135623730951","0","6.283185307179586"
"Arc","Black","1","0","03.コマンド","False"
"FILL","False","AliceBlue","55.00000000000003","192","1.4142135623730951","0","6.283185307179586"
"Arc","Black","1","0","03.コマンド","False"
"FILL","False","AliceBlue","69.00000000000003","192","1.4142135623730951","0","6.283185307179586"
"Arc","Black","1","0","03.コマンド","False"
"FILL","False","AliceBlue","82.00000000000003","192","1.4142135623730951","0","6.283185307179586"
"Arc","Black","1","0","03.コマンド","False"
"FILL","False","AliceBlue","97.00000000000003","192","1.4142135623730951","0","6.283185307179586"
"Arc","Black","1","0","03.コマンド","False"
"FILL","False","AliceBlue","114.00000000000003","192","1.4142135623730951","0","6.283185307179586"
"Arc","Black","1","0","03.コマンド","False"
"FILL","False","AliceBlue","131.00000000000003","192","1.4142135623730951","0","6.283185307179586"
"Arc","Black","1","0","03.コマンド","False"
"FILL","False","AliceBlue","152.00000000000003","192","1.4142135623730951","0","6.283185307179586"
"Arc","Black","1","0","03.コマンド","False"
"FILL","False","AliceBlue","170.00000000000003","192","1.4142135623730951","0","6.283185307179586"
"Arc","Black","1","0","03.コマンド","False"
"FILL","False","AliceBlue","55.00000000000003","187","1.4142135623730951","0","6.283185307179586"
"Arc","Black","1","0","03.コマンド","False"
"FILL","False","AliceBlue","69.00000000000003","187","1.4142135623730951","0","6.283185307179586"
"Arc","Black","1","0","03.コマンド","False"
"FILL","False","AliceBlue","82.00000000000003","187","1.4142135623730951","0","6.283185307179586"
"Arc","Black","1","0","03.コマンド","False"
"FILL","False","AliceBlue","97.00000000000003","187","1.4142135623730951","0","6.283185307179586"
"Arc","Black","1","0","03.コマンド","False"
"FILL","False","AliceBlue","114.00000000000003","187","1.4142135623730951","0","6.283185307179586"
"Arc","Black","1","0","03.コマンド","False"
"FILL","False","AliceBlue","131.00000000000003","187","1.4142135623730951","0","6.283185307179586"
"Arc","Black","1","0","03.コマンド","False"
"FILL","False","AliceBlue","152.00000000000003","187","1.4142135623730951","0","6.283185307179586"
"Arc","Black","1","0","03.コマンド","False"
"FILL","False","AliceBlue","170.00000000000003","187","1.4142135623730951","0","6.283185307179586"
"Arc","Black","1","0","03.コマンド","False"
"FILL","False","AliceBlue","55.00000000000003","182","1.4142135623730951","0","6.283185307179586"
"Arc","Black","1","0","03.コマンド","False"
"FILL","False","AliceBlue","69.00000000000003","182","1.4142135623730951","0","6.283185307179586"
"Arc","Black","1","0","03.コマンド","False"
"FILL","False","AliceBlue","82.00000000000003","182","1.4142135623730951","0","6.283185307179586"
"Arc","Black","1","0","03.コマンド","False"
"FILL","False","AliceBlue","97.00000000000003","182","1.4142135623730951","0","6.283185307179586"
"Arc","Black","1","0","03.コマンド","False"
"FILL","False","AliceBlue","114.00000000000003","182","1.4142135623730951","0","6.283185307179586"
"Arc","Black","1","0","03.コマンド","False"
"FILL","False","AliceBlue","55.00000000000003","177","1.4142135623730951","0","6.283185307179586"
"Arc","Black","1","0","03.コマンド","False"
"FILL","False","AliceBlue","69.00000000000003","177","1.4142135623730951","0","6.283185307179586"
"Arc","Black","1","0","03.コマンド","False"
"FILL","False","AliceBlue","82.00000000000003","177","1.4142135623730951","0","6.283185307179586"
"Arc","Black","1","0","03.コマンド","False"
"FILL","False","AliceBlue","97.00000000000003","177","1.4142135623730951","0","6.283185307179586"
"Arc","Black","1","0","03.コマンド","False"
"FILL","False","AliceBlue","114.00000000000003","177","1.4142135623730951","0","6.283185307179586"
"Arc","Black","1","0","03.コマンド","False"
"FILL","False","AliceBlue","131.00000000000003","177","1.4142135623730951","0","6.283185307179586"
"Arc","Black","1","0","03.コマンド","False"
"FILL","False","AliceBlue","152.00000000000003","177","1.4142135623730951","0","6.283185307179586"
"Arc","Black","1","0","03.コマンド","False"
"FILL","False","AliceBlue","170.00000000000003","177","1.4142135623730951","0","6.283185307179586"
"Arc","Black","1","0","03.コマンド","False"
"FILL","False","AliceBlue","55.00000000000003","172","1.4142135623730951","0","6.283185307179586"
"Arc","Black","1","0","03.コマンド","False"
"FILL","False","AliceBlue","69.00000000000003","172","1.4142135623730951","0","6.283185307179586"
"Arc","Black","1","0","03.コマンド","False"
"FILL","False","AliceBlue","82.00000000000003","172","1.4142135623730951","0","6.283185307179586"
"Arc","Black","1","0","03.コマンド","False"
"FILL","False","AliceBlue","97.00000000000003","172","1.4142135623730951","0","6.283185307179586"
"Arc","Black","1","0","03.コマンド","False"
"FILL","False","AliceBlue","114.00000000000003","172","1.4142135623730951","0","6.283185307179586"
"Arc","Black","1","0","03.コマンド","False"
"FILL","False","AliceBlue","55.00000000000003","167","1.4142135623730951","0","6.283185307179586"
"Arc","Black","1","0","03.コマンド","False"
"FILL","False","AliceBlue","69.00000000000003","167","1.4142135623730951","0","6.283185307179586"
"Arc","Black","1","0","03.コマンド","False"
"FILL","False","AliceBlue","82.00000000000003","167","1.4142135623730951","0","6.283185307179586"
"Arc","Black","1","0","03.コマンド","False"
"FILL","False","AliceBlue","97.00000000000003","167","1.4142135623730951","0","6.283185307179586"
"Arc","Black","1","0","03.コマンド","False"
"FILL","False","AliceBlue","114.00000000000003","167","1.4142135623730951","0","6.283185307179586"
"Arc","Black","1","0","03.コマンド","False"
"FILL","False","AliceBlue","131.00000000000003","167","1.4142135623730951","0","6.283185307179586"
"Arc","Black","1","0","03.コマンド","False"
"FILL","False","AliceBlue","152.00000000000003","167","1.4142135623730951","0","6.283185307179586"
"Arc","Black","1","0","03.コマンド","False"
"FILL","False","AliceBlue","170.00000000000003","167","1.4142135623730951","0","6.283185307179586"
"Arc","Black","1","0","03.コマンド","False"
"FILL","False","AliceBlue","69.00000000000003","147","1.4142135623730951","0","6.283185307179586"
"Arc","Black","1","0","03.コマンド","False"
"FILL","False","AliceBlue","82.00000000000003","147","1.4142135623730951","0","6.283185307179586"
"Arc","Black","1","0","03.コマンド","False"
"FILL","False","AliceBlue","97.00000000000003","147","1.4142135623730951","0","6.283185307179586"
"Arc","Black","1","0","03.コマンド","False"
"FILL","False","AliceBlue","114.00000000000003","147","1.4142135623730951","0","6.283185307179586"
"Arc","Black","1","0","03.コマンド","False"
"FILL","False","AliceBlue","69.00000000000003","142","1.4142135623730951","0","6.283185307179586"
"Arc","Black","1","0","03.コマンド","False"
"FILL","False","AliceBlue","97.00000000000003","142","1.4142135623730951","0","6.283185307179586"
"Arc","Black","1","0","03.コマンド","False"
"FILL","False","AliceBlue","82.00000000000003","137","1.4142135623730951","0","6.283185307179586"
"Arc","Black","1","0","03.コマンド","False"
"FILL","False","AliceBlue","97.00000000000003","137","1.4142135623730951","0","6.283185307179586"
"Arc","Black","1","0","03.コマンド","False"
"FILL","False","AliceBlue","131.00000000000003","127","1.4142135623730951","0","6.283185307179586"
"Arc","Black","1","0","03.コマンド","False"
"FILL","False","AliceBlue","152.00000000000003","127","1.4142135623730951","0","6.283185307179586"
"Arc","Black","1","0","03.コマンド","False"
"FILL","False","AliceBlue","170.00000000000003","127","1.4142135623730951","0","6.283185307179586"
"Arc","Black","1","0","03.コマンド","False"
"FILL","False","AliceBlue","82.00000000000001","142","1.4142135623730951","0","6.283185307179586"
"Arc","Black","1","0","03.コマンド","False"
"FILL","False","AliceBlue","114.00000000000001","142","1.4142135623730951","0","6.283185307179586"
"Arc","Black","1","0","03.コマンド","False"
"FILL","False","AliceBlue","55.00000000000003","162","1.4142135623730951","0","6.283185307179586"
"Arc","Black","1","0","03.コマンド","False"
"FILL","False","AliceBlue","69.00000000000003","162","1.4142135623730951","0","6.283185307179586"
"Arc","Black","1","0","03.コマンド","False"
"FILL","False","AliceBlue","82.00000000000003","162","1.4142135623730951","0","6.283185307179586"
"Arc","Black","1","0","03.コマンド","False"
"FILL","False","AliceBlue","97.00000000000003","162","1.4142135623730951","0","6.283185307179586"
"Arc","Black","1","0","03.コマンド","False"
"FILL","False","AliceBlue","114.00000000000003","162","1.4142135623730951","0","6.283185307179586"
"Arc","Black","1","0","03.コマンド","False"
"FILL","False","AliceBlue","131.00000000000003","162","1.4142135623730951","0","6.283185307179586"
"Arc","Black","1","0","03.コマンド","False"
"FILL","False","AliceBlue","152.00000000000003","162","1.4142135623730951","0","6.283185307179586"
"Arc","Black","1","0","03.コマンド","False"
"FILL","False","AliceBlue","170.00000000000003","162","1.4142135623730951","0","6.283185307179586"
"Arc","Black","1","0","03.コマンド","False"
"FILL","False","AliceBlue","55.00000000000003","157","1.4142135623730951","0","6.283185307179586"
"Arc","Black","1","0","03.コマンド","False"
"FILL","False","AliceBlue","69.00000000000003","157","1.4142135623730951","0","6.283185307179586"
"Arc","Black","1","0","03.コマンド","False"
"FILL","False","AliceBlue","82.00000000000003","157","1.4142135623730951","0","6.283185307179586"
"Arc","Black","1","0","03.コマンド","False"
"FILL","False","AliceBlue","97.00000000000003","157","1.4142135623730951","0","6.283185307179586"
"Arc","Black","1","0","03.コマンド","False"
"FILL","False","AliceBlue","114.00000000000003","157","1.4142135623730951","0","6.283185307179586"
"Arc","Black","1","0","03.コマンド","False"
"FILL","False","AliceBlue","131.00000000000003","157","1.4142135623730951","0","6.283185307179586"
"Arc","Black","1","0","03.コマンド","False"
"FILL","False","AliceBlue","152.00000000000003","157","1.4142135623730951","0","6.283185307179586"
"Arc","Black","1","0","03.コマンド","False"
"FILL","False","AliceBlue","170.00000000000003","157","1.4142135623730951","0","6.283185307179586"
"Text","Black","1","0","03.コマンド","False"
"ストレッチ","23","235","4","0","Left","Top","1.2","Yu Gothic UI","Normal","Normal"
"Text","Black","1","0","03.コマンド","False"
"分解","23","225","4","0","Left","Top","1.2","Yu Gothic UI","Normal","Normal"
"Arc","Black","1","0","03.コマンド","False"
"FILL","False","AliceBlue","55","232","1.4142135623730951","0","6.283185307179586"
"Arc","Black","1","0","03.コマンド","False"
"FILL","False","AliceBlue","69","232","1.4142135623730951","0","6.283185307179586"
"Arc","Black","1","0","03.コマンド","False"
"FILL","False","AliceBlue","82","232","1.4142135623730951","0","6.283185307179586"
"Arc","Black","1","0","03.コマンド","False"
"FILL","False","AliceBlue","97","232","1.4142135623730951","0","6.283185307179586"
"Arc","Black","1","0","03.コマンド","False"
"FILL","False","AliceBlue","114","232","1.4142135623730951","0","6.283185307179586"
"Arc","Black","1","0","03.コマンド","False"
"FILL","False","AliceBlue","97","222","1.4142135623730951","0","6.283185307179586"
"Arc","Black","1","0","03.コマンド","False"
"FILL","False","AliceBlue","114","222","1.4142135623730951","0","6.283185307179586"
