﻿"Property"
"Prperty","Color","Black","PointType","0","PointSize","2","LineType","0","Thickness","1","TextSize","4","TextRotate","0","LinePitchRate","1.2","HA","Left","VA","Center","ArrowSize","2","ArrowAngle","0.5235987755982988","GridSize","1","DispLaerBit","16","CreateLayer","03.データ構造(2)","OneLayerDisp","True","FontFamily","Yu Gothic UI","FontStyle","Normal","FontWeight","Normal","SymbolCategoryIindex","0"
"Comment"
"Comment","Comment",""
"Parts","Black","1","0","10.アフィン変換","False"
"name","__A4枠縦","line","0","0","210","0","line","210","0","210","297","line","210","297","0","297","line","0","297","0","0","textSize","12","textRotate","0","fontFamily","","fontStyle","Normal","fontWeight","Normal","linePitchRate","1.2","arrowSize","6","arrowAngle","0.5235987755982988"
"Text","Black","1","0","00.概要","False"
"Note3DApp","75","262","12","0","Left","Top","1.2","Yu Gothic UI","Normal","Normal"
"Text","Black","1","0","00.概要","False"
"ドキュメントの作成や簡単な3D図形が作成できるCAD","63","236","4","0","Left","Top","1.2","Yu Gothic UI","Normal","Normal"
"Parts","Black","1","0","00.概要","False"
"name","__A4枠縦","line","0","0","210","0","line","210","0","210","297","line","210","297","0","297","line","0","297","0","0","textSize","12","textRotate","0","fontFamily","","fontStyle","Normal","fontWeight","Normal","linePitchRate","1.2","arrowSize","6","arrowAngle","0.5235987755982988"
"Polygon","Black","1","0","00.概要","True"
"FILL","True","AliceBlue","50","222","164","222","164","279","50","279"
"Text","Black","1","0","00.概要","False"
"特徴・構想\\n1.2D図面と3D図面が共存できる(OpenGLではちと難しい)\\n2.3Dデータは2Dデータをベースに3Dの部品データを作成し、それをアセンブルして作成\\n3.3D部品データは2D上で輪郭を作成し、それに対して押し出し、回転などの操作によって3Dデータを作成\\n4.データの作成、アセンブル、3D表示、2D3D混在表示はモード分けで行う\\n5.2Dと3Ｄの共存は2Dの中に3Dを埋め込むような感じ","16","206","4","0","Left","Top","1.2","Yu Gothic UI","Normal","Normal"
"Parts","Black","1","0","01.図形の描画方法","False"
"name","__A4枠縦","line","0","0","210","0","line","210","0","210","297","line","210","297","0","297","line","0","297","0","0","textSize","12","textRotate","0","fontFamily","","fontStyle","Normal","fontWeight","Normal","linePitchRate","1.2","arrowSize","6","arrowAngle","0.5235987755982988"
"Text","Black","1","0","01.図形の描画方法","False"
"図形の描画方法","17","289","4","0","Left","Top","1.2","Yu Gothic UI","Normal","Normal"
"Line","Black","1","0","01.図形の描画方法","False"
"25.325748937247127","259.23982034571105","53.45239614593913","252.3982034571103"
"Line","Black","1","0","01.図形の描画方法","False"
"24.565569282958165","244.0362272599316","45.8505996030494","243.2760476056426"
"Point","Black","1","4","01.図形の描画方法","False"
"25.325748937247127","259.23982034571105"
"Point","Black","1","4","01.図形の描画方法","False"
"53.45239614593913","252.3982034571103"
"Point","Black","1","4","01.図形の描画方法","False"
"24.565569282958165","244.0362272599316"
"Point","Black","1","4","01.図形の描画方法","False"
"45.8505996030494","243.2760476056426"
"Point","Black","1","4","01.図形の描画方法","False"
"64.09491130598474","244.0362272599316"
"Text","Black","1","0","01.図形の描画方法","False"
"V0","20.004491357224325","259.23982034571105","4","0","Left","Center","1.2","Yu Gothic UI","Normal","Normal"
"Text","Black","1","0","01.図形の描画方法","False"
"V1","55.732935108806046","252.3982034571103","4","0","Left","Center","1.2","Yu Gothic UI","Normal","Normal"
"Text","Black","1","0","01.図形の描画方法","False"
"V2","48.13113856591632","242.51586795135364","4","0","Left","Center","1.2","Yu Gothic UI","Normal","Normal"
"Text","Black","1","0","01.図形の描画方法","False"
"V3","19.24431170293535","243.2760476056426","4","0","Left","Center","1.2","Yu Gothic UI","Normal","Normal"
"Text","Black","1","0","01.図形の描画方法","False"
"V4","66.37545026885167","244.0362272599316","4","0","Left","Center","1.2","Yu Gothic UI","Normal","Normal"
"Polyline","Black","1","0","01.図形の描画方法","False"
"152.8505996030494","249.59281382844108","136.88682686298097","255.6742510627529","123.96377274006844","248.07245451986313","133.08592859153612","238.95029866839548","145.24880306015967","241.99101728555138"
"Point","Black","1","4","01.図形の描画方法","False"
"152.8505996030494","249.59281382844108"
"Point","Black","1","4","01.図形の描画方法","False"
"136.88682686298097","255.6742510627529"
"Point","Black","1","4","01.図形の描画方法","False"
"123.96377274006844","248.07245451986313"
"Point","Black","1","4","01.図形の描画方法","False"
"133.08592859153612","238.95029866839548"
"Point","Black","1","4","01.図形の描画方法","False"
"145.24880306015967","241.99101728555138"
"Text","Black","1","0","01.図形の描画方法","False"
"V2","118.64251516004562","248.07245451986313","4","0","Left","Center","1.2","Yu Gothic UI","Normal","Normal"
"Text","Black","1","0","01.図形の描画方法","False"
"V3","131.56556928295817","235.90958005123957","4","0","Left","Center","1.2","Yu Gothic UI","Normal","Normal"
"Text","Black","1","0","01.図形の描画方法","False"
"V4","146.76916236873763","240.47065797697343","4","0","Left","Center","1.2","Yu Gothic UI","Normal","Normal"
"Polygon","Black","1","0","01.図形の描画方法","False"
"FILL","False","AliceBlue","45.09041994876043","227.02724454548292","29.126647208691992","230.8281428169278","20.764671011513286","221.7059869654601","32.16736582584788","214.1041904225704","42.8098809858935","218.66526834830424"
"Text","Black","1","0","01.図形の描画方法","False"
"V0","46.61077925733838","227.02724454548292","4","0","Left","Center","1.2","Yu Gothic UI","Normal","Normal"
"Text","Black","1","0","01.図形の描画方法","False"
"V1","28.366467554403016","233.10868177979472","4","0","Left","Center","1.2","Yu Gothic UI","Normal","Normal"
"Text","Black","1","0","01.図形の描画方法","False"
"V2","15.443413431490484","221.7059869654601","4","0","Left","Center","1.2","Yu Gothic UI","Normal","Normal"
"Text","Black","1","0","01.図形の描画方法","False"
"V3","30.647006517269944","211.82365145970346","4","0","Left","Center","1.2","Yu Gothic UI","Normal","Normal"
"Text","Black","1","0","01.図形の描画方法","False"
"V4","43.570060640182476","216.3847293854373","4","0","Left","Center","1.2","Yu Gothic UI","Normal","Normal"
"Point","Black","1","4","01.図形の描画方法","False"
"32.16736582584788","214.1041904225704"
"Point","Black","1","4","01.図形の描画方法","False"
"42.8098809858935","218.66526834830424"
"Point","Black","1","4","01.図形の描画方法","False"
"29.126647208691992","230.8281428169278"
"Point","Black","1","4","01.図形の描画方法","False"
"20.764671011513286","221.7059869654601"
"Text","Black","1","0","01.図形の描画方法","False"
"V1","135.126647208692","258.7149696799088","4","0","Left","Center","1.2","Yu Gothic UI","Normal","Normal"
"Text","Black","1","0","01.図形の描画方法","False"
"V0","153.61077925733838","253.02724454548292","4","0","Left","Center","1.2","Yu Gothic UI","Normal","Normal"
"Text","Black","1","0","01.図形の描画方法","False"
"V0","37.61077925733838","204.02724454548292","4","0","Left","Center","1.2","Yu Gothic UI","Normal","Normal"
"Text","Black","1","0","01.図形の描画方法","False"
"V1","19.366467554403016","207.10868177979472","4","0","Left","Center","1.2","Yu Gothic UI","Normal","Normal"
"Text","Black","1","0","01.図形の描画方法","False"
"V2","16.443413431490484","192.7059869654601","4","0","Left","Center","1.2","Yu Gothic UI","Normal","Normal"
"Text","Black","1","0","01.図形の描画方法","False"
"V3","21.647006517269944","188.82365145970346","4","0","Left","Center","1.2","Yu Gothic UI","Normal","Normal"
"Text","Black","1","0","01.図形の描画方法","False"
"V4","34.64700651726994","184.82365145970346","4","0","Left","Center","1.2","Yu Gothic UI","Normal","Normal"
"Text","Black","1","0","01.図形の描画方法","False"
"V5","44.64700651726994","198.82365145970346","4","0","Left","Center","1.2","Yu Gothic UI","Normal","Normal"
"Text","Black","1","0","01.図形の描画方法","False"
"V0","133.61077925733838","211.02724454548292","4","0","Left","Center","1.2","Yu Gothic UI","Normal","Normal"
"Text","Black","1","0","01.図形の描画方法","False"
"V1","118.61077925733838","208.02724454548292","4","0","Left","Center","1.2","Yu Gothic UI","Normal","Normal"
"Text","Black","1","0","01.図形の描画方法","False"
"V2","115.61077925733838","188.02724454548292","4","0","Left","Center","1.2","Yu Gothic UI","Normal","Normal"
"Text","Black","1","0","01.図形の描画方法","False"
"V3","128.61077925733838","186.02724454548292","4","0","Left","Center","1.2","Yu Gothic UI","Normal","Normal"
"Text","Black","1","0","01.図形の描画方法","False"
"V5","137.61077925733838","192.02724454548292","4","0","Left","Center","1.2","Yu Gothic UI","Normal","Normal"
"Text","Black","1","0","01.図形の描画方法","False"
"V6","149.61077925733838","178.02724454548292","4","0","Left","Center","1.2","Yu Gothic UI","Normal","Normal"
"Text","Black","1","0","01.図形の描画方法","False"
"V8","157.61077925733838","198.02724454548292","4","0","Left","Center","1.2","Yu Gothic UI","Normal","Normal"
"Text","Black","1","0","01.図形の描画方法","False"
"V10","146.61077925733838","208.02724454548292","4","0","Left","Center","1.2","Yu Gothic UI","Normal","Normal"
"Polygon","Black","1","0","01.図形の描画方法","False"
"FILL","True","Beige","21.683233777201508","160.00478775936134","36.12664720869199","160.00478775936134","50.570060640182476","156.20388948791646","52.8505996030494","170.64730291940694","37.64700651726994","175.96856049942974","23.20359308577946","174.44820119085182"
"Line","Black","1","0","01.図形の描画方法","False"
"37.64700651726994","175.96856049942974","21.683233777201508","160.00478775936134"
"Line","Black","1","0","01.図形の描画方法","False"
"37.64700651726994","175.96856049942974","36.12664720869199","160.00478775936134"
"Line","Black","1","0","01.図形の描画方法","False"
"52.8505996030494","170.64730291940694","36.12664720869199","160.00478775936134"
"Text","Black","1","0","01.図形の描画方法","False"
"V0","18.64251516004562","175.2083808451408","4","0","Left","Center","1.2","Yu Gothic UI","Normal","Normal"
"Text","Black","1","0","01.図形の描画方法","False"
"V1","17.12215585146768","158.48442845078338","4","0","Left","Center","1.2","Yu Gothic UI","Normal","Normal"
"Text","Black","1","0","01.図形の描画方法","False"
"V2","37.64700651726994","178.24909946229667","4","0","Left","Center","1.2","Yu Gothic UI","Normal","Normal"
"Text","Black","1","0","01.図形の描画方法","False"
"V3","34.60628790011404","156.20388948791646","4","0","Left","Center","1.2","Yu Gothic UI","Normal","Normal"
"Text","Black","1","0","01.図形の描画方法","False"
"V4","53.61077925733838","172.1676622279849","4","0","Left","Center","1.2","Yu Gothic UI","Normal","Normal"
"Text","Black","1","0","01.図形の描画方法","False"
"V5","50.570060640182476","153.92335052504956","4","0","Left","Center","1.2","Yu Gothic UI","Normal","Normal"
"Text","Black","1","0","01.図形の描画方法","False"
"TRYANGLE_STRIP","75.3392230089201","164.56586568509516","4","0","Left","Center","1.2","Yu Gothic UI","Normal","Normal"
"Polygon","Black","1","0","01.図形の描画方法","False"
"FILL","True","Beige","27","192","36","188","44","199"
"Polygon","Black","1","0","01.図形の描画方法","False"
"FILL","True","Beige","20","195","36","202","23","204"
"Polygon","Black","1","0","01.図形の描画方法","False"
"FILL","True","Beige","120","192","131","189","136","207","122","205"
"Polygon","Black","1","0","01.図形の描画方法","False"
"FILL","True","Beige","143","189","151","182","156","198","148","206"
"Text","Black","1","0","01.図形の描画方法","False"
"V0","47.8505996030494","139.5341297823879","4","0","Left","Center","1.2","Yu Gothic UI","Normal","Normal"
"Text","Black","1","0","01.図形の描画方法","False"
"V1","29.60628790011404","145.61556701669969","4","0","Left","Center","1.2","Yu Gothic UI","Normal","Normal"
"Text","Black","1","0","01.図形の描画方法","False"
"V2","16.683233777201508","134.2128722023651","4","0","Left","Center","1.2","Yu Gothic UI","Normal","Normal"
"Text","Black","1","0","01.図形の描画方法","False"
"V3","31.886826862980968","124.33053669660848","4","0","Left","Center","1.2","Yu Gothic UI","Normal","Normal"
"Text","Black","1","0","01.図形の描画方法","False"
"V4","44.8098809858935","128.89161462234227","4","0","Left","Center","1.2","Yu Gothic UI","Normal","Normal"
"Point","Black","1","4","01.図形の描画方法","False"
"33.40718617155892","126.61107565947538"
"Point","Black","1","4","01.図形の描画方法","False"
"44.049701331604524","131.17215358520923"
"Point","Black","1","4","01.図形の描画方法","False"
"30.366467554403016","143.3350280538328"
"Point","Black","1","4","01.図形の描画方法","False"
"22.004491357224325","134.2128722023651"
"Polygon","Black","1","0","01.図形の描画方法","False"
"FILL","True","Beige","22.004491357224325","134.2128722023651","33.40718617155892","126.61107565947538","44.049701331604524","131.17215358520923","46.33024029447145","139.5341297823879","30.366467554403016","143.3350280538328"
"Line","Black","1","0","01.図形の描画方法","False"
"46.33024029447145","139.5341297823879","22.004491357224325","134.2128722023651"
"Line","Black","1","0","01.図形の描画方法","False"
"46.33024029447145","139.5341297823879","33.65044366093139","126.55482236505799"
"Polygon","Black","1","0","01.図形の描画方法","False"
"FILL","True","Beige","121.24431170293535","157.15867951353624","132.64700651726994","152.59760158780242","143.28952167731558","155.6383202049583","150.89131822020528","149.5568829706465","156.21257580022808","167.80119467358188","146.33024029447145","165.52065571071495","133.40718617155892","170.08173363644877","122.00449135722432","169.32155398215983"
"Line","Black","1","0","01.図形の描画方法","False"
"133.40718617155892","170.08173363644877","132.64700651726994","152.59760158780242"
"Line","Black","1","0","01.図形の描画方法","False"
"146.33024029447145","165.52065571071495","143.28952167731558","155.6383202049583"
"Text","Black","1","0","01.図形の描画方法","False"
"V0","115.92305412291253","170.08173363644877","4","0","Left","Center","1.2","Yu Gothic UI","Normal","Normal"
"Text","Black","1","0","01.図形の描画方法","False"
"V1","115.16287446862357","157.15867951353624","4","0","Left","Center","1.2","Yu Gothic UI","Normal","Normal"
"Text","Black","1","0","01.図形の描画方法","False"
"V2","132.64700651726994","171.60209294502673","4","0","Left","Center","1.2","Yu Gothic UI","Normal","Normal"
"Text","Black","1","0","01.図形の描画方法","False"
"V3","131.126647208692","150.3170626249355","4","0","Left","Center","1.2","Yu Gothic UI","Normal","Normal"
"Text","Black","1","0","01.図形の描画方法","False"
"V4","144.8098809858935","168.56137432787085","4","0","Left","Center","1.2","Yu Gothic UI","Normal","Normal"
"Text","Black","1","0","01.図形の描画方法","False"
"V5","141.76916236873763","151.83742193351344","4","0","Left","Center","1.2","Yu Gothic UI","Normal","Normal"
"Text","Black","1","0","01.図形の描画方法","False"
"V6","156.97275545451708","169.32155398215983","4","0","Left","Center","1.2","Yu Gothic UI","Normal","Normal"
"Text","Black","1","0","01.図形の描画方法","False"
"V7","151.65149787449425","148.0365236620686","4","0","Left","Center","1.2","Yu Gothic UI","Normal","Normal"
"Text","Black","1","0","01.図形の描画方法","False"
"V0","44.8505996030494","109.42095664536888","4","0","Left","Center","1.2","Yu Gothic UI","Normal","Normal"
"Text","Black","1","0","01.図形の描画方法","False"
"V1","26.60628790011404","115.50239387968065","4","0","Left","Center","1.2","Yu Gothic UI","Normal","Normal"
"Text","Black","1","0","01.図形の描画方法","False"
"V2","13.683233777201508","104.09969906534607","4","0","Left","Center","1.2","Yu Gothic UI","Normal","Normal"
"Text","Black","1","0","01.図形の描画方法","False"
"V3","28.886826862980968","94.21736355958944","4","0","Left","Center","1.2","Yu Gothic UI","Normal","Normal"
"Text","Black","1","0","01.図形の描画方法","False"
"V4","41.8098809858935","98.77844148532324","4","0","Left","Center","1.2","Yu Gothic UI","Normal","Normal"
"Point","Black","1","4","01.図形の描画方法","False"
"30.40718617155892","96.49790252245634"
"Point","Black","1","4","01.図形の描画方法","False"
"41.049701331604524","101.0589804481902"
"Point","Black","1","4","01.図形の描画方法","False"
"27.366467554403016","113.22185491681375"
"Point","Black","1","4","01.図形の描画方法","False"
"19.004491357224325","104.09969906534607"
"Polygon","Black","1","0","01.図形の描画方法","False"
"FILL","True","Beige","19.004491357224325","104.09969906534607","30.40718617155892","96.49790252245634","41.049701331604524","101.0589804481902","43.33024029447145","109.42095664536888","27.366467554403016","113.22185491681375"
"Text","Black","1","0","01.図形の描画方法","False"
"POLYGON","72.09940266320905","107.14041768250195","4","0","Left","Center","1.2","Yu Gothic UI","Normal","Normal"
"Text","Black","1","0","01.図形の描画方法","False"
"TRIANGLES","73.85958231749805","195.74670558261602","4","0","Left","Center","1.2","Yu Gothic UI","Normal","Normal"
"Text","Black","1","0","01.図形の描画方法","False"
"LINE_LOOP","73.85958231749805","223.74670558261602","4","0","Left","Center","1.2","Yu Gothic UI","Normal","Normal"
"Text","Black","1","0","01.図形の描画方法","False"
"LINE_STRIP","171.619761971787","243.03173590270728","4","0","Left","Center","1.2","Yu Gothic UI","Normal","Normal"
"Text","Black","1","0","01.図形の描画方法","False"
"QUADS","169.85958231749805","196.74670558261602","4","0","Left","Center","1.2","Yu Gothic UI","Normal","Normal"
"Text","Black","1","0","01.図形の描画方法","False"
"LINES","74.379941626076","245.3167662227985","4","0","Left","Center","1.2","Yu Gothic UI","Normal","Normal"
"Parts","Black","1","0","02.データ構造","False"
"name","__A4枠縦","line","0","0","210","0","line","210","0","210","297","line","210","297","0","297","line","0","297","0","0","textSize","12","textRotate","0","fontFamily","","fontStyle","Normal","fontWeight","Normal","linePitchRate","1.2","arrowSize","6","arrowAngle","0.5235987755982988"
"Text","Black","1","0","02.データ構造","False"
"Parts","13","272","4","0","Left","Center","1.2","Yu Gothic UI","Normal","Normal"
"Line","Black","1","0","02.データ構造","False"
"23","272","30","272"
"Text","Black","1","0","02.データ構造","False"
"Parts","32","272","4","0","Left","Center","1.2","Yu Gothic UI","Normal","Normal"
"Text","Black","1","0","02.データ構造","False"
"Parts","32","266","4","0","Left","Center","1.2","Yu Gothic UI","Normal","Normal"
"Text","Black","1","0","02.データ構造","False"
"Matrix","32","239","4","0","Left","Center","1.2","Yu Gothic UI","Normal","Normal"
"Text","Black","1","0","02.データ構造","False"
"Name","32","234","4","0","Left","Center","1.2","Yu Gothic UI","Normal","Normal"
"Line","Black","1","0","02.データ構造","False"
"26","272","26","234"
"Line","Black","1","0","02.データ構造","False"
"26","234","30","234"
"Line","Black","1","0","02.データ構造","False"
"26","239","30","239"
"Line","Black","1","0","02.データ構造","False"
"26","249","30","249"
"Line","Black","1","0","02.データ構造","False"
"26","255","30","255"
"Line","Black","1","0","02.データ構造","False"
"26","266","30","266"
"Line","Black","1","0","02.データ構造","False"
"26","261","30","261"
"Line","Black","1","0","02.データ構造","False"
"26","244","30","244"
"Text","Black","1","0","02.データ構造","False"
"Element","32","255","4","0","Left","Center","1.2","Yu Gothic UI","Normal","Normal"
"Text","Black","1","0","02.データ構造","False"
"Element","32","249","4","0","Left","Center","1.2","Yu Gothic UI","Normal","Normal"
"Line","Black","1","0","02.データ構造","False"
"48","255","56","255"
"Text","Black","1","0","02.データ構造","False"
"Matrix","58","225","4","0","Left","Center","1.2","Yu Gothic UI","Normal","Normal"
"Text","Black","1","0","02.データ構造","False"
"Name","58","220","4","0","Left","Center","1.2","Yu Gothic UI","Normal","Normal"
"Line","Black","1","0","02.データ構造","False"
"52","255","52","220"
"Line","Black","1","0","02.データ構造","False"
"52","220","56","220"
"Line","Black","1","0","02.データ構造","False"
"56","225","52","225"
"Line","Black","1","0","02.データ構造","False"
"56","234","52","234"
"Line","Black","1","0","02.データ構造","False"
"74","255","85","255"
"Text","Black","1","0","02.データ構造","False"
"Color","87","245","4","0","Left","Center","1.2","Yu Gothic UI","Normal","Normal"
"Text","Black","1","0","02.データ構造","False"
"Surface Type","87","240","4","0","Left","Center","1.2","Yu Gothic UI","Normal","Normal"
"Line","Black","1","0","02.データ構造","False"
"79","255","79","240"
"Line","Black","1","0","02.データ構造","False"
"79","240","85","240"
"Line","Black","1","0","02.データ構造","False"
"79","245","85","245"
"Line","Black","1","0","02.データ構造","False"
"79","250","85","250"
"Line","Black","1","0","02.データ構造","False"
"111","240","117","240"
"Text","Black","1","0","02.データ構造","False"
"Line\,Arc\,Polyline\,Polygon\\nCube\,Cylinder\,Sphere\,Cone\\nRotation\, Push\,Sweep","118","255","4","0","Left","Center","1.2","Yu Gothic UI","Normal","Normal"
"Line","Black","1","0","02.データ構造","False"
"111","255","117","255"
"Text","Black","1","0","02.データ構造","False"
"LINES\, LINE_STRIP\, LINE_LOOP\,\\nTRIANGLES\, QUADS\, POLYGON\,\\nTRIANGLE_STRIP\, QUAD_STRIP\,\\nTRIANGLE_FAN","118","240","4","0","Left","Center","1.2","Yu Gothic UI","Normal","Normal"
"Text","Black","1","0","02.データ構造","False"
"Primitive","58","255","4","0","Left","Center","1.2","Yu Gothic UI","Normal","Normal"
"Text","Black","1","0","02.データ構造","False"
"Primitive ID","87","255","4","0","Left","Center","1.2","Yu Gothic UI","Normal","Normal"
"Text","Black","1","0","02.データ構造","False"
"Primitive Data","87","250","4","0","Left","Center","1.2","Yu Gothic UI","Normal","Normal"
"Text","Black","1","0","02.データ構造","False"
"List<Surface>","58","234","4","0","Left","Center","1.2","Yu Gothic UI","Normal","Normal"
"Text","Black","1","0","02.データ構造","False"
"Vertex List","87","229","4","0","Left","Center","1.2","Yu Gothic UI","Normal","Normal"
"Text","Black","1","0","02.データ構造","False"
"ZOrder","87","224","4","0","Left","Center","1.2","Yu Gothic UI","Normal","Normal"
"Text","Black","1","0","02.データ構造","False"
"Fill Color","87","219","4","0","Left","Center","1.2","Yu Gothic UI","Normal","Normal"
"Line","Black","1","0","02.データ構造","False"
"72","229","85","229"
"Line","Black","1","0","02.データ構造","False"
"79","219","85","219"
"Line","Black","1","0","02.データ構造","False"
"79","224","85","224"
"Line","Black","1","0","02.データ構造","False"
"72","229","72","232"
"Text","Black","1","0","02.データ構造","False"
"Surface\\nサーフェースデータの最小単位で座標リストとZオーダーで3次元の表示をおこなう\\nZオーダーは座標点の平均Z値でサーフェース同士の前後関係を決める","12","200","4","0","Left","Center","1.2","Yu Gothic UI","Normal","Normal"
"Line","Black","1","0","02.データ構造","False"
"30","160","49","179"
"Polygon","Black","1","0","02.データ構造","False"
"FILL","False","AliceBlue","71","178","67","161","89","171"
"Polygon","Black","1","0","02.データ構造","False"
"FILL","False","AliceBlue","111","178","110","161","129","162","132","179"
"Polygon","Black","1","0","02.データ構造","False"
"FILL","False","AliceBlue","161","179","154","166","168","158","189","162","186","174","174","173","167","168"
"Text","Black","1","0","02.データ構造","False"
"LINE","32","156","4","0","Left","Center","1.2","Yu Gothic UI","Normal","Normal"
"Text","Black","1","0","02.データ構造","False"
"TRYANGLE","67","156","4","0","Left","Center","1.2","Yu Gothic UI","Normal","Normal"
"Text","Black","1","0","02.データ構造","False"
"QUADS","112","156","4","0","Left","Center","1.2","Yu Gothic UI","Normal","Normal"
"Text","Black","1","0","02.データ構造","False"
"POLYGON","164","154","4","0","Left","Center","1.2","Yu Gothic UI","Normal","Normal"
"Text","Black","1","0","02.データ構造","False"
"Primitive\\n2次元データをもとにした３次元データモデル\\nモデルのもととなる２次元データとモデルの作成方法を示す","12","140","4","0","Left","Center","1.2","Yu Gothic UI","Normal","Normal"
"Image","Black","1","0","02.データ構造","False"
"D:\\WSRC\\VS2017\\CoreApp\\CadApp\\bin\\Debug\\net7.0-windows7.0\\ClipImage\\ClipImage(9).png","355","165","48","110","98","45.54929577464789","65BF8677_ClipImage(9).png"
"Text","Black","1","0","02.データ構造","False"
"回転体(回転面)\\n空間上に置かれた曲線と任意の直線を軸として回転したときに曲線の軌跡が作る曲面","23","119","4","0","Left","Center","1.2","Yu Gothic UI","Normal","Normal"
"Image","Black","1","0","02.データ構造","False"
"D:\\WSRC\\VS2017\\CoreApp\\CadApp\\bin\\Debug\\net7.0-windows7.0\\ClipImage\\ClipImage(10).png","407","148","51","40","101","36.72727272727273","65544E4_ClipImage(10).png"
"Text","Black","1","0","02.データ構造","False"
"掃引(スィープ)\\nある軌道に沿って２次元図形を掃引することにより３次元形状を定義する","23","54","4","0","Left","Center","1.2","Yu Gothic UI","Normal","Normal"
"Parts","Black","1","0","03.データ構造(2)","False"
"name","__A4枠縦","line","0","0","210","0","line","210","0","210","297","line","210","297","0","297","line","0","297","0","0","textSize","12","textRotate","0","fontFamily","","fontStyle","Normal","fontWeight","Normal","linePitchRate","1.2","arrowSize","6","arrowAngle","0.5235987755982988"
"Text","Black","1","0","03.データ構造(2)","False"
"押し出し\\n押し出しは掃引の単純形式で２次元の面を垂直方向に掃引して作成する形状","22","284","4","0","Left","Center","1.2","Yu Gothic UI","Normal","Normal"
"Image","Black","1","0","03.データ構造(2)","False"
"D:\\WSRC\\VS2017\\CoreApp\\CadApp\\bin\\Debug\\net7.0-windows7.0\\ClipImage\\ClipImage(12).png","361","150","42","271","87","36.14958448753464","8B22AFD0_ClipImage(12).png"
"Text","Black","1","0","03.データ構造(2)","False"
"Element\\nPrimitiveとPrimitiveから作成したサーフェースデータをまとめたものでこのサーフェースデータを使って３次元表示を行う\\n","12","230","4","0","Left","Center","1.2","Yu Gothic UI","Normal","Normal"
"Parts","Black","1","0","04.操作手順","False"
"name","__A4枠縦","line","0","0","210","0","line","210","0","210","297","line","210","297","0","297","line","0","297","0","0","textSize","12","textRotate","0","fontFamily","","fontStyle","Normal","fontWeight","Normal","linePitchRate","1.2","arrowSize","6","arrowAngle","0.5235987755982988"
"Text","Black","1","0","04.操作手順","False"
"操作手順","11","286","5","0","Left","Center","1.2","Yu Gothic UI","Normal","Normal"
"Text","Black","1","0","04.操作手順","False"
"1.部品名の設定\\n\\n2.２次元面にプリミティブの種類を選択しデータを作成して部品に登録","18","274","4","0","Left","Center","1.2","Yu Gothic UI","Normal","Normal"
"Text","Black","1","0","10.アフィン変換","False"
"要素","11","198","4","0","Left","Center","1.2","Yu Gothic UI","Normal","Normal"
"Text","Black","1","0","10.アフィン変換","False"
"平行移動","11","192","4","0","Left","Center","1.2","Yu Gothic UI","Normal","Normal"
"Text","Black","1","0","10.アフィン変換","False"
"拡大縮小","11","186","4","0","Left","Center","1.2","Yu Gothic UI","Normal","Normal"
"Text","Black","1","0","10.アフィン変換","False"
"xy 面対称","17","180","4","0","Left","Center","1.2","Yu Gothic UI","Normal","Normal"
"Text","Black","1","0","10.アフィン変換","False"
"yz面対称","17","174","4","0","Left","Center","1.2","Yu Gothic UI","Normal","Normal"
"Text","Black","1","0","10.アフィン変換","False"
"zx 面対称","17","168","4","0","Left","Center","1.2","Yu Gothic UI","Normal","Normal"
"Text","Black","1","0","10.アフィン変換","False"
"x 軸対称","17","162","4","0","Left","Center","1.2","Yu Gothic UI","Normal","Normal"
"Text","Black","1","0","10.アフィン変換","False"
"y 軸対称","17","156","4","0","Left","Center","1.2","Yu Gothic UI","Normal","Normal"
"Text","Black","1","0","10.アフィン変換","False"
"原点対称","17","144","4","0","Left","Center","1.2","Yu Gothic UI","Normal","Normal"
"Text","Black","1","0","10.アフィン変換","False"
"z 軸対称","17","150","4","0","Left","Center","1.2","Yu Gothic UI","Normal","Normal"
"Text","Black","1","0","10.アフィン変換","False"
"せん断","13","127","4","1.5707963267948966","Left","Center","1.2","Yu Gothic UI","Normal","Normal"
"Text","Black","1","0","10.アフィン変換","False"
"回転","13","109","4","1.5707963267948966","Left","Center","1.2","Yu Gothic UI","Normal","Normal"
"Text","Black","1","0","10.アフィン変換","False"
"x 軸まわり","17","120","4","0","Left","Center","1.2","Yu Gothic UI","Normal","Normal"
"Text","Black","1","0","10.アフィン変換","False"
"y 軸まわり","17","114","4","0","Left","Center","1.2","Yu Gothic UI","Normal","Normal"
"Text","Black","1","0","10.アフィン変換","False"
"z 軸まわり","17","108","4","0","Left","Center","1.2","Yu Gothic UI","Normal","Normal"
"Line","Black","1","0","10.アフィン変換","False"
"10","201","10","105"
"Line","Black","1","0","10.アフィン変換","False"
"16","183","16","105"
"Line","Black","1","0","10.アフィン変換","False"
"35","201","35","105"
"Text","Black","1","0","10.アフィン変換","False"
"cos θz","36","108","4","0","Left","Center","1.2","Yu Gothic UI","Normal","Normal"
"Line","Black","1","0","10.アフィン変換","False"
"48","105","48","201"
"Text","Black","1","0","10.アフィン変換","False"
"1","40","120","4","0","Left","Center","1.2","Yu Gothic UI","Normal","Normal"
"Text","Black","1","0","10.アフィン変換","False"
"1","40","126","4","0","Left","Center","1.2","Yu Gothic UI","Normal","Normal"
"Text","Black","1","0","10.アフィン変換","False"
"1","40","132","4","0","Left","Center","1.2","Yu Gothic UI","Normal","Normal"
"Text","Black","1","0","10.アフィン変換","False"
"1","40","138","4","0","Left","Center","1.2","Yu Gothic UI","Normal","Normal"
"Text","Black","1","0","10.アフィン変換","False"
"1","40","162","4","0","Left","Center","1.2","Yu Gothic UI","Normal","Normal"
"Text","Black","1","0","10.アフィン変換","False"
"1","40","168","4","0","Left","Center","1.2","Yu Gothic UI","Normal","Normal"
"Text","Black","1","0","10.アフィン変換","False"
"1","40","180","4","0","Left","Center","1.2","Yu Gothic UI","Normal","Normal"
"Text","Black","1","0","10.アフィン変換","False"
"1","40","192","4","0","Left","Center","1.2","Yu Gothic UI","Normal","Normal"
"Text","Black","1","0","10.アフィン変換","False"
"a","40","198","4","0","Left","Center","1.2","Yu Gothic UI","Normal","Normal"
"Text","Black","1","0","10.アフィン変換","False"
"-1","38","174","4","0","Left","Center","1.2","Yu Gothic UI","Normal","Normal"
"Text","Black","1","0","10.アフィン変換","False"
"-1","38","156","4","0","Left","Center","1.2","Yu Gothic UI","Normal","Normal"
"Text","Black","1","0","10.アフィン変換","False"
"-1","38","150","4","0","Left","Center","1.2","Yu Gothic UI","Normal","Normal"
"Text","Black","1","0","10.アフィン変換","False"
"-1","38","144","4","0","Left","Center","1.2","Yu Gothic UI","Normal","Normal"
"Line","Black","1","0","10.アフィン変換","False"
"61","105","61","201"
"Text","Black","1","0","10.アフィン変換","False"
"Sx","39","186","4","0","Left","Center","1.2","Yu Gothic UI","Normal","Normal"
"Text","Black","1","0","10.アフィン変換","False"
"b","54","198","4","0","Center","Center","1.2","Yu Gothic UI","Normal","Normal"
"Text","Black","1","0","10.アフィン変換","False"
"0","54","192","4","0","Center","Center","1.2","Yu Gothic UI","Normal","Normal"
"Text","Black","1","0","10.アフィン変換","False"
"0","54","168","4","0","Center","Center","1.2","Yu Gothic UI","Normal","Normal"
"Text","Black","1","0","10.アフィン変換","False"
"0","54","186","4","0","Center","Center","1.2","Yu Gothic UI","Normal","Normal"
"Text","Black","1","0","10.アフィン変換","False"
"0","54","180","4","0","Center","Center","1.2","Yu Gothic UI","Normal","Normal"
"Text","Black","1","0","10.アフィン変換","False"
"0","54","174","4","0","Center","Center","1.2","Yu Gothic UI","Normal","Normal"
"Text","Black","1","0","10.アフィン変換","False"
"0","54","162","4","0","Center","Center","1.2","Yu Gothic UI","Normal","Normal"
"Text","Black","1","0","10.アフィン変換","False"
"0","54","156","4","0","Center","Center","1.2","Yu Gothic UI","Normal","Normal"
"Text","Black","1","0","10.アフィン変換","False"
"0","54","150","4","0","Center","Center","1.2","Yu Gothic UI","Normal","Normal"
"Text","Black","1","0","10.アフィン変換","False"
"0","54","144","4","0","Center","Center","1.2","Yu Gothic UI","Normal","Normal"
"Text","Black","1","0","10.アフィン変換","False"
"0","54","138","4","0","Center","Center","1.2","Yu Gothic UI","Normal","Normal"
"Text","Black","1","0","10.アフィン変換","False"
"0","54","126","4","0","Center","Center","1.2","Yu Gothic UI","Normal","Normal"
"Text","Black","1","0","10.アフィン変換","False"
"0","54","120","4","0","Center","Center","1.2","Yu Gothic UI","Normal","Normal"
"Text","Black","1","0","10.アフィン変換","False"
"0","67","192","4","0","Center","Center","1.2","Yu Gothic UI","Normal","Normal"
"Text","Black","1","0","10.アフィン変換","False"
"0","67","168","4","0","Center","Center","1.2","Yu Gothic UI","Normal","Normal"
"Text","Black","1","0","10.アフィン変換","False"
"0","67","186","4","0","Center","Center","1.2","Yu Gothic UI","Normal","Normal"
"Text","Black","1","0","10.アフィン変換","False"
"0","67","180","4","0","Center","Center","1.2","Yu Gothic UI","Normal","Normal"
"Text","Black","1","0","10.アフィン変換","False"
"0","67","174","4","0","Center","Center","1.2","Yu Gothic UI","Normal","Normal"
"Text","Black","1","0","10.アフィン変換","False"
"0","67","162","4","0","Center","Center","1.2","Yu Gothic UI","Normal","Normal"
"Text","Black","1","0","10.アフィン変換","False"
"0","67","156","4","0","Center","Center","1.2","Yu Gothic UI","Normal","Normal"
"Text","Black","1","0","10.アフィン変換","False"
"0","67","150","4","0","Center","Center","1.2","Yu Gothic UI","Normal","Normal"
"Text","Black","1","0","10.アフィン変換","False"
"0","67","144","4","0","Center","Center","1.2","Yu Gothic UI","Normal","Normal"
"Text","Black","1","0","10.アフィン変換","False"
"0","67","138","4","0","Center","Center","1.2","Yu Gothic UI","Normal","Normal"
"Text","Black","1","0","10.アフィン変換","False"
"0","67","120","4","0","Center","Center","1.2","Yu Gothic UI","Normal","Normal"
"Text","Black","1","0","10.アフィン変換","False"
"0","67","108","4","0","Center","Center","1.2","Yu Gothic UI","Normal","Normal"
"Text","Black","1","0","10.アフィン変換","False"
"-sin θy","67","114","4","0","Center","Center","1.2","Yu Gothic UI","Normal","Normal"
"Line","Black","1","0","10.アフィン変換","False"
"74","105","74","201"
"Text","Black","1","0","10.アフィン変換","False"
"0","80","192","4","0","Center","Center","1.2","Yu Gothic UI","Normal","Normal"
"Text","Black","1","0","10.アフィン変換","False"
"0","80","168","4","0","Center","Center","1.2","Yu Gothic UI","Normal","Normal"
"Text","Black","1","0","10.アフィン変換","False"
"0","80","186","4","0","Center","Center","1.2","Yu Gothic UI","Normal","Normal"
"Text","Black","1","0","10.アフィン変換","False"
"0","80","180","4","0","Center","Center","1.2","Yu Gothic UI","Normal","Normal"
"Text","Black","1","0","10.アフィン変換","False"
"0","80","174","4","0","Center","Center","1.2","Yu Gothic UI","Normal","Normal"
"Text","Black","1","0","10.アフィン変換","False"
"0","80","162","4","0","Center","Center","1.2","Yu Gothic UI","Normal","Normal"
"Text","Black","1","0","10.アフィン変換","False"
"0","80","156","4","0","Center","Center","1.2","Yu Gothic UI","Normal","Normal"
"Text","Black","1","0","10.アフィン変換","False"
"0","80","150","4","0","Center","Center","1.2","Yu Gothic UI","Normal","Normal"
"Text","Black","1","0","10.アフィン変換","False"
"0","80","144","4","0","Center","Center","1.2","Yu Gothic UI","Normal","Normal"
"Text","Black","1","0","10.アフィン変換","False"
"0","80","126","4","0","Center","Center","1.2","Yu Gothic UI","Normal","Normal"
"Text","Black","1","0","10.アフィン変換","False"
"0","80","120","4","0","Center","Center","1.2","Yu Gothic UI","Normal","Normal"
"Line","Black","1","0","10.アフィン変換","False"
"87","105","87","201"
"Line","Black","1","0","10.アフィン変換","False"
"100","105","100","201"
"Text","Black","1","0","10.アフィン変換","False"
"0","106","192","4","0","Center","Center","1.2","Yu Gothic UI","Normal","Normal"
"Text","Black","1","0","10.アフィン変換","False"
"0","106","168","4","0","Center","Center","1.2","Yu Gothic UI","Normal","Normal"
"Text","Black","1","0","10.アフィン変換","False"
"0","106","186","4","0","Center","Center","1.2","Yu Gothic UI","Normal","Normal"
"Text","Black","1","0","10.アフィン変換","False"
"0","106","180","4","0","Center","Center","1.2","Yu Gothic UI","Normal","Normal"
"Text","Black","1","0","10.アフィン変換","False"
"0","106","174","4","0","Center","Center","1.2","Yu Gothic UI","Normal","Normal"
"Text","Black","1","0","10.アフィン変換","False"
"0","106","162","4","0","Center","Center","1.2","Yu Gothic UI","Normal","Normal"
"Text","Black","1","0","10.アフィン変換","False"
"0","106","156","4","0","Center","Center","1.2","Yu Gothic UI","Normal","Normal"
"Text","Black","1","0","10.アフィン変換","False"
"0","106","150","4","0","Center","Center","1.2","Yu Gothic UI","Normal","Normal"
"Text","Black","1","0","10.アフィン変換","False"
"0","106","144","4","0","Center","Center","1.2","Yu Gothic UI","Normal","Normal"
"Text","Black","1","0","10.アフィン変換","False"
"0","106","138","4","0","Center","Center","1.2","Yu Gothic UI","Normal","Normal"
"Text","Black","1","0","10.アフィン変換","False"
"0","106","108","4","0","Center","Center","1.2","Yu Gothic UI","Normal","Normal"
"Line","Black","1","0","10.アフィン変換","False"
"113","105","113","201"
"Text","Black","1","0","10.アフィン変換","False"
"c","67","198","4","0","Center","Center","1.2","Yu Gothic UI","Normal","Normal"
"Text","Black","1","0","10.アフィン変換","False"
"0","67","132","4","0","Center","Center","1.2","Yu Gothic UI","Normal","Normal"
"Text","Black","1","0","10.アフィン変換","False"
"Dzx","67","126","4","0","Center","Center","1.2","Yu Gothic UI","Normal","Normal"
"Text","Black","1","0","10.アフィン変換","False"
"0","54","114","4","0","Center","Center","1.2","Yu Gothic UI","Normal","Normal"
"Text","Black","1","0","10.アフィン変換","False"
"sin θz","54","108","4","0","Center","Center","1.2","Yu Gothic UI","Normal","Normal"
"Text","Black","1","0","10.アフィン変換","False"
"-sinθz","80","108","4","0","Center","Center","1.2","Yu Gothic UI","Normal","Normal"
"Text","Black","1","0","10.アフィン変換","False"
"0","80","114","4","0","Center","Center","1.2","Yu Gothic UI","Normal","Normal"
"Text","Black","1","0","10.アフィン変換","False"
"0","80","132","4","0","Center","Center","1.2","Yu Gothic UI","Normal","Normal"
"Text","Black","1","0","10.アフィン変換","False"
"Dxy","80","138","4","0","Center","Center","1.2","Yu Gothic UI","Normal","Normal"
"Text","Black","1","0","10.アフィン変換","False"
"d","80","198","4","0","Center","Center","1.2","Yu Gothic UI","Normal","Normal"
"Text","Black","1","0","10.アフィン変換","False"
"e","93","198","4","0","Center","Center","1.2","Yu Gothic UI","Normal","Normal"
"Text","Black","1","0","10.アフィン変換","False"
"1","93","192","4","0","Center","Center","1.2","Yu Gothic UI","Normal","Normal"
"Text","Black","1","0","10.アフィン変換","False"
"Sy","93","186","4","0","Center","Center","1.2","Yu Gothic UI","Normal","Normal"
"Text","Black","1","0","10.アフィン変換","False"
"1","93","180","4","0","Center","Center","1.2","Yu Gothic UI","Normal","Normal"
"Text","Black","1","0","10.アフィン変換","False"
"1","93","174","4","0","Center","Center","1.2","Yu Gothic UI","Normal","Normal"
"Text","Black","1","0","10.アフィン変換","False"
"-1","93","168","4","0","Center","Center","1.2","Yu Gothic UI","Normal","Normal"
"Text","Black","1","0","10.アフィン変換","False"
"-1","93","162","4","0","Center","Center","1.2","Yu Gothic UI","Normal","Normal"
"Text","Black","1","0","10.アフィン変換","False"
"1","93","156","4","0","Center","Center","1.2","Yu Gothic UI","Normal","Normal"
"Text","Black","1","0","10.アフィン変換","False"
"-1","93","150","4","0","Center","Center","1.2","Yu Gothic UI","Normal","Normal"
"Text","Black","1","0","10.アフィン変換","False"
"-1","93","144","4","0","Center","Center","1.2","Yu Gothic UI","Normal","Normal"
"Text","Black","1","0","10.アフィン変換","False"
"1","93","138","4","0","Center","Center","1.2","Yu Gothic UI","Normal","Normal"
"Text","Black","1","0","10.アフィン変換","False"
"1","93","132","4","0","Center","Center","1.2","Yu Gothic UI","Normal","Normal"
"Text","Black","1","0","10.アフィン変換","False"
"1","93","126","4","0","Center","Center","1.2","Yu Gothic UI","Normal","Normal"
"Text","Black","1","0","10.アフィン変換","False"
"cos θx","93","120","4","0","Center","Center","1.2","Yu Gothic UI","Normal","Normal"
"Text","Black","1","0","10.アフィン変換","False"
"1","93","114","4","0","Center","Center","1.2","Yu Gothic UI","Normal","Normal"
"Text","Black","1","0","10.アフィン変換","False"
"cos θz","93","108","4","0","Center","Center","1.2","Yu Gothic UI","Normal","Normal"
"Text","Black","1","0","10.アフィン変換","False"
"0","106","132","4","0","Center","Center","1.2","Yu Gothic UI","Normal","Normal"
"Text","Black","1","0","10.アフィン変換","False"
"sin θx","106","120","4","0","Center","Center","1.2","Yu Gothic UI","Normal","Normal"
"Text","Black","1","0","10.アフィン変換","False"
"0","106","114","4","0","Center","Center","1.2","Yu Gothic UI","Normal","Normal"
"Text","Black","1","0","10.アフィン変換","False"
"0","120","192","4","0","Center","Center","1.2","Yu Gothic UI","Normal","Normal"
"Text","Black","1","0","10.アフィン変換","False"
"0","120","168","4","0","Center","Center","1.2","Yu Gothic UI","Normal","Normal"
"Text","Black","1","0","10.アフィン変換","False"
"0","120","186","4","0","Center","Center","1.2","Yu Gothic UI","Normal","Normal"
"Text","Black","1","0","10.アフィン変換","False"
"0","120","180","4","0","Center","Center","1.2","Yu Gothic UI","Normal","Normal"
"Text","Black","1","0","10.アフィン変換","False"
"0","120","174","4","0","Center","Center","1.2","Yu Gothic UI","Normal","Normal"
"Text","Black","1","0","10.アフィン変換","False"
"0","120","162","4","0","Center","Center","1.2","Yu Gothic UI","Normal","Normal"
"Text","Black","1","0","10.アフィン変換","False"
"0","120","156","4","0","Center","Center","1.2","Yu Gothic UI","Normal","Normal"
"Text","Black","1","0","10.アフィン変換","False"
"0","120","150","4","0","Center","Center","1.2","Yu Gothic UI","Normal","Normal"
"Text","Black","1","0","10.アフィン変換","False"
"0","120","144","4","0","Center","Center","1.2","Yu Gothic UI","Normal","Normal"
"Text","Black","1","0","10.アフィン変換","False"
"0","120","108","4","0","Center","Center","1.2","Yu Gothic UI","Normal","Normal"
"Text","Black","1","0","10.アフィン変換","False"
"0","120","132","4","0","Center","Center","1.2","Yu Gothic UI","Normal","Normal"
"Line","Black","1","0","10.アフィン変換","False"
"127","105","127","201"
"Text","Black","1","0","10.アフィン変換","False"
"0","133","192","4","0","Center","Center","1.2","Yu Gothic UI","Normal","Normal"
"Text","Black","1","0","10.アフィン変換","False"
"0","133","168","4","0","Center","Center","1.2","Yu Gothic UI","Normal","Normal"
"Text","Black","1","0","10.アフィン変換","False"
"0","133","186","4","0","Center","Center","1.2","Yu Gothic UI","Normal","Normal"
"Text","Black","1","0","10.アフィン変換","False"
"0","133","180","4","0","Center","Center","1.2","Yu Gothic UI","Normal","Normal"
"Text","Black","1","0","10.アフィン変換","False"
"0","133","174","4","0","Center","Center","1.2","Yu Gothic UI","Normal","Normal"
"Text","Black","1","0","10.アフィン変換","False"
"0","133","162","4","0","Center","Center","1.2","Yu Gothic UI","Normal","Normal"
"Text","Black","1","0","10.アフィン変換","False"
"0","133","156","4","0","Center","Center","1.2","Yu Gothic UI","Normal","Normal"
"Text","Black","1","0","10.アフィン変換","False"
"0","133","150","4","0","Center","Center","1.2","Yu Gothic UI","Normal","Normal"
"Text","Black","1","0","10.アフィン変換","False"
"0","133","144","4","0","Center","Center","1.2","Yu Gothic UI","Normal","Normal"
"Text","Black","1","0","10.アフィン変換","False"
"0","133","138","4","0","Center","Center","1.2","Yu Gothic UI","Normal","Normal"
"Text","Black","1","0","10.アフィン変換","False"
"0","133","108","4","0","Center","Center","1.2","Yu Gothic UI","Normal","Normal"
"Text","Black","1","0","10.アフィン変換","False"
"0","133","114","4","0","Center","Center","1.2","Yu Gothic UI","Normal","Normal"
"Line","Black","1","0","10.アフィン変換","False"
"140","105","140","201"
"Line","Black","1","0","10.アフィン変換","False"
"153","105","153","201"
"Text","Black","1","0","10.アフィン変換","False"
"0","159","168","4","0","Center","Center","1.2","Yu Gothic UI","Normal","Normal"
"Text","Black","1","0","10.アフィン変換","False"
"0","159","186","4","0","Center","Center","1.2","Yu Gothic UI","Normal","Normal"
"Text","Black","1","0","10.アフィン変換","False"
"0","159","180","4","0","Center","Center","1.2","Yu Gothic UI","Normal","Normal"
"Text","Black","1","0","10.アフィン変換","False"
"0","159","174","4","0","Center","Center","1.2","Yu Gothic UI","Normal","Normal"
"Text","Black","1","0","10.アフィン変換","False"
"0","159","162","4","0","Center","Center","1.2","Yu Gothic UI","Normal","Normal"
"Text","Black","1","0","10.アフィン変換","False"
"0","159","156","4","0","Center","Center","1.2","Yu Gothic UI","Normal","Normal"
"Text","Black","1","0","10.アフィン変換","False"
"0","159","150","4","0","Center","Center","1.2","Yu Gothic UI","Normal","Normal"
"Text","Black","1","0","10.アフィン変換","False"
"0","159","144","4","0","Center","Center","1.2","Yu Gothic UI","Normal","Normal"
"Text","Black","1","0","10.アフィン変換","False"
"0","159","138","4","0","Center","Center","1.2","Yu Gothic UI","Normal","Normal"
"Text","Black","1","0","10.アフィン変換","False"
"0","159","108","4","0","Center","Center","1.2","Yu Gothic UI","Normal","Normal"
"Text","Black","1","0","10.アフィン変換","False"
"0","159","132","4","0","Center","Center","1.2","Yu Gothic UI","Normal","Normal"
"Text","Black","1","0","10.アフィン変換","False"
"0","159","114","4","0","Center","Center","1.2","Yu Gothic UI","Normal","Normal"
"Line","Black","1","0","10.アフィン変換","False"
"166","105","166","201"
"Text","Black","1","0","10.アフィン変換","False"
"0","173","168","4","0","Center","Center","1.2","Yu Gothic UI","Normal","Normal"
"Text","Black","1","0","10.アフィン変換","False"
"0","173","186","4","0","Center","Center","1.2","Yu Gothic UI","Normal","Normal"
"Text","Black","1","0","10.アフィン変換","False"
"0","173","180","4","0","Center","Center","1.2","Yu Gothic UI","Normal","Normal"
"Text","Black","1","0","10.アフィン変換","False"
"0","173","174","4","0","Center","Center","1.2","Yu Gothic UI","Normal","Normal"
"Text","Black","1","0","10.アフィン変換","False"
"0","173","162","4","0","Center","Center","1.2","Yu Gothic UI","Normal","Normal"
"Text","Black","1","0","10.アフィン変換","False"
"0","173","156","4","0","Center","Center","1.2","Yu Gothic UI","Normal","Normal"
"Text","Black","1","0","10.アフィン変換","False"
"0","173","150","4","0","Center","Center","1.2","Yu Gothic UI","Normal","Normal"
"Text","Black","1","0","10.アフィン変換","False"
"0","173","144","4","0","Center","Center","1.2","Yu Gothic UI","Normal","Normal"
"Text","Black","1","0","10.アフィン変換","False"
"0","173","138","4","0","Center","Center","1.2","Yu Gothic UI","Normal","Normal"
"Text","Black","1","0","10.アフィン変換","False"
"0","173","108","4","0","Center","Center","1.2","Yu Gothic UI","Normal","Normal"
"Text","Black","1","0","10.アフィン変換","False"
"0","173","132","4","0","Center","Center","1.2","Yu Gothic UI","Normal","Normal"
"Text","Black","1","0","10.アフィン変換","False"
"0","173","114","4","0","Center","Center","1.2","Yu Gothic UI","Normal","Normal"
"Line","Black","1","0","10.アフィン変換","False"
"180","105","180","201"
"Text","Black","1","0","10.アフィン変換","False"
"0","186","168","4","0","Center","Center","1.2","Yu Gothic UI","Normal","Normal"
"Text","Black","1","0","10.アフィン変換","False"
"0","186","186","4","0","Center","Center","1.2","Yu Gothic UI","Normal","Normal"
"Text","Black","1","0","10.アフィン変換","False"
"0","186","180","4","0","Center","Center","1.2","Yu Gothic UI","Normal","Normal"
"Text","Black","1","0","10.アフィン変換","False"
"0","186","174","4","0","Center","Center","1.2","Yu Gothic UI","Normal","Normal"
"Text","Black","1","0","10.アフィン変換","False"
"0","186","162","4","0","Center","Center","1.2","Yu Gothic UI","Normal","Normal"
"Text","Black","1","0","10.アフィン変換","False"
"0","186","156","4","0","Center","Center","1.2","Yu Gothic UI","Normal","Normal"
"Text","Black","1","0","10.アフィン変換","False"
"0","186","150","4","0","Center","Center","1.2","Yu Gothic UI","Normal","Normal"
"Text","Black","1","0","10.アフィン変換","False"
"0","186","144","4","0","Center","Center","1.2","Yu Gothic UI","Normal","Normal"
"Text","Black","1","0","10.アフィン変換","False"
"0","186","138","4","0","Center","Center","1.2","Yu Gothic UI","Normal","Normal"
"Text","Black","1","0","10.アフィン変換","False"
"0","186","108","4","0","Center","Center","1.2","Yu Gothic UI","Normal","Normal"
"Text","Black","1","0","10.アフィン変換","False"
"0","186","132","4","0","Center","Center","1.2","Yu Gothic UI","Normal","Normal"
"Text","Black","1","0","10.アフィン変換","False"
"0","186","114","4","0","Center","Center","1.2","Yu Gothic UI","Normal","Normal"
"Line","Black","1","0","10.アフィン変換","False"
"193","105","193","201"
"Text","Black","1","0","10.アフィン変換","False"
"f","106","198","4","0","Center","Center","1.2","Yu Gothic UI","Normal","Normal"
"Text","Black","1","0","10.アフィン変換","False"
"g","120","198","4","0","Center","Center","1.2","Yu Gothic UI","Normal","Normal"
"Text","Black","1","0","10.アフィン変換","False"
"h","133","198","4","0","Center","Center","1.2","Yu Gothic UI","Normal","Normal"
"Text","Black","1","0","10.アフィン変換","False"
"i","146","198","4","0","Center","Center","1.2","Yu Gothic UI","Normal","Normal"
"Text","Black","1","0","10.アフィン変換","False"
"j","159","198","4","0","Center","Center","1.2","Yu Gothic UI","Normal","Normal"
"Text","Black","1","0","10.アフィン変換","False"
"k","173","198","4","0","Center","Center","1.2","Yu Gothic UI","Normal","Normal"
"Text","Black","1","0","10.アフィン変換","False"
"l","186","198","4","0","Center","Center","1.2","Yu Gothic UI","Normal","Normal"
"Text","Black","1","0","10.アフィン変換","False"
"x 軸方向","17","138","4","0","Left","Center","1.2","Yu Gothic UI","Normal","Normal"
"Text","Black","1","0","10.アフィン変換","False"
"y 軸方向","17","132","4","0","Left","Center","1.2","Yu Gothic UI","Normal","Normal"
"Text","Black","1","0","10.アフィン変換","False"
"z 軸方向","17","126","4","0","Left","Center","1.2","Yu Gothic UI","Normal","Normal"
"Text","Black","1","0","10.アフィン変換","False"
"Dxy","120","138","4","0","Center","Center","1.2","Yu Gothic UI","Normal","Normal"
"Text","Black","1","0","10.アフィン変換","False"
"0","120","126","4","0","Center","Center","1.2","Yu Gothic UI","Normal","Normal"
"Text","Black","1","0","10.アフィン変換","False"
"0","120","120","4","0","Center","Center","1.2","Yu Gothic UI","Normal","Normal"
"Text","Black","1","0","10.アフィン変換","False"
"sin θy","120","114","4","0","Center","Center","1.2","Yu Gothic UI","Normal","Normal"
"Text","Black","1","0","10.アフィン変換","False"
"Dyz","133","132","4","0","Center","Center","1.2","Yu Gothic UI","Normal","Normal"
"Text","Black","1","0","10.アフィン変換","False"
"0","133","126","4","0","Center","Center","1.2","Yu Gothic UI","Normal","Normal"
"Text","Black","1","0","10.アフィン変換","False"
"-sin θx","133","120","4","0","Center","Center","1.2","Yu Gothic UI","Normal","Normal"
"Text","Black","1","0","10.アフィン変換","False"
"1","146","192","4","0","Center","Center","1.2","Yu Gothic UI","Normal","Normal"
"Text","Black","1","0","10.アフィン変換","False"
"Sz","146","186","4","0","Center","Center","1.2","Yu Gothic UI","Normal","Normal"
"Text","Black","1","0","10.アフィン変換","False"
"-1","146","180","4","0","Center","Center","1.2","Yu Gothic UI","Normal","Normal"
"Text","Black","1","0","10.アフィン変換","False"
"1","146","174","4","0","Center","Center","1.2","Yu Gothic UI","Normal","Normal"
"Text","Black","1","0","10.アフィン変換","False"
"1","146","168","4","0","Center","Center","1.2","Yu Gothic UI","Normal","Normal"
"Text","Black","1","0","10.アフィン変換","False"
"-1","146","162","4","0","Center","Center","1.2","Yu Gothic UI","Normal","Normal"
"Text","Black","1","0","10.アフィン変換","False"
"-1","146","156","4","0","Center","Center","1.2","Yu Gothic UI","Normal","Normal"
"Text","Black","1","0","10.アフィン変換","False"
"1","146","150","4","0","Center","Center","1.2","Yu Gothic UI","Normal","Normal"
"Text","Black","1","0","10.アフィン変換","False"
"-1","146","144","4","0","Center","Center","1.2","Yu Gothic UI","Normal","Normal"
"Text","Black","1","0","10.アフィン変換","False"
"1","146","138","4","0","Center","Center","1.2","Yu Gothic UI","Normal","Normal"
"Text","Black","1","0","10.アフィン変換","False"
"1","146","132","4","0","Center","Center","1.2","Yu Gothic UI","Normal","Normal"
"Text","Black","1","0","10.アフィン変換","False"
"1","146","126","4","0","Center","Center","1.2","Yu Gothic UI","Normal","Normal"
"Text","Black","1","0","10.アフィン変換","False"
"cos θx","146","120","4","0","Center","Center","1.2","Yu Gothic UI","Normal","Normal"
"Text","Black","1","0","10.アフィン変換","False"
"cos θy","146","114","4","0","Center","Center","1.2","Yu Gothic UI","Normal","Normal"
"Text","Black","1","0","10.アフィン変換","False"
"1","146","108","4","0","Center","Center","1.2","Yu Gothic UI","Normal","Normal"
"Text","Black","1","0","10.アフィン変換","False"
"Tx","159","192","4","0","Center","Center","1.2","Yu Gothic UI","Normal","Normal"
"Text","Black","1","0","10.アフィン変換","False"
"0","159","126","4","0","Center","Center","1.2","Yu Gothic UI","Normal","Normal"
"Text","Black","1","0","10.アフィン変換","False"
"0","159","120","4","0","Center","Center","1.2","Yu Gothic UI","Normal","Normal"
"Text","Black","1","0","10.アフィン変換","False"
"Ty","173","192","4","0","Center","Center","1.2","Yu Gothic UI","Normal","Normal"
"Text","Black","1","0","10.アフィン変換","False"
"Tz","186","192","4","0","Center","Center","1.2","Yu Gothic UI","Normal","Normal"
"Text","Black","1","0","10.アフィン変換","False"
"0","173","126","4","0","Center","Center","1.2","Yu Gothic UI","Normal","Normal"
"Text","Black","1","0","10.アフィン変換","False"
"0","173","120","4","0","Center","Center","1.2","Yu Gothic UI","Normal","Normal"
"Text","Black","1","0","10.アフィン変換","False"
"0","186","126","4","0","Center","Center","1.2","Yu Gothic UI","Normal","Normal"
"Text","Black","1","0","10.アフィン変換","False"
"0","186","120","4","0","Center","Center","1.2","Yu Gothic UI","Normal","Normal"
"Text","Black","1","0","10.アフィン変換","False"
"cos θy","36","114","4","0","Left","Center","1.2","Yu Gothic UI","Normal","Normal"
"Text","Black","1","0","10.アフィン変換","False"
"対称移動","13","155","4","1.5707963267948966","Left","Center","1.2","Yu Gothic UI","Normal","Normal"
"Line","Black","1","0","10.アフィン変換","False"
"10","105","193","105"
"Line","Black","1","0","10.アフィン変換","False"
"10","201","193","201"
"Line","Black","1","0","10.アフィン変換","False"
"10","201","193","201"
"Line","Black","1","0","10.アフィン変換","False"
"10","195","193","195"
"Line","Black","1","0","10.アフィン変換","False"
"10","189","193","189"
"Line","Black","1","0","10.アフィン変換","False"
"10","183","193","183"
"Line","Black","1","0","10.アフィン変換","False"
"10","141","193","141"
"Line","Black","1","0","10.アフィン変換","False"
"15.999999999999996","147","193","147"
"Line","Black","1","0","10.アフィン変換","False"
"15.99999999999999","177","193","177"
"Line","Black","1","0","10.アフィン変換","False"
"15.999999999999996","171","193","171"
"Line","Black","1","0","10.アフィン変換","False"
"16.000000000000004","165","193","165"
"Line","Black","1","0","10.アフィン変換","False"
"15.999999999999996","159","193","159"
"Line","Black","1","0","10.アフィン変換","False"
"16","153","193","153"
"Line","Black","1","0","10.アフィン変換","False"
"15.999999999999996","135","193","135"
"Line","Black","1","0","10.アフィン変換","False"
"16","129","193","129"
"Line","Black","1","0","10.アフィン変換","False"
"10","123","193","123"
"Line","Black","1","0","10.アフィン変換","False"
"15.999999999999996","117","193","117"
"Line","Black","1","0","10.アフィン変換","False"
"16","111","193","111"
"Text","Black","1","0","10.アフィン変換","False"
"各種３次元座標変換マトリックス表","41","204","4","0","Center","Center","1.2","Yu Gothic UI","Normal","Normal"
"Text","Black","1","0","10.アフィン変換","False"
"3次元変換マトリックス(アフィン変換)","10","291","4","0","Left","Center","1.2","Yu Gothic UI","Normal","Bold"
"Text","Black","1","0","10.アフィン変換","False"
"[x y z]","18","272","4","0","Left","Center","1.2","Yu Gothic UI","Normal","Normal"
"Text","Black","1","0","10.アフィン変換","False"
"a b c\\nd e f\\ng h i","33","277","4","0","Left","Center","1.2","Yu Gothic UI","Normal","Normal"
"Text","Black","1","0","10.アフィン変換","False"
"=","47","272","4","0","Left","Center","1.2","Yu Gothic UI","Normal","Normal"
"Polyline","Black","1","0","10.アフィン変換","False"
"32","278","31","278","31","265","32","265"
"Polyline","Black","1","0","10.アフィン変換","False"
"42","278","43","278","43","265","42","265"
"Text","Black","1","0","10.アフィン変換","False"
"[ax + dy + gz  bx + ey + hz  cx + fy + iz]","51","272","4","0","Left","Center","1.2","Yu Gothic UI","Normal","Normal"
"Text","Black","1","0","10.アフィン変換","False"
"=","125","272","4","0","Left","Center","1.2","Yu Gothic UI","Normal","Normal"
"Text","Black","1","0","10.アフィン変換","False"
"[xt yt zt]","130","272","4","0","Left","Center","1.2","Yu Gothic UI","Normal","Normal"
"Text","Black","1","0","10.アフィン変換","False"
"[xt yt zt 1]","16","244","4","0","Left","Center","1.2","Yu Gothic UI","Normal","Normal"
"Text","Black","1","0","10.アフィン変換","False"
"=","36","244","4","0","Left","Center","1.2","Yu Gothic UI","Normal","Normal"
"Text","Black","1","0","10.アフィン変換","False"
"[x y z 1]","40","244","4","0","Left","Center","1.2","Yu Gothic UI","Normal","Normal"
"Polyline","Black","1","0","10.アフィン変換","False"
"57","252","56","252","56","235","57","235"
"Polyline","Black","1","0","10.アフィン変換","False"
"71","252","72","252","72","235","71","235"
"Text","Black","1","0","10.アフィン変換","False"
"a b c 0\\nd e f 0\\ng h i 0\\n j k l 1","58","251","4","0","Left","Center","1.2","Yu Gothic UI","Normal","Normal"
"Text","Black","1","0","10.アフィン変換","False"
"xt = ax + dy + gz + j\\nyt =bx + ey + gz + k\\nzt = cx + fy + iz + l\\n1 = 1","17","228","4","0","Left","Center","1.2","Yu Gothic UI","Normal","Normal"
"Text","Black","1","0","10.アフィン変換","False"
"点Pの座標成分(x\,y\,z)を３行３列の変換マトリックスをかけて新たな位置Ptの座標成分(xt\,yt\,zt)を得る","11","282","4","0","Left","Center","1.2","Yu Gothic UI","Normal","Normal"
"Text","Black","1","0","10.アフィン変換","False"
"ただし平行移動を表す式には定数 Tx\,Ty\,Tzが含まれているので４行４列の変換マトリックスを使う","12","257","4","0","Left","Center","1.2","Yu Gothic UI","Normal","Normal"
"Text","Black","1","0","10.アフィン変換","False"
"Dyx","54","132","4","0","Center","Center","1.2","Yu Gothic UI","Normal","Normal"
"Text","Black","1","0","10.アフィン変換","False"
"Dzy","106","126","4","0","Center","Center","1.2","Yu Gothic UI","Normal","Normal"
"Text","Black","1","0","10.アフィン変換","False"
"xt = ax + cy + e\\nyt = bx + dy + f\\n1 = 1","19","39","4","0","Left","Center","1.2","Yu Gothic UI","Normal","Normal"
"Text","Black","1","0","10.アフィン変換","False"
"要素","99","56","4","0","Left","Center","1.2","Yu Gothic UI","Normal","Normal"
"Text","Black","1","0","10.アフィン変換","False"
"平行移動","99","50","4","0","Left","Center","1.2","Yu Gothic UI","Normal","Normal"
"Text","Black","1","0","10.アフィン変換","False"
"拡大縮小","99","44","4","0","Left","Center","1.2","Yu Gothic UI","Normal","Normal"
"Text","Black","1","0","10.アフィン変換","False"
"1","128","50","4","0","Left","Center","1.2","Yu Gothic UI","Normal","Normal"
"Text","Black","1","0","10.アフィン変換","False"
"a","128","56","4","0","Left","Center","1.2","Yu Gothic UI","Normal","Normal"
"Text","Black","1","0","10.アフィン変換","False"
"Sx","127","44","4","0","Left","Center","1.2","Yu Gothic UI","Normal","Normal"
"Text","Black","1","0","10.アフィン変換","False"
"b","142","56","4","0","Center","Center","1.2","Yu Gothic UI","Normal","Normal"
"Text","Black","1","0","10.アフィン変換","False"
"0","142","50","4","0","Center","Center","1.2","Yu Gothic UI","Normal","Normal"
"Text","Black","1","0","10.アフィン変換","False"
"0","142","44","4","0","Center","Center","1.2","Yu Gothic UI","Normal","Normal"
"Text","Black","1","0","10.アフィン変換","False"
"0","155","44","4","0","Center","Center","1.2","Yu Gothic UI","Normal","Normal"
"Text","Black","1","0","10.アフィン変換","False"
"0","194","44","4","0","Center","Center","1.2","Yu Gothic UI","Normal","Normal"
"Text","Black","1","0","10.アフィン変換","False"
"c","155","56","4","0","Center","Center","1.2","Yu Gothic UI","Normal","Normal"
"Text","Black","1","0","10.アフィン変換","False"
"d","168","56","4","0","Center","Center","1.2","Yu Gothic UI","Normal","Normal"
"Text","Black","1","0","10.アフィン変換","False"
"e","181","56","4","0","Center","Center","1.2","Yu Gothic UI","Normal","Normal"
"Text","Black","1","0","10.アフィン変換","False"
"f","194","56","4","0","Center","Center","1.2","Yu Gothic UI","Normal","Normal"
"Line","Black","1","0","10.アフィン変換","False"
"98","59","200","59"
"Line","Black","1","0","10.アフィン変換","False"
"98","59","200","59"
"Line","Black","1","0","10.アフィン変換","False"
"98","53","200","53"
"Line","Black","1","0","10.アフィン変換","False"
"98","47","200","47"
"Line","Black","1","0","10.アフィン変換","False"
"98","41","200","41"
"Text","Black","1","0","10.アフィン変換","False"
"x 軸対称","105","38","4","0","Left","Center","1.2","Yu Gothic UI","Normal","Normal"
"Text","Black","1","0","10.アフィン変換","False"
"y 軸対称","105","32","4","0","Left","Center","1.2","Yu Gothic UI","Normal","Normal"
"Text","Black","1","0","10.アフィン変換","False"
"1","128","38","4","0","Left","Center","1.2","Yu Gothic UI","Normal","Normal"
"Text","Black","1","0","10.アフィン変換","False"
"-1","126","32","4","0","Left","Center","1.2","Yu Gothic UI","Normal","Normal"
"Text","Black","1","0","10.アフィン変換","False"
"0","142","38","4","0","Center","Center","1.2","Yu Gothic UI","Normal","Normal"
"Text","Black","1","0","10.アフィン変換","False"
"0","142","32","4","0","Center","Center","1.2","Yu Gothic UI","Normal","Normal"
"Text","Black","1","0","10.アフィン変換","False"
"0","155","38","4","0","Center","Center","1.2","Yu Gothic UI","Normal","Normal"
"Text","Black","1","0","10.アフィン変換","False"
"0","155","32","4","0","Center","Center","1.2","Yu Gothic UI","Normal","Normal"
"Text","Black","1","0","10.アフィン変換","False"
"0","194","38","4","0","Center","Center","1.2","Yu Gothic UI","Normal","Normal"
"Text","Black","1","0","10.アフィン変換","False"
"0","194","32","4","0","Center","Center","1.2","Yu Gothic UI","Normal","Normal"
"Line","Black","1","0","10.アフィン変換","False"
"104","35","200","35"
"Line","Black","1","0","10.アフィン変換","False"
"104","29","200","29"
"Text","Black","1","0","10.アフィン変換","False"
"対称移動","101","24","4","1.5707963267948966","Left","Center","1.2","Yu Gothic UI","Normal","Normal"
"Text","Black","1","0","10.アフィン変換","False"
"原点対称","105","26","4","0","Left","Center","1.2","Yu Gothic UI","Normal","Normal"
"Text","Black","1","0","10.アフィン変換","False"
"1","128","14","4","0","Left","Center","1.2","Yu Gothic UI","Normal","Normal"
"Text","Black","1","0","10.アフィン変換","False"
"1","128","20","4","0","Left","Center","1.2","Yu Gothic UI","Normal","Normal"
"Text","Black","1","0","10.アフィン変換","False"
"-1","126","26","4","0","Left","Center","1.2","Yu Gothic UI","Normal","Normal"
"Text","Black","1","0","10.アフィン変換","False"
"0","142","20","4","0","Center","Center","1.2","Yu Gothic UI","Normal","Normal"
"Text","Black","1","0","10.アフィン変換","False"
"0","155","26","4","0","Center","Center","1.2","Yu Gothic UI","Normal","Normal"
"Text","Black","1","0","10.アフィン変換","False"
"0","168","26","4","0","Center","Center","1.2","Yu Gothic UI","Normal","Normal"
"Text","Black","1","0","10.アフィン変換","False"
"0","194","26","4","0","Center","Center","1.2","Yu Gothic UI","Normal","Normal"
"Text","Black","1","0","10.アフィン変換","False"
"0","194","20","4","0","Center","Center","1.2","Yu Gothic UI","Normal","Normal"
"Text","Black","1","0","10.アフィン変換","False"
"0","155","14","4","0","Center","Center","1.2","Yu Gothic UI","Normal","Normal"
"Text","Black","1","0","10.アフィン変換","False"
"0","194","14","4","0","Center","Center","1.2","Yu Gothic UI","Normal","Normal"
"Text","Black","1","0","10.アフィン変換","False"
"x 軸方向","105","20","4","0","Left","Center","1.2","Yu Gothic UI","Normal","Normal"
"Text","Black","1","0","10.アフィン変換","False"
"y 軸方向","105","14","4","0","Left","Center","1.2","Yu Gothic UI","Normal","Normal"
"Line","Black","1","0","10.アフィン変換","False"
"98","23","200","23"
"Line","Black","1","0","10.アフィン変換","False"
"104","17","200","17"
"Text","Black","1","0","10.アフィン変換","False"
"せん断","101","12","4","1.5707963267948966","Left","Center","1.2","Yu Gothic UI","Normal","Normal"
"Line","Black","1","0","10.アフィン変換","False"
"98","10","200","10"
"Text","Black","1","0","10.アフィン変換","False"
"0","155","50","4","0","Center","Center","1.2","Yu Gothic UI","Normal","Normal"
"Text","Black","1","0","10.アフィン変換","False"
"1","168","50","4","0","Center","Center","1.2","Yu Gothic UI","Normal","Normal"
"Text","Black","1","0","10.アフィン変換","False"
"Tx","181","50","4","0","Center","Center","1.2","Yu Gothic UI","Normal","Normal"
"Text","Black","1","0","10.アフィン変換","False"
"Tz","194","50","4","0","Center","Center","1.2","Yu Gothic UI","Normal","Normal"
"Text","Black","1","0","10.アフィン変換","False"
"Sy","168","44","4","0","Center","Center","1.2","Yu Gothic UI","Normal","Normal"
"Text","Black","1","0","10.アフィン変換","False"
"0","181","44","4","0","Center","Center","1.2","Yu Gothic UI","Normal","Normal"
"Text","Black","1","0","10.アフィン変換","False"
"-1","142","26","4","0","Center","Center","1.2","Yu Gothic UI","Normal","Normal"
"Text","Black","1","0","10.アフィン変換","False"
"0","181","26","4","0","Center","Center","1.2","Yu Gothic UI","Normal","Normal"
"Text","Black","1","0","10.アフィン変換","False"
"-1","168","38","4","0","Center","Center","1.2","Yu Gothic UI","Normal","Normal"
"Text","Black","1","0","10.アフィン変換","False"
"0","181","38","4","0","Center","Center","1.2","Yu Gothic UI","Normal","Normal"
"Text","Black","1","0","10.アフィン変換","False"
"1","168","32","4","0","Center","Center","1.2","Yu Gothic UI","Normal","Normal"
"Text","Black","1","0","10.アフィン変換","False"
"0","181","32","4","0","Center","Center","1.2","Yu Gothic UI","Normal","Normal"
"Text","Black","1","0","10.アフィン変換","False"
"Dx","155","20","4","0","Center","Center","1.2","Yu Gothic UI","Normal","Normal"
"Text","Black","1","0","10.アフィン変換","False"
"1","168","20","4","0","Center","Center","1.2","Yu Gothic UI","Normal","Normal"
"Text","Black","1","0","10.アフィン変換","False"
"0","181","20","4","0","Center","Center","1.2","Yu Gothic UI","Normal","Normal"
"Text","Black","1","0","10.アフィン変換","False"
"Dy","142","14","4","0","Center","Center","1.2","Yu Gothic UI","Normal","Normal"
"Text","Black","1","0","10.アフィン変換","False"
"1","168","14","4","0","Center","Center","1.2","Yu Gothic UI","Normal","Normal"
"Text","Black","1","0","10.アフィン変換","False"
"0","181","14","4","0","Center","Center","1.2","Yu Gothic UI","Normal","Normal"
"Text","Black","1","0","10.アフィン変換","False"
"cos θ","129","7","4","0","Center","Center","1.2","Yu Gothic UI","Normal","Normal"
"Text","Black","1","0","10.アフィン変換","False"
"sin θ","142","7","4","0","Center","Center","1.2","Yu Gothic UI","Normal","Normal"
"Text","Black","1","0","10.アフィン変換","False"
"-sin θ","155","7","4","0","Center","Center","1.2","Yu Gothic UI","Normal","Normal"
"Text","Black","1","0","10.アフィン変換","False"
"cos θ","168","7","4","0","Center","Center","1.2","Yu Gothic UI","Normal","Normal"
"Text","Black","1","0","10.アフィン変換","False"
"0","181","7","4","0","Center","Center","1.2","Yu Gothic UI","Normal","Normal"
"Text","Black","1","0","10.アフィン変換","False"
"0","194","7","4","0","Center","Center","1.2","Yu Gothic UI","Normal","Normal"
"Line","Black","1","0","10.アフィン変換","False"
"104","41","104","10"
"Line","Black","1","0","10.アフィン変換","False"
"98","4","200","4"
"Line","Black","1","0","10.アフィン変換","False"
"98","59","98","4"
"Line","Black","1","0","10.アフィン変換","False"
"200","4","200","59"
"Line","Black","1","0","10.アフィン変換","False"
"187","4","187","59"
"Line","Black","1","0","10.アフィン変換","False"
"174","4","174","59"
"Line","Black","1","0","10.アフィン変換","False"
"161","4","161","59"
"Line","Black","1","0","10.アフィン変換","False"
"148","4","148","59"
"Line","Black","1","0","10.アフィン変換","False"
"136","4","136","59"
"Line","Black","1","0","10.アフィン変換","False"
"123","4","123","59"
"Text","Black","1","0","10.アフィン変換","False"
"原点回転","99","7","4","0","Left","Center","1.2","Yu Gothic UI","Normal","Normal"
"Text","Black","1","0","10.アフィン変換","False"
"各種２次元座標変換マトリックス表","127","62","4","0","Center","Center","1.2","Yu Gothic UI","Normal","Normal"
"Text","Black","1","0","10.アフィン変換","False"
"2次元変換マトリックス(アフィン変換)","9","66","4","0","Left","Center","1.2","Yu Gothic UI","Normal","Bold"
"Text","Black","1","0","10.アフィン変換","False"
"[xt yt 1]","18","50","4","0","Left","Center","1.2","Yu Gothic UI","Normal","Normal"
"Text","Black","1","0","10.アフィン変換","False"
"=","32","50","4","0","Left","Center","1.2","Yu Gothic UI","Normal","Normal"
"Text","Black","1","0","10.アフィン変換","False"
"[x y 1]","36","50","4","0","Left","Center","1.2","Yu Gothic UI","Normal","Normal"
"Text","Black","1","0","10.アフィン変換","False"
"a b 0\\nc d 0\\ne f  1","50","55","4","0","Left","Center","1.2","Yu Gothic UI","Normal","Normal"
"Polyline","Black","1","0","10.アフィン変換","False"
"49","56","48","56","48","44","49","44"
"Polyline","Black","1","0","10.アフィン変換","False"
"59","56","60","56","60","44","59","44"
"Text","Black","1","0","10.アフィン変換","False"
"Tx = j Ty = k Tz = l\\nSx = a Sy = b Sz = i\\nθx = acos(e)\, asin(f)\, asin(-h)\, acos(i)\\nθy = acos(a)\, asin(-c)\, asin(g)\, acos(i)\\nθz = acos(a)\, asin(b)\, asin(-d)\, acos(e) ","128","98","4","0","Left","Center","1.2","Yu Gothic UI","Normal","Normal"
"Line","Black","1","0","10.アフィン変換","False"
"57","101","57","76"
"Text","Black","1","0","10.アフィン変換","False"
"Dyz/-sinθx","58","83","4","0","Left","Center","1.2","Yu Gothic UI","Normal","Normal"
"Text","Black","1","0","10.アフィン変換","False"
"Ty","58","79","4","0","Left","Center","1.2","Yu Gothic UI","Normal","Normal"
"Line","Black","1","0","10.アフィン変換","False"
"89","101","89","76"
"Text","Black","1","0","10.アフィン変換","False"
"Dzx/-sinθy","90","93","4","0","Left","Center","1.2","Yu Gothic UI","Normal","Normal"
"Text","Black","1","0","10.アフィン変換","False"
"cosθx/cosθy","90","83","4","0","Left","Center","1.2","Yu Gothic UI","Normal","Normal"
"Text","Black","1","0","10.アフィン変換","False"
"Tz","90","78","4","0","Left","Center","1.2","Yu Gothic UI","Normal","Normal"
"Text","Black","1","0","10.アフィン変換","False"
"Sy/cosθx/cosθz","58","88","4","0","Left","Center","1.2","Yu Gothic UI","Normal","Normal"
"Line","Black","1","0","10.アフィン変換","False"
"114","101","114","76.00000000000003"
"Line","Black","1","0","10.アフィン変換","False"
"12","101","12","76"
"Line","Black","1","0","10.アフィン変換","False"
"12","101","114","101"
"Line","Black","1","0","10.アフィン変換","False"
"12","96","114","96"
"Line","Black","1","0","10.アフィン変換","False"
"12","91","114","91"
"Line","Black","1","0","10.アフィン変換","False"
"12","86","114","86"
"Line","Black","1","0","10.アフィン変換","False"
"12","81","114","81"
"Line","Black","1","0","10.アフィン変換","False"
"12","76","114","76"
"Text","Black","1","0","10.アフィン変換","False"
"Sx/cosθy/cosθz","28","93","4","0","Left","Center","1.2","Yu Gothic UI","Normal","Normal"
"Text","Black","1","0","10.アフィン変換","False"
"Dxy/-sinθz","28","88","4","0","Left","Center","1.2","Yu Gothic UI","Normal","Normal"
"Text","Black","1","0","10.アフィン変換","False"
"Dxy/sinθy","28","83","4","0","Left","Center","1.2","Yu Gothic UI","Normal","Normal"
"Text","Black","1","0","10.アフィン変換","False"
"Tx","28","78","4","0","Left","Center","1.2","Yu Gothic UI","Normal","Normal"
"Line","Black","1","0","10.アフィン変換","False"
"27","101","27","76"
"Text","Black","1","0","10.アフィン変換","False"
"a\,d\,g\,j","39","98","4","0","Center","Center","1.2","Yu Gothic UI","Normal","Normal"
"Text","Black","1","0","10.アフィン変換","False"
"b\,e\,h\,k","70","98","4","0","Center","Center","1.2","Yu Gothic UI","Normal","Normal"
"Text","Black","1","0","10.アフィン変換","False"
"c\,f\,u\,l","100","98","4","0","Center","Center","1.2","Yu Gothic UI","Normal","Normal"
"Text","Black","1","0","10.アフィン変換","False"
"a\,b\,c","14","93","4","0","Left","Center","1.2","Yu Gothic UI","Normal","Normal"
"Text","Black","1","0","10.アフィン変換","False"
"d\,e\,f","14","88","4","0","Left","Center","1.2","Yu Gothic UI","Normal","Normal"
"Text","Black","1","0","10.アフィン変換","False"
"gj\,k\,l","14","78","4","0","Left","Center","1.2","Yu Gothic UI","Normal","Normal"
"Text","Black","1","0","10.アフィン変換","False"
"g\,h\,i","14","83","4","0","Left","Center","1.2","Yu Gothic UI","Normal","Normal"
"Polygon","Aqua","1","0","10.アフィン変換","False"
"FILL","False","AliceBlue","150","80","178","80","178","77","150","77"
"Polygon","Aqua","1","0","10.アフィン変換","False"
"FILL","False","AliceBlue","150","85","178","85","178","81","150","81"
"Polygon","Aqua","1","0","10.アフィン変換","False"
"FILL","False","AliceBlue","150","90","178","90","178","86","150","86"
"Text","Black","1","0","02.データ構造","False"
"IsShading","87","214","4","0","Left","Center","1.2","Yu Gothic UI","Normal","Normal"
"Line","Black","1","0","02.データ構造","False"
"79","214","85","214"
"Line","Black","1","0","02.データ構造","False"
"79","229","79","214"
"Text","Black","1","0","10.アフィン変換","False"
"Dzx/sinθx","90","88","4","0","Left","Center","1.2","Yu Gothic UI","Normal","Normal"
"Text","Black","1","0","10.アフィン変換","False"
"Dyz/sinθz","58","93","4","0","Left","Center","1.2","Yu Gothic UI","Normal","Normal"
"Parts","Black","1","0","11.アフィン変換(2)","False"
"name","__A4枠縦","line","0","0","210","0","line","210","0","210","297","line","210","297","0","297","line","0","297","0","0","textSize","12","textRotate","0","fontFamily","","fontStyle","Normal","fontWeight","Normal","linePitchRate","1.2","arrowSize","6","arrowAngle","0.5235987755982988"
"Text","Black","1","0","11.アフィン変換(2)","False"
"任意方向の軸周りの回転","12","291","4","0","Left","Center","1.2","Yu Gothic UI","Normal","Bold"
"Parts","Black","1","0","11.アフィン変換(2)","False"
"name","矢印","line","140","279","140","250","line","140","279","141","277.2679491924311","line","140","279","139","277.2679491924311","textSize","12","textRotate","0","fontFamily","Yu Gothic UI","fontStyle","Normal","fontWeight","Normal","linePitchRate","1.2","arrowSize","2","arrowAngle","0.5235987755982988"
"Parts","Black","1","0","11.アフィン変換(2)","False"
"name","矢印","line","170","250","140","250","line","170","250","168.26794919243113","249","line","170","250","168.26794919243113","251","textSize","12","textRotate","0","fontFamily","Yu Gothic UI","fontStyle","Normal","fontWeight","Normal","linePitchRate","1.2","arrowSize","2","arrowAngle","0.5235987755982988"
"Parts","Black","1","0","11.アフィン変換(2)","False"
"name","矢印","line","160","265","140","250","line","160","265","159.2143593539449","263.1607695154587","line","160","265","158.0143593539449","264.76076951545866","textSize","12","textRotate","0","fontFamily","Yu Gothic UI","fontStyle","Normal","fontWeight","Normal","linePitchRate","1.2","arrowSize","2","arrowAngle","0.5235987755982988"
"Parts","Black","1","0","11.アフィン変換(2)","False"
"name","矢印","line","120","230","140","250","line","120","230","120.51763809020504","231.93185165257813","line","120","230","121.93185165257813","230.51763809020505","textSize","12","textRotate","0","fontFamily","Yu Gothic UI","fontStyle","Normal","fontWeight","Normal","linePitchRate","1.2","arrowSize","2","arrowAngle","0.5235987755982988"
"Text","Black","1","0","11.アフィン変換(2)","False"
"X","119","234","4","0","Left","Center","1.2","Yu Gothic UI","Normal","Normal"
"Text","Black","1","0","11.アフィン変換(2)","False"
"Y","169","247","4","0","Left","Center","1.2","Yu Gothic UI","Normal","Normal"
"Text","Black","1","0","11.アフィン変換(2)","False"
"Z","135","280","4","0","Left","Center","1.2","Yu Gothic UI","Normal","Normal"
"Text","Black","1","0","11.アフィン変換(2)","False"
"(u\,v\,w)","163","265","4","0","Left","Center","1.2","Yu Gothic UI","Normal","Normal"
"Arc","Black","1","0","11.アフィン変換(2)","False"
"FILL","False","AliceBlue","150.83333333333331","258.8333333333333","4.249182927994003","1.7681918866447721","5.5532856490278615"
"Polyline","Black","1","0","11.アフィン変換(2)","False"
"153","256","154","256","154","255"
"Text","Black","1","0","11.アフィン変換(2)","False"
"θ","155","255","4","0","Left","Center","1.2","Yu Gothic UI","Normal","Normal"
"Text","Black","1","0","11.アフィン変換(2)","False"
"座標軸まわりの回転だけでなく、任意方向に向いた軸の回転\\n原点をとおり単位ベクトル(u\, v\, w)に沿った軸の周りを角度θ回転させる\\nまず点(1\, 0\, 0)の移動後の座標\\n(u^2 + (1 - u^2) cosθ\, u v (1 - cosθ) + w sinθ\, v w (1 - cosθ) - v sinθ)\\nこれらの u\, v\, wのもじと x y zの関係を循環させれば(0\, 1\, 0)と(0\, 0\, 1)の\\n移動座標も求まる","8","281","4","0","Left","Center","1.2","Yu Gothic UI","Normal","Normal"
"Text","Black","1","0","11.アフィン変換(2)","False"
"u^2 + (1 - u^2) cosθ    u v (1 - cosθ) + w sinθ   v w (1 - cosθ) - v sinθ)   0\\nu v (1 - cosθ) + w sinθ  v^2 + (1 - v^2) cosθ     v w (1 - cosθ) - u sinθ    0\\nv w (1 - cosθ) - v sinθ   v w (1 - cosθ) + u siniθ  w^2 + (1 - w^2) cosθ    0\\n              0                                        0                                  0                     1\\n","14","220","4","0","Left","Center","1.2","Yu Gothic UI","Normal","Normal"
"Text","Black","1","0","11.アフィン変換(2)","False"
"R(u\,v\,w\,θ) = ","8","228","4","0","Left","Center","1.2","Yu Gothic UI","Normal","Normal"
"Polyline","Black","1","0","11.アフィン変換(2)","False"
"13","222","12","222","12","204","13","204"
"Polyline","Black","1","0","11.アフィン変換(2)","False"
"144","221.99999999999994","145","222.0000000000001","145","204","144","204"
"Text","Black","1","0","11.アフィン変換(2)","False"
"原点をとおり単位ベクトルに沿った軸の周りの角度θの回転","6","234","4","0","Left","Center","1.2","Yu Gothic UI","Normal","Normal"
"Text","Black","1","0","11.アフィン変換(2)","False"
"C_Magazine/1994/3Dグラフィック立体画像の知識・理論・プログラム_CMagazine_199407.pdf","7","195","3","0","Left","Center","1.2","Yu Gothic UI","Normal","Normal"
"Text","Black","1","0","03.データ構造(2)","False"
"PrimitiveId","20","150","4","0","Left","Center","1.2","Yu Gothic UI","Normal","Normal"
"Text","Black","1","0","03.データ構造(2)","False"
"FACE3D (XY\,YZ\,ZX\,NON)","20","140","4","0","Left","Center","1.2","Yu Gothic UI","Normal","Normal"
"Text","Black","1","0","03.データ構造(2)","False"
"LineThickness","20","135","4","0","Left","Center","1.2","Yu Gothic UI","Normal","Normal"
"Text","Black","1","0","03.データ構造(2)","False"
"LineColor","20","130","4","0","Left","Center","1.2","Yu Gothic UI","Normal","Normal"
"Text","Black","1","0","03.データ構造(2)","False"
"PickColor","20","120","4","0","Left","Center","1.2","Yu Gothic UI","Normal","Normal"
"Text","Black","1","0","03.データ構造(2)","False"
"Pick","20","115","4","0","Left","Center","1.2","Yu Gothic UI","Normal","Normal"
"Text","Black","1","0","03.データ構造(2)","False"
"List<Surfacedata>","20","110","4","0","Left","Center","1.2","Yu Gothic UI","Normal","Normal"
"Text","Black","1","0","03.データ構造(2)","False"
"List<Brush>FaceColor","20","125","4","0","Left","Center","1.2","Yu Gothic UI","Normal","Normal"
"Text","Black","1","0","03.データ構造(2)","False"
"DrawType (LINES\,LINE_STRIP...)","20","145","4","0","Left","Center","1.2","Yu Gothic UI","Normal","Normal"
"Text","Black","1","0","03.データ構造(2)","False"
"DrawType","65","95","4","0","Left","Center","1.2","Yu Gothic UI","Normal","Normal"
"Text","Black","1","0","03.データ構造(2)","False"
"List<Poin3D>VertexList","65","100","4","0","Left","Center","1.2","Yu Gothic UI","Normal","Normal"
"Polyline","Black","1","0","03.データ構造(2)","False"
"45","105","45","100","60","100"
"Polyline","Black","1","0","03.データ構造(2)","False"
"45","100","45","95","60","95"
"Text","Black","1","0","03.データ構造(2)","False"
"Line\\nPoint3D Sp\, Point3D Ep","20","80","4","0","Left","Center","1.2","Yu Gothic UI","Normal","Normal"
"Text","Black","1","0","03.データ構造(2)","False"
"Polygon\\nList<Point3D> Polygon","20","65","4","0","Left","Center","1.2","Yu Gothic UI","Normal","Normal"
"Text","Black","1","0","03.データ構造(2)","False"
"Push\\nList<Point3D> Polygon\, Point3D Vector","20","50","4","0","Left","Center","1.2","Yu Gothic UI","Normal","Normal"
"Line","Black","1","0","03.データ構造(2)","False"
"15","150","20","150"
"Line","Black","1","0","03.データ構造(2)","False"
"15","145","20","145"
"Line","Black","1","0","03.データ構造(2)","False"
"15","140","20","140"
"Line","Black","1","0","03.データ構造(2)","False"
"15","135","20","135"
"Line","Black","1","0","03.データ構造(2)","False"
"15","130","20","130"
"Line","Black","1","0","03.データ構造(2)","False"
"15","155","15","45"
"Line","Black","1","0","03.データ構造(2)","False"
"15","125","20","125"
"Line","Black","1","0","03.データ構造(2)","False"
"15","120","20","120"
"Line","Black","1","0","03.データ構造(2)","False"
"15","115","20","115"
"Line","Black","1","0","03.データ構造(2)","False"
"15","110","20","110"
"Line","Black","1","0","03.データ構造(2)","False"
"15","80","20","80"
"Line","Black","1","0","03.データ構造(2)","False"
"15","65","20","65"
"Line","Black","1","0","03.データ構造(2)","False"
"15","50","20","50"
"Text","Black","1","0","03.データ構造(2)","False"
"Primitive","10","160","4","0","Left","Center","1.2","Yu Gothic UI","Normal","Normal"
"Polyline","Black","1","0","03.データ構造(2)","False"
"35","105","35","85","105","85","105","45","90","45"
"Line","Black","1","0","03.データ構造(2)","False"
"65","60","105","60"
"Line","Black","1","0","03.データ構造(2)","False"
"65","75","105","75"
"Polyline","Black","1","0","03.データ構造(2)","False"
"33","102","35","105","37","102"
"Text","Black","1","0","01.図形の描画方法","False"
"TRIANGLE_FAN","75.09940266320905","135.25359081952098","4","0","Left","Center","1.2","Yu Gothic UI","Normal","Normal"
"Text","Black","1","0","01.図形の描画方法","False"
"QUAD_STRIP","169.81886370034215","157.91885916782522","4","0","Left","Center","1.2","Yu Gothic UI","Normal","Normal"
"Text","Black","1","0","03.データ構造(2)","False"
"Parts\\n複数のElementデータをまとめて部品として扱えるようにしたものでこの単位で座標変換を行うことが敵る\\n","13","203","4","0","Left","Center","1.2","Yu Gothic UI","Normal","Normal"
"Text","Black","1","0","03.データ構造(2)","False"
"Primitive.getSurface()","57","113","4","0","Left","Center","1.2","Yu Gothic UI","Normal","Normal"
"Text","Black","1","0","03.データ構造(2)","False"
"List<Surface>","101","110","4","0","Left","Center","1.2","Yu Gothic UI","Normal","Normal"
"Polyline","Black","1","0","03.データ構造(2)","False"
"97","112","100","110","97","108"
"Line","Black","1","0","03.データ構造(2)","False"
"53","110","100","110"
"Text","Black","1","0","03.データ構造(2)","False"
"drawSurfaceList()","134","110","4","0","Left","Center","1.2","Yu Gothic UI","Normal","Normal"
"Text","Black","1","0","03.データ構造(2)","False"
"dispConvSurfaceList()  matrix座標変換","136","103","4","0","Left","Center","1.2","Yu Gothic UI","Normal","Normal"
"Text","Black","1","0","03.データ構造(2)","False"
"Sort   z方向にソート","136","98","4","0","Left","Center","1.2","Yu Gothic UI","Normal","Normal"
"Text","Black","1","0","03.データ構造(2)","False"
"draw3DWPolygon()    3D表示","136","93","4","0","Left","Center","1.2","Yu Gothic UI","Normal","Normal"
"Polygon","Black","1","0","03.データ構造(2)","False"
"FILL","False","AliceBlue","135","106","206","106","206","81","135","81"
"Polygon","Black","1","0","03.データ構造(2)","False"
"FILL","False","AliceBlue","133","114","207","114","207","78","133","78"
"Text","Black","1","0","03.データ構造(2)","False"
"Y3DDRaw","134","118","4","0","Left","Center","1.2","Yu Gothic UI","Normal","Normal"
"Parts","Black","1","0","03.データ構造(2)","False"
"name","矢印","line","132","110","126","110","line","132","110","130.26794919243113","109","line","132","110","130.26794919243113","111","textSize","12","textRotate","0","fontFamily","Yu Gothic UI","fontStyle","Normal","fontWeight","Normal","linePitchRate","1.2","arrowSize","2","arrowAngle","0.5235987755982988"
