﻿"Property"
"Prperty","Color","Black","PointType","1","PointSize","3","LineType","0","Thickness","1","TextSize","1","TextRotate","0","LinePitchRate","1.2","HA","Left","VA","Top","ArrowSize","0.5","ArrowAngle","0.5235987755982988","GridSize","1","DispLayerBit","31","CreateLayer","BaseLayer","OneLayerDisp","False","FontFamily","Yu Gothic UI","FontStyle","Normal","FontWeight","Normal","SymbolCategoryIindex","0","BackColor","White"
"Comment"
"Comment","Comment","正四面体の内接円の書き方","Memo","正四面体の内接円\\n\\n三角形の内心から頂点\\n正3角形の5心\\n外心(外接円) : 三角形の3つの辺の垂直二等分線が交わる点\\n内心(内接円) : 三角形の3つの内角の二等分線が交わる点\\n重心 : 三角形の3つの中線（頂点とその対辺の中点を結ぶ点）が交わる点\\n          重心は各中点を2：1に内分する\\n垂心 : 三角形の各頂点から対辺またはその延長に下ろした垂線が交わる点\\n傍心 : 1つの角の二等分線と他の2つの角の外角の二等分線が交わる点\\n          一つの三角形につき3つ存在する"
"Text","Black","1","0","BaseLayer","False"
"正四面体の内接円","21.785096605607045","15.442696274518747","1","0","Left","Top","1.2","Yu Gothic UI","Normal","Normal"
"Line","Black","1","0","正面図","False"
"21.33974596215561","4.000000000000001","30","4"
"Line","Black","1","0","正面図","False"
"30","4","27.113248654051866","12.164965809277263"
"Line","Black","1","0","正面図","False"
"21.33974596215561","4.000000000000001","27.113248654051866","12.164965809277252"
"Arc","Black","1","0","正面図","False"
"FILL","False","AliceBlue","27.11324865405187","6.041241452319315","2.041241452319312","0","6.283185307179586"
"Line","Black","1","1","正面図","False"
"27.11324865405187","6.041241452319315","29.037749551350622","6.721655269759088"
"Text","Black","1","0","正面図","False"
"√3/2","28.038304952246957","10.787707301198276","0.7","0","Left","Top","1.2","Yu Gothic UI","Normal","Normal"
"Text","Black","1","0","正面図","False"
"1/2√3","27.767201347584002","3.8939299254831408","0.5","0","Left","Top","1.2","Yu Gothic UI","Normal","Normal"
"Line","Black","1","1","正面図","False"
"30","4","24.22649730810374","8.08248290463863"
"Text","Black","1","0","正面図","False"
"1","24.16539631420474","9.81948014168772","0.7","0","Left","Top","1.2","Yu Gothic UI","Normal","Normal"
"Text","Black","1","0","正面図","False"
"1/2","22.809878290889976","6.140216935547617","0.7","0","Left","Top","1.2","Yu Gothic UI","Normal","Normal"
"Text","Black","1","0","正面図","False"
"1/√2","23.73937636402011","7.457005872481976","0.5","0","Left","Top","1.2","Yu Gothic UI","Normal","Normal"
"Parts","Black","1","0","正面図","False"
"name","ラベル","line","26.8764323608343","5.094531603276229","25.28853981923699","2.964431852353014","line","25.28853981923699","2.964431852353014","24.78853981923699","2.964431852353014","line","26.8764323608343","5.094531603276229","26.847252304252617","4.846240394616136","line","26.8764323608343","5.094531603276229","26.646815838307475","4.9956566692297875","text","1/2√6","24.78853981923699","2.964431852353014","0.5","0","Right","Center","textSize","0.5","textRotate","0","fontFamily","Yu Gothic UI","fontStyle","Normal","fontWeight","Normal","linePitchRate","1.2","arrowSize","0.25","arrowAngle","0.5235987755982988"
"Text","Black","1","0","正面図","False"
"0.204","23.468272759357156","2.577140988548793","0.5","0","Left","Top","1.2","Yu Gothic UI","Normal","Normal"
"Text","Black","1","0","正面図","False"
"0.707","23.623222191615497","6.817645447863708","0.5","0","Left","Top","1.2","Yu Gothic UI","Normal","Normal"
"Text","Black","1","0","正面図","False"
"0.866","28.477758995689097","9.645530964799786","0.5","0","Left","Top","1.2","Yu Gothic UI","Normal","Normal"
"Text","Black","1","0","正面図","False"
"0.288","27.883388606725273","3.1193481978747","0.5","0","Left","Top","1.2","Yu Gothic UI","Normal","Normal"
"Polygon","Black","1","0","平面図","False"
"FILL","False","AliceBlue","30","0","30","-10","21.33974596215561","-5.000000000000001"
"Line","Black","1","0","平面図","False"
"25.669872981077805","-2.5","30","-10"
"Line","Black","1","0","平面図","False"
"30","0","25.669872981077805","-7.5"
"Line","Black","1","0","平面図","False"
"21.33974596215561","-5.000000000000001","30","-5"
"Text","Black","1","0","平面図","False"
"√3/2","23.31335641383546","-5.129947201155206","0.7","0","Left","Top","1.2","Yu Gothic UI","Normal","Normal"
"Text","Black","1","0","平面図","False"
"1","24.281583573346012","-7.0664015201763135","0.7","0","Left","Top","1.2","Yu Gothic UI","Normal","Normal"
"Text","Black","1","0","平面図","False"
"1/2√3","28.154492211388227","-4.084261868883811","0.5","0","Left","Top","1.2","Yu Gothic UI","Normal","Normal"
"Text","Black","1","0","平面図","False"
"1/2","30.090946530409326","-2.922389277471151","0.7","0","Left","Top","1.2","Yu Gothic UI","Normal","Normal"
"Polyline","Black","1","1","補助線","False"
"27.11324865405187","-5","27.11324865405187","4"
"Polyline","Black","1","1","正面図","False"
"27.11324865405187","4","27.11324865405187","12.164965809277257"
"Text","Black","1","0","BaseLayer","False"
"展開図","3","15","1","0","Left","Top","1.2","Yu Gothic UI","Normal","Normal"
"Polyline","Black","1","1","補助線","False"
"21.33974596215561","-5.000000000000002","21.33974596215561","12"
"Line","Black","1","1","補助線","False"
"30","6.123233995736766E-17","30","12"
"Line","Black","1","0","展開図","False"
"7.886751345948129","2.886751345948129","-0.77350269189626","2.8867513459481295"
"Line","Black","1","0","展開図","False"
"3.5566243270259355","5.386751345948129","7.886751345948129","-2.11324865405187"
"Line","Black","1","0","展開図","False"
"3.5566243270259355","0.38675134594812866","7.886751345948129","7.886751345948129"
"Polygon","Blue","1","0","展開図","False"
"FILL","False","AliceBlue","7.886751345948131","7.886751345948129","7.886751345948129","-2.113248654051872","16.547005383792516","2.886751345948128"
"Polygon","Brown","1","0","展開図","False"
"FILL","False","AliceBlue","7.886751345948129","-2.113248654051871","7.886751345948129","7.886751345948129","-0.7735026918962582","2.8867513459481287"
"Polygon","Yellow","1","0","展開図","False"
"FILL","False","AliceBlue","-0.7735026918962555","12.886751345948129","-0.7735026918962582","2.8867513459481287","7.886751345948129","7.886751345948129"
"Polygon","Red","1","0","展開図","False"
"FILL","False","AliceBlue","7.886751345948129","-2.113248654051871","-0.7735026918962582","2.8867513459481287","-0.7735026918962573","-7.113248654051873"
