﻿"Property"
"Prperty","Color","Black","PointType","0","PointSize","3","LineType","0","Thickness","1","TextSize","196","TextRotate","0","LinePitchRate","1.2","HA","Left","VA","Top","ArrowSize","98","ArrowAngle","0.5235987755982988","GridSize","10","DispLayerBit","1","CreateLayer","BaseLayer","OneLayerDisp","False","FontFamily","Yu Gothic UI","FontStyle","Normal","FontWeight","Normal","SymbolCategoryIindex","0","BackColor","White"
"Comment"
"Comment","Comment","","Memo","マンションの見取り図 2LK\\n\\n全体  (3.79+2.61)*(2.77+3.63) = 40.96㎡\\n台所 1.43 * 2.483 = 3.55㎡ / 3.3 * 2 = 2.15畳\\nリビング 4.46 * 3.63 = 16.19㎡ / 3.3 * 2 = 9.8畳\\n寝室 3.79 * 2.77 = 10.5㎡ / 3.3 * 2 = 6.36畳\\n"
"Polygon","Black","1","0","BaseLayer","False"
"FILL","False","AliceBlue","0","0","6400","0","6400","6400","0","6400"
"Parts","Black","1","0","BaseLayer","False"
"name","寸法線","line","-49","6.000769315822031E-15","-513","6.282438079625922E-14","line","-49","3790","-513","3790","line","-366","0","-366","3790","line","-366","0","-415","84.870489570875","line","-366","0","-317","84.870489570875","line","-366","3790","-317","3705.129510429125","line","-366","3790","-415","3705.129510429125","text","3790","-366","1895","196","1.5707963267948966","Center","Bottom","textSize","12","textRotate","0","fontFamily","Yu Gothic UI","fontStyle","Normal","fontWeight","Normal","linePitchRate","1.2","arrowSize","6","arrowAngle","0.5235987755982988"
"Line","Black","1","0","BaseLayer","False"
"1610.0000000000005","6299.999999999999","1610.0000000000002","4410"
"Line","Black","1","0","BaseLayer","False"
"2769.9999999999995","100","2770.0000000000005","6300"
"Line","Black","1","0","BaseLayer","False"
"5270","4510","5270","6300"
"Line","Black","1","0","BaseLayer","False"
"3817.34375","3030.0000000000005","6300","3030"
"Line","Black","1","0","BaseLayer","False"
"2770.0000000000005","4410","100","4410"
"Line","Black","1","0","BaseLayer","False"
"2870","6300","2870","5900"
"Line","Black","1","0","BaseLayer","False"
"6300.000000000001","5950","5270","5950"
"Line","Black","1","0","BaseLayer","False"
"4770","5180","5270","5180"
"Arc","Black","1","0","BaseLayer","False"
"FILL","False","AliceBlue","5270","4510","630","1.5707963267948966","3.141592653589793"
"Line","Black","1","0","BaseLayer","False"
"5270","4560","4641.987261275696","4560"
"Line","Black","1","0","BaseLayer","False"
"3670","6300","3670","5900"
"Line","Black","1","0","BaseLayer","False"
"2870","5900","3670","5900"
"Line","Black","1","0","BaseLayer","False"
"3770","6300","3770","5450"
"Line","Black","1","0","BaseLayer","False"
"2770.0000000000005","5800","3770","5800"
"Line","Black","1","0","BaseLayer","False"
"3270","5800","3270","5450"
"Line","Black","1","0","BaseLayer","False"
"2770.0000000000005","5450","4770","5450"
"Line","Black","1","0","BaseLayer","False"
"3930","6300","3930","6400"
"Line","Black","1","0","BaseLayer","False"
"4770","5180","4770","6400"
"Arc","Black","1","0","BaseLayer","False"
"FILL","False","AliceBlue","3930","6400","840","1.0827317878249147E-15","1.5707963267948966"
"Line","Black","1","0","BaseLayer","False"
"3930","7240","3930","6400"
"Line","Black","1","0","BaseLayer","False"
"3840.4687499999995","3670","6300","3670"
"Line","Black","1","0","BaseLayer","False"
"5600.000000000001","3389.9999999999995","6300.000000000001","3390.0000000000005"
"Line","Black","1","0","BaseLayer","False"
"3877.3376476017347","3669.218845349973","3868.1188976017347","3079.2188453499734"
"Line","Black","1","0","BaseLayer","False"
"3868.131103143141","3080.0000000000005","5550","3079.9999999999995"
"Line","Black","1","0","BaseLayer","False"
"5550.000000000001","3669.9999999999995","5550","3079.9999999999995"
"Line","Black","1","0","BaseLayer","False"
"5600.000000000001","3620","6300","3620.0000000000005"
"Line","Black","1","0","BaseLayer","False"
"5600.000000000001","3620","5600","3029.9999999999995"
"Polygon","Black","1","0","BaseLayer","False"
"FILL","False","AliceBlue","4030","3580","4580","3580","4580","3230","4030","3230"
"Polygon","Black","1","0","BaseLayer","False"
"FILL","False","AliceBlue","4900","3600","5420","3600","5420","3190","4900","3190"
"Arc","Black","1","0","BaseLayer","False"
"FILL","False","AliceBlue","5170","3300","60","0","6.283185307179586"
"Arc","Black","1","0","BaseLayer","False"
"FILL","False","AliceBlue","5050","3460","70","0","6.283185307179586"
"Arc","Black","1","0","BaseLayer","False"
"FILL","False","AliceBlue","5300","3460","70","0","6.283185307179586"
"Line","Black","1","0","BaseLayer","False"
"6300.000000000001","5650","5270","5650"
"Line","Black","1","0","BaseLayer","False"
"5320","6300","5320","5140"
"Line","Black","1","0","BaseLayer","False"
"5270","5140","5320","5140"
"Line","Black","1","0","BaseLayer","False"
"2070","3840","2720","3840"
"Line","Black","1","0","BaseLayer","False"
"100","4360","2020","4360"
"Line","Black","1","0","BaseLayer","False"
"2020","4360","2020","3790"
"Line","Black","1","0","BaseLayer","False"
"2070","4410","2070","3840.0000000000005"
"Line","Black","1","0","BaseLayer","False"
"1636","4360","1636","3790"
"Line","Black","1","0","BaseLayer","False"
"868","4360","868","3790"
"Line","Black","1","0","BaseLayer","False"
"6300.000000000001","4460","2770","4460"
"Line","Black","1","0","BaseLayer","False"
"2770","4510","2840","4510"
"Arc","Black","1","0","BaseLayer","False"
"FILL","False","AliceBlue","2840","4460","918.6168467944535","4.71238898038469","6.283185307179586"
"Line","Black","1","0","BaseLayer","False"
"2840","4510","2840","3541.3831532055465"
"Arc","Black","1","0","BaseLayer","False"
"FILL","False","AliceBlue","2770","3690","700","3.141592653589793","4.640899530499173"
"Line","Black","1","0","BaseLayer","False"
"2070","3690.0000000000005","2720","3690.0000000000005"
"Line","Black","1","0","BaseLayer","False"
"2720.0000000000023","2991.787997811553","2770.0000000000023","2991.787997811553"
"Line","Black","1","0","BaseLayer","False"
"2720","3690.0000000000005","2770","3690.0000000000005"
"Line","Black","1","0","BaseLayer","False"
"1660.0000000000005","6299.999999999999","1660.0000000000002","4410"
"Line","Black","1","0","BaseLayer","False"
"2720","5650","1660.0000000000007","5650"
"Line","Black","1","0","BaseLayer","False"
"2720","6100","1660.0000000000007","6100"
"Arc","Black","1","0","BaseLayer","False"
"FILL","False","AliceBlue","2190.0000000000005","6100","300","3.141592653589793","6.283185307179586"
"Line","Black","1","0","BaseLayer","False"
"99.99999999999994","5320","1610.0000000000005","5320"
"Polyline","Black","1","0","BaseLayer","False"
"280","5560","280.00000000000006","6110"
"Polyline","Black","1","0","BaseLayer","False"
"1350","5460","380","5460"
"Polyline","Black","1","0","BaseLayer","False"
"1450","6110","1450","5560"
"Polyline","Black","1","0","BaseLayer","False"
"380","6210","1350","6210"
"Arc","Black","1","0","BaseLayer","False"
"FILL","False","AliceBlue","380","6110","100","1.5707963267948966","3.141592653589793"
"Arc","Black","1","0","BaseLayer","False"
"FILL","False","AliceBlue","380","5560","100","3.141592653589793","4.71238898038469"
"Arc","Black","1","0","BaseLayer","False"
"FILL","False","AliceBlue","1350","5560","100","4.71238898038469","6.283185307179586"
"Arc","Black","1","0","BaseLayer","False"
"FILL","False","AliceBlue","1350","6110","100","0","1.5707963267948966"
"Parts","Black","1","0","BaseLayer","False"
"name","寸法線","line","-49","3790","-517","3790","line","-49","6400","-517","6400","line","-370","3790","-370","6400","line","-370","3790","-419","3874.870489570875","line","-370","3790","-321","3874.870489570875","line","-370","6400","-321","6315.129510429125","line","-370","6400","-419","6315.129510429125","text","2610","-370","5095","196","1.5707963267948966","Center","Bottom","textSize","12","textRotate","0","fontFamily","Yu Gothic UI","fontStyle","Normal","fontWeight","Normal","linePitchRate","1.2","arrowSize","6","arrowAngle","0.5235987755982988","refPoint","0","3790","refPoint","0","6400","refPoint","-370","5880","refValue","196"
"Line","Black","1","0","BaseLayer","False"
"100","3790.0000000000005","2720","3790"
"Parts","Black","1","0","BaseLayer","False"
"name","寸法線","line","3.0003846579110155E-15","6449","2.5533885762222313E-14","6817","line","2770.000000000001","6449","2770.000000000001","6817","line","0","6670","2770.000000000001","6670","line","0","6670","84.870489570875","6719","line","0","6670","84.870489570875","6621","line","2770.000000000001","6670","2685.1295104291257","6621","line","2770.000000000001","6670","2685.1295104291257","6719","text","2770","1385.0000000000005","6670","196","0","Center","Bottom","textSize","12","textRotate","0","fontFamily","Yu Gothic UI","fontStyle","Normal","fontWeight","Normal","linePitchRate","1.2","arrowSize","6","arrowAngle","0.5235987755982988","refPoint","0","6400","refPoint","2770.000000000001","6400","refPoint","2000","6670","refValue","196"
"Parts","Black","1","0","BaseLayer","False"
"name","寸法線","line","2770.000000000001","6449","2770.000000000001","6817","line","6400","6449","6400","6817","line","2770.000000000001","6670","6400","6670","line","2770.000000000001","6670","2854.870489570876","6719","line","2770.000000000001","6670","2854.870489570876","6621","line","6400","6670","6315.129510429125","6621","line","6400","6670","6315.129510429125","6719","text","3630","4585","6670","196","0","Center","Bottom","textSize","12","textRotate","0","fontFamily","Yu Gothic UI","fontStyle","Normal","fontWeight","Normal","linePitchRate","1.2","arrowSize","6","arrowAngle","0.5235987755982988","refPoint","2770.000000000001","6400","refPoint","6400","6400","refPoint","5690","6670","refValue","196"
"Line","Black","1","0","BaseLayer","False"
"590","99.99999999999997","590","-3.0003846579110155E-14"
"Line","Black","1","0","BaseLayer","False"
"2340","99.99999999999986","2340","-1.3716044150450357E-13"
"Line","Black","1","0","BaseLayer","False"
"5250","100.00000000000007","5250","6.429395695523604E-14"
"Line","Black","1","0","BaseLayer","False"
"3220","100.0000000000002","3220","1.8859560706869238E-13"
"Polyline","Black","1","1","BaseLayer","False"
"590","100","2340","100"
"Polyline","Black","1","0","BaseLayer","False"
"2340","100","3220","100"
"Polyline","Black","1","0","BaseLayer","False"
"5250","100","6300","100","6300","6300","100","6300","100","100","590","100"
"Polyline","Black","1","1","BaseLayer","False"
"3220","100","5250","100"
"Line","Black","1","0","BaseLayer","False"
"6300.000000000001","4460","6400","4460"
"Parts","Black","1","0","BaseLayer","False"
"name","寸法線","line","6449","0","7047","0","line","6449","4460.000000000001","7047","4460.000000000001","line","6900","0","6900","4460.000000000001","line","6900","0","6851","84.870489570875","line","6900","0","6949","84.870489570875","line","6900","4460.000000000001","6949","4375.129510429126","line","6900","4460.000000000001","6851","4375.129510429126","text","4460","6900","2230.0000000000005","196","1.5707963267948966","Center","Bottom","textSize","12","textRotate","0","fontFamily","Yu Gothic UI","fontStyle","Normal","fontWeight","Normal","linePitchRate","1.2","arrowSize","6","arrowAngle","0.5235987755982988","refPoint","6400","0","refPoint","6400","4460.000000000001","refPoint","6900","3280","refValue","196"
"Parts","Black","1","0","BaseLayer","False"
"name","寸法線","line","6449","4460.000000000001","7047","4460.000000000001","line","6449","6400","7047","6400","line","6900","4460.000000000001","6900","6400","line","6900","4460.000000000001","6851","4544.870489570876","line","6900","4460.000000000001","6949","4544.870489570876","line","6900","6400","6949","6315.129510429125","line","6900","6400","6851","6315.129510429125","text","1940","6900","5430","196","1.5707963267948966","Center","Bottom","textSize","12","textRotate","0","fontFamily","Yu Gothic UI","fontStyle","Normal","fontWeight","Normal","linePitchRate","1.2","arrowSize","6","arrowAngle","0.5235987755982988","refPoint","6400","4460.000000000001","refPoint","6400","6400","refPoint","6900","5980","refValue","196"
"Line","Black","1","0","BaseLayer","False"
"2340","-1600","2340","-2000"
"Line","Black","1","0","BaseLayer","False"
"0","0","-9.797174393178826E-14","-1600"
"Line","Black","1","0","BaseLayer","False"
"6400","-2000","6400","0"
"Line","Black","1","0","BaseLayer","False"
"2340","-2000","7120","-2000"
"Line","Black","1","0","BaseLayer","False"
"2340","-1600","-630","-1600"
"Polyline","Black","1","0","BaseLayer","False"
"7410","-1000","8010","-1000","7620","-900","7630","-1100"
"Line","Black","1","0","BaseLayer","False"
"2719.9999999999995","3690.0000000000005","2720.0000000000005","6300"
"Line","Black","1","0","BaseLayer","False"
"2719.9999999999995","100.00000000000001","2719.9999999999995","2991.787997811553"
"Line","Black","1","0","BaseLayer","False"
"6300.000000000001","4510","3758.6168467944535","4510"
"Line","Black","1","0","BaseLayer","False"
"3758.6168467944535","4510","3758.6168467944535","4460"
"Line","Black","1","0","BaseLayer","False"
"3817.34375","3030.0000000000005","3839.6875","4460"
"Ellipse","Black","1","0","BaseLayer","False"
"5785","5120","205","270","3.141592653589793","6.283185307179586","0"
"Polyline","Black","1","0","BaseLayer","False"
"5990","5120","5990","5410","5580","5410","5580","5120"
"Polygon","Black","1","0","BaseLayer","False"
"FILL","False","AliceBlue","5590","5640","5990","5640","5990","5430","5590","5430"
"Parts","Black","1","0","BaseLayer","False"
"name","寸法線","line","6349","3030","6907","3030","line","6349.000000000001","4460","6907","4460","line","6760","3030","6760","4460","line","6760","3030","6711","3114.870489570875","line","6760","3030","6809","3114.870489570875","line","6760","4460","6809","4375.129510429125","line","6760","4460","6711","4375.129510429125","text","1430","6760","3745","196","1.5707963267948966","Center","Bottom","textSize","196","textRotate","0","fontFamily","Yu Gothic UI","fontStyle","Normal","fontWeight","Normal","linePitchRate","1.2","arrowSize","98","arrowAngle","0.5235987755982988","refPoint","6300","3030","refPoint","6300.000000000001","4460","refPoint","6760","3470"
"Parts","Black","1","0","BaseLayer","False"
"name","寸法線","line","3817.34375","2981.0000000000005","3817.34375","2523","line","6300","2981","6300","2523","line","3817.34375","2670","6300","2670","line","3817.34375","2670","3902.214239570875","2719","line","3817.34375","2670","3902.214239570875","2621","line","6300","2670","6215.129510429125","2621","line","6300","2670","6215.129510429125","2719","text","2482.7","5058.671875","2670","196","0","Center","Bottom","textSize","196","textRotate","0","fontFamily","Yu Gothic UI","fontStyle","Normal","fontWeight","Normal","linePitchRate","1.2","arrowSize","98","arrowAngle","0.5235987755982988","refPoint","3817.34375","3030.0000000000005","refPoint","6300","3030","refPoint","5120","2670"
"Text","Black","1","0","BaseLayer","False"
"North","8050","-900","196","0","Left","Top","1.2","Yu Gothic UI","Normal","Normal"
