﻿"Property"
"Prperty","Color","Black","PointType","1","PointSize","3","LineType","0","Thickness","1","TextSize","12","TextRotate","0","LinePitchRate","1.2","HA","Left","VA","Top","ArrowSize","6","ArrowAngle","0.5235987755982988","GridSize","5","DispLaerBit","4294967295","CreateLayer","BaseLayer","OneLayerDisp","False","FontFamily","Yu Gothic UI","FontStyle","Normal","FontWeight","Normal","SymbolCategoryIindex","0","BackColor","Bisque"
"Comment"
"Comment","Comment",""
"Polygon","Black","1","0","BaseLayer","False"
"FILL","False","AliceBlue","406","690","592","690","592","806","406","806"
"Parts","Black","1","0","BaseLayer","False"
"name","寸法線","line","594.5","690","625.5","690","line","594.5","806","625.5","806","line","618","690","618","806","line","618","690","615.5","694.3301270189222","line","618","690","620.5","694.3301270189222","line","618","806","620.5","801.6698729810778","line","618","806","615.5","801.6698729810778","text","116","618","748","10","1.5707963267948966","Center","Bottom","textSize","12","textRotate","0","fontFamily","Yu Gothic UI","fontStyle","Normal","fontWeight","Normal","linePitchRate","1.2","arrowSize","6","arrowAngle","0.5235987755982988"
"Parts","Black","1","0","BaseLayer","False"
"name","寸法線","line","406","808.5","406","833.5","line","592","808.5","592","833.5","line","406","826","592","826","line","406","826","410.3301270189222","828.5","line","406","826","410.3301270189222","823.5","line","592","826","587.6698729810778","823.5","line","592","826","587.6698729810778","828.5","text","186","499","826","10","0","Center","Bottom","textSize","12","textRotate","0","fontFamily","Yu Gothic UI","fontStyle","Normal","fontWeight","Normal","linePitchRate","1.2","arrowSize","6","arrowAngle","0.5235987755982988"
"Text","Black","1","0","BaseLayer","False"
"文字列の大きさは適当か","441","856","12","0","Left","Top","1.2","Yu Gothic UI","Normal","Normal"
"Parts","Black","1","0","BaseLayer","False"
"name","角度寸法線","line","589.5","690","425.5185121722126","690","line","406","803.5","406","709.5185121722126","line","433.0185121722126","690","430.0185121722126","695.1961524227066","line","433.0185121722126","690","436.0185121722126","695.1961524227066","line","406","717.0185121722126","411.19615242270663","720.0185121722126","line","406","717.0185121722126","411.19615242270663","714.0185121722126","arc","406","690","27.018512172212592","0","1.5707963267948966","text","90°","425.1049731745428","709.1049731745428","10","5.497787143782138","Center","Bottom","textSize","12","textRotate","0","fontFamily","Yu Gothic UI","fontStyle","Normal","fontWeight","Normal","linePitchRate","1.2","arrowSize","6","arrowAngle","0.5235987755982988","refPoint","406","690","refPoint","592","690","refPoint","406","806","refPoint","427","707","refValue","10"
"Point","Black","5","0","BaseLayer","False"
"479","749"
"Point","Black","5","1","BaseLayer","False"
"500","750"
"Point","Black","5","2","BaseLayer","False"
"520","750"
"Point","Black","5","3","BaseLayer","False"
"540","750"
"Point","Black","5","4","BaseLayer","False"
"561","750"
"Text","Black","1","0","BaseLayer","False"
"ドット クロス  十字　四角  丸","474","739","8","0","Left","Top","1.2","Yu Gothic UI","Normal","Normal"
"Line","Black","1","0","BaseLayer","False"
"460","670","539","670"
"Line","Black","1","1","BaseLayer","False"
"460","660","538","660"
"Line","Black","1","2","BaseLayer","False"
"460","650","539","650"
"Text","Black","1","3","BaseLayer","False"
"実線","550","676","8","0","Left","Top","1.2","Yu Gothic UI","Normal","Normal"
"Text","Black","1","3","BaseLayer","False"
"破線","550","665","8","0","Left","Top","1.2","Yu Gothic UI","Normal","Normal"
"Text","Black","1","3","BaseLayer","False"
"一点鎖線","550","656","8","0","Left","Top","1.2","Yu Gothic UI","Normal","Normal"
"Text","Black","1","3","BaseLayer","False"
"二点鎖線","550","645","8","0","Left","Top","1.2","Yu Gothic UI","Normal","Normal"
"Line","Black","1","3","BaseLayer","False"
"460","640","539","640"
"Arc","Black","1","0","BaseLayer","False"
"FILL","False","AliceBlue","684.7635753508237","805.3871262965222","28.43359524813953","5.668954946078385","8.843491538684418"
"Text","Black","1","0","BaseLayer","False"
"円弧コマンド(3点指定)","660","784","8","0","Left","Top","1.2","Yu Gothic UI","Normal","Normal"
"Text","Black","1","0","BaseLayer","False"
"円コマンド(中心点と演習の点を指定)","645","713","8","0","Left","Top","1.2","Yu Gothic UI","Normal","Normal"
"Parts","Black","1","0","BaseLayer","False"
"name","ラベル","line","446.5","804","469","781","line","446.5","804","452.2781410968529","802.3834959125138","line","446.5","804","447.98913694334203","798.1877309797314","line","469","781","481","781","text","ポリゴン要素","481","781","12","0","Left","Center","textSize","12","textRotate","0","fontFamily","Yu Gothic UI","fontStyle","Normal","fontWeight","Normal","linePitchRate","1.2","arrowSize","6","arrowAngle","0.5235987755982988","refValue","12"
"Arc","Black","1","0","BaseLayer","False"
"FILL","False","AliceBlue","680","741","23.769728648009426","0","6.283185307179586"
"Polyline","Black","1","0","BaseLayer","False"
"799","800","800","832","898","831","898","800"
"Polyline","Black","1","0","BaseLayer","False"
"809.0047990109916","799.6873500309065","809.6986577607397","821.8908300228496","887.9903170253242","821.0919355405579","887.9903170253242","800"
"Point","Black","3","1","BaseLayer","False"
"840","810"
"Point","Black","3","1","BaseLayer","False"
"840","800"
"Parts","Black","1","0","BaseLayer","False"
"name","矢印","line","830","823","830","830","line","830","823","828","826.4641016151378","line","830","823","832","826.4641016151378","textSize","12","textRotate","0","fontFamily","Yu Gothic UI","fontStyle","Normal","fontWeight","Normal","linePitchRate","1.2","arrowSize","6","arrowAngle","0.5235987755982988"
"Text","Black","1","0","BaseLayer","False"
"オフセット","835","830","6","0","Left","Top","1.2","Yu Gothic UI","Normal","Normal"
"Text","Black","1","0","BaseLayer","False"
"移動量","846","809","6","0","Left","Top","1.2","Yu Gothic UI","Normal","Normal"
"Parts","Black","1","0","BaseLayer","False"
"name","ラベル","line","852","832","857","841","line","852","832","851.9505014325248","834.9995916208408","line","852","832","854.5729732608894","833.5426628273049","line","857","841","863","841","text","ポリライン要素","863","841","6","0","Left","Center","textSize","12","textRotate","0","fontFamily","Yu Gothic UI","fontStyle","Normal","fontWeight","Normal","linePitchRate","1.2","arrowSize","6","arrowAngle","0.5235987755982988","refValue","6"
"Polyline","Black","1","0","BaseLayer","False"
"801","750","818","770","831","749","850","768","863","748","889","770"
"Parts","Black","1","0","BaseLayer","False"
"name","矢印","line","840","801","840","808","line","840","801","838","804.4641016151378","line","840","801","842","804.4641016151378","textSize","12","textRotate","0","fontFamily","Yu Gothic UI","fontStyle","Normal","fontWeight","Normal","linePitchRate","1.2","arrowSize","6","arrowAngle","0.5235987755982988"
"Parts","Black","1","0","BaseLayer","False"
"name","矢印","line","842","744","839","753","line","842","744","839.0071882888886","746.6538798129973","line","842","744","842.8019214810906","747.9187908770647","textSize","12","textRotate","0","fontFamily","Yu Gothic UI","fontStyle","Normal","fontWeight","Normal","linePitchRate","1.2","arrowSize","6","arrowAngle","0.5235987755982988"
"Text","Black","1","0","BaseLayer","False"
"トリム後","836","732","6","0","Left","Top","1.2","Yu Gothic UI","Normal","Normal"
"Parts","Black","1","0","BaseLayer","False"
"name","ラベル","line","822","767","827","776","line","822","767","821.9505014325248","769.9995916208408","line","822","767","824.5729732608894","768.5426628273049","line","827","776","833","776","text","ポリライン要素","833","776","6","0","Left","Center","textSize","12","textRotate","0","fontFamily","Yu Gothic UI","fontStyle","Normal","fontWeight","Normal","linePitchRate","1.2","arrowSize","6","arrowAngle","0.5235987755982988","refValue","6"
"Line","Black","1","0","BaseLayer","False"
"827","766","826","718"
"Polyline","Black","1","0","BaseLayer","False"
"826.3519379844961","734.8930232558139","830","729","849","748","862","728","867","732.2307692307692"
"Parts","Black","1","0","BaseLayer","False"
"name","ラベル","line","870","750","878","738","line","870","750","872.6892288257526","748.6703202179692","line","870","750","870.193077942739","747.0062196292935","line","878","738","884","738","text","トリム位置","884","738","6","0","Left","Center","textSize","12","textRotate","0","fontFamily","Yu Gothic UI","fontStyle","Normal","fontWeight","Normal","linePitchRate","1.2","arrowSize","6","arrowAngle","0.5235987755982988","refValue","6"
"Parts","Black","1","0","BaseLayer","False"
"name","ラベル","line","824","752","818","742","line","824","752","823.9495402055503","749.0004243951612","line","824","752","821.3770614284127","750.5439116614438","line","818","742","812","742","text","トリム位置","812","742","6","0","Right","Center","textSize","12","textRotate","0","fontFamily","Yu Gothic UI","fontStyle","Normal","fontWeight","Normal","linePitchRate","1.2","arrowSize","6","arrowAngle","0.5235987755982988","refValue","6"
"Line","Black","1","0","BaseLayer","False"
"867","761","867","723"
"Polyline","Black","1","0","BaseLayer","False"
"808","696","828","704","841","691","859","701","875","687","888","700"
"Polyline","Black","1","1","BaseLayer","False"
"808","696","828","704","842","700","859","701","875","687","888","700"
"Point","Black","3","3","BaseLayer","False"
"845","693"
"Parts","Black","1","0","BaseLayer","False"
"name","矢印","line","842","699","841","693","line","842","699","843.0524697876596","696.1906749305102","line","842","699","840.0932880161631","696.6838718924263","textSize","12","textRotate","0","fontFamily","Yu Gothic UI","fontStyle","Normal","fontWeight","Normal","linePitchRate","1.2","arrowSize","6","arrowAngle","0.5235987755982988"
"Text","Black","1","0","BaseLayer","False"
"ピック位置","844","691","6","0","Left","Top","1.2","Yu Gothic UI","Normal","Normal"
"Text","Black","1","0","BaseLayer","False"
"ストレッチ(頂点移動)","818","681","6","0","Left","Top","1.2","Yu Gothic UI","Normal","Normal"
"Polyline","Black","1","0","BaseLayer","False"
"813","648","838","654","860","642","876","655","897","656"
"Polyline","Black","1","0","BaseLayer","False"
"813","634","838","640","847.9490445859873","634.5732484076433"
"Polyline","Black","1","0","BaseLayer","False"
"851.9490445859873","633.5732484076433","864","627","880","640","901","641"
"Point","Black","3","1","BaseLayer","False"
"850","650"
"Parts","Black","1","0","BaseLayer","False"
"name","ラベル","line","852","653","857","660","line","852","653","852.2895009174215","655.9859988645028","line","852","653","854.7307013310417","654.2422842833455","line","857","660","863","660","text","分割点","863","660","6","0","Left","Center","textSize","12","textRotate","0","fontFamily","Yu Gothic UI","fontStyle","Normal","fontWeight","Normal","linePitchRate","1.2","arrowSize","6","arrowAngle","0.5235987755982988","refValue","6"
"Parts","Black","1","0","BaseLayer","False"
"name","矢印","line","835","642","835","651","line","835","642","833.5","644.5980762113533","line","835","642","836.5","644.5980762113533","textSize","12","textRotate","0","fontFamily","Yu Gothic UI","fontStyle","Normal","fontWeight","Normal","linePitchRate","1.2","arrowSize","6","arrowAngle","0.5235987755982988"
"Parts","Black","1","0","BaseLayer","False"
"name","矢印","line","876","639","868","646","line","876","639","873.0569914804604","639.5819801147094","line","876","639","875.0325053040659","641.8397101988301","textSize","12","textRotate","0","fontFamily","Yu Gothic UI","fontStyle","Normal","fontWeight","Normal","linePitchRate","1.2","arrowSize","6","arrowAngle","0.5235987755982988"
"Text","Black","1","0","BaseLayer","False"
"文字列の作成","401","584","12","0","Left","Top","1.2","Yu Gothic UI","Normal","Normal"
"Point","Black","3","1","BaseLayer","False"
"435.895","584"
"Point","Black","3","1","BaseLayer","False"
"401","584"
"Point","Black","3","1","BaseLayer","False"
"401","576.02"
"Point","Black","3","1","BaseLayer","False"
"401","568.04"
"Point","Black","3","1","BaseLayer","False"
"435.895","568.04"
"Point","Black","3","1","BaseLayer","False"
"470.79","568.04"
"Point","Black","3","1","BaseLayer","False"
"470.79","576.02"
"Point","Black","3","1","BaseLayer","False"
"470.79","584"
"Point","Black","3","1","BaseLayer","False"
"435.895","576.02"
"Parts","Black","1","0","BaseLayer","False"
"name","ラベル","line","702","619","714","637","line","702","619","702.386155885478","624.9875607414131","line","702","619","707.3784576515051","621.6593595640617","line","714","637","726","637","text","右向きのラベル","726","637","12","0","Left","Center","textSize","12","textRotate","0","fontFamily","Yu Gothic UI","fontStyle","Normal","fontWeight","Normal","linePitchRate","1.2","arrowSize","6","arrowAngle","0.5235987755982988","refValue","12"
"Parts","Black","1","0","BaseLayer","False"
"name","ラベル","line","689","620","682","636","line","689","620","684.1688122398355","623.5580366532733","line","689","620","689.6657562492486","625.9629496573916","line","682","636","670","636","text","左向きのラベル","670","636","12","0","Right","Center","textSize","12","textRotate","0","fontFamily","Yu Gothic UI","fontStyle","Normal","fontWeight","Normal","linePitchRate","1.2","arrowSize","6","arrowAngle","0.5235987755982988","refValue","12"
"Line","Black","1","0","BaseLayer","False"
"600","568","664","508"
"Parts","Black","1","0","BaseLayer","False"
"name","寸法線","line","597.948176613356","565.8113883875798","574.3227003182385","540.6108803394545","line","661.948176613356","505.81138838757977","638.3227003182385","480.61088033945447","line","580.4781704781705","547.1767151767152","644.4781704781705","487.1767151767152","line","580.4781704781705","547.1767151767152","586.3207803755615","545.8114644353101","line","580.4781704781705","547.1767151767152","582.2171336022736","541.4342412104695","line","644.4781704781705","487.1767151767152","638.6355605807794","488.5419659181204","line","644.4781704781705","487.1767151767152","642.7392073540673","492.91918914296093","text","87.7","612.4781704781705","517.1767151767152","12","-0.7531512809621944","Center","Bottom","textSize","12","textRotate","0","fontFamily","Yu Gothic UI","fontStyle","Normal","fontWeight","Normal","linePitchRate","1.2","arrowSize","6","arrowAngle","0.5235987755982988","refPoint","600","568","refPoint","664","508","refPoint","618","512","refValue","12"
"Parts","Black","1","0","BaseLayer","False"
"name","寸法線","line","664","511","664","594","line","600","572","600","594","line","664","585","600","585","line","664","585","658.8038475772934","582","line","664","585","658.8038475772934","588","line","600","585","605.1961524227066","588","line","600","585","605.1961524227066","582","text","64","632","585","12","0","Center","Bottom","textSize","12","textRotate","0","fontFamily","Yu Gothic UI","fontStyle","Normal","fontWeight","Normal","linePitchRate","1.2","arrowSize","6","arrowAngle","0.5235987755982988","refPoint","664","508","refPoint","600","569","refPoint","619","585","refValue","12"
"Parts","Black","1","0","BaseLayer","False"
"name","寸法線","line","603","568","696","568","line","667","508","696","508","line","687","568","687","508","line","687","568","690","562.8038475772934","line","687","568","684","562.8038475772934","line","687","508","684","513.1961524227066","line","687","508","690","513.1961524227066","text","60","687","538","12","-1.5707963267948966","Center","Bottom","textSize","12","textRotate","0","fontFamily","Yu Gothic UI","fontStyle","Normal","fontWeight","Normal","linePitchRate","1.2","arrowSize","6","arrowAngle","0.5235987755982988","refPoint","600","568","refPoint","664","508","refPoint","687","528","refValue","12"
"Line","Black","1","0","BaseLayer","False"
"431","502","449","529"
"Line","Black","1","0","BaseLayer","False"
"431","502","459","502"
"Parts","Black","1","0","BaseLayer","False"
"name","角度寸法線","line","462","502","492.81098370604354","502","line","450.6641005886757","531.4961508830136","465.28656479061675","553.4298471859253","line","483.81098370604354","502","480.81098370604354","507.19615242270663","line","483.81098370604354","502","486.81098370604354","507.19615242270663","line","460.2942630245897","545.9413945368847","466.2818237660028","545.5552386514066","line","460.2942630245897","545.9413945368847","462.9536225886514","540.5629368853796","arc","431","502","52.81098370604357","0","0.982793723247329","text","56.3°","477.5621028695664","526.9192812168393","12","5.2037858420083545","Center","Bottom","textSize","12","textRotate","0","fontFamily","Yu Gothic UI","fontStyle","Normal","fontWeight","Normal","linePitchRate","1.2","arrowSize","6","arrowAngle","0.5235987755982988","refPoint","431","502","refPoint","459","502","refPoint","449","529","refPoint","481","519","refValue","12"
"Parts","Black","1","0","BaseLayer","False"
"name","角度寸法線","line","447.33589941132436","526.5038491169864","442.6579465573696","519.4869198360541","line","462","502","470.01666203960724","502","line","447.65024832339657","526.9753724850948","441.6626875819835","527.3615283705728","line","447.65024832339657","526.9753724850948","444.9908887593349","532.3538301365999","line","461.01666203960724","502","464.01666203960724","496.80384757729337","line","461.01666203960724","502","458.01666203960724","496.80384757729337","arc","431","502","30.01666203960727","0.982793723247329","6.283185307179586","text","303.7°","404.5350715398763","487.83640011859507","12","5.203785842008354","Center","Bottom","textSize","12","textRotate","0","fontFamily","Yu Gothic UI","fontStyle","Normal","fontWeight","Normal","linePitchRate","1.2","arrowSize","6","arrowAngle","0.5235987755982988","refPoint","431","502","refPoint","449","529","refPoint","459","502","refPoint","405","487","refValue","12"
"Arc","Black","1","0","BaseLayer","False"
"FILL","False","AliceBlue","784.024963645177","535.82283082889","56.010291108968374","3.7575287424605586","7.372839367903718"
"Parts","Black","1","0","BaseLayer","False"
"name","直径寸法線","line","747.5429349855852","493.3232508898823","820.5069923047687","578.3224107678977","line","747.5429349855852","493.3232508898823","748.6510785170483","499.2200311904935","line","747.5429349855852","493.3232508898823","753.2037682921817","495.31196059090144","line","820.5069923047687","578.3224107678977","819.3988487733056","572.4256304672865","line","820.5069923047687","578.3224107678977","814.8461589981722","576.3337010668786","text","Φ112","784.024963645177","535.82283082889","12","0.86144052567386","Center","Bottom","textSize","12","textRotate","0","fontFamily","Yu Gothic UI","fontStyle","Normal","fontWeight","Normal","linePitchRate","1.2","arrowSize","6","arrowAngle","0.5235987755982988","refPoint","784.024963645177","535.82283082889","refPoint","833.0000000000001","563","refPoint","736","507","refPoint","761","509","refValue","12"
"Arc","Black","1","0","BaseLayer","False"
"FILL","False","AliceBlue","914.7570093457944","546.214953271028","37.78582804132552","1.5643655472772948","3.4707736539487755"
"Parts","Black","1","0","BaseLayer","False"
"name","半径寸法線","line","884.3593260316425","568.6593211592345","914.7570093457944","546.214953271028","line","884.3593260316425","568.6593211592345","890.3214581626555","567.9862829342113","line","884.3593260316425","568.6593211592345","886.7575238965609","563.1594441605462","text","R37.8","899.5581676887184","557.4371372151313","12","-0.6360083967985329","Center","Bottom","textSize","12","textRotate","0","fontFamily","Yu Gothic UI","fontStyle","Normal","fontWeight","Normal","linePitchRate","1.2","arrowSize","6","arrowAngle","0.5235987755982988","refPoint","914.7570093457944","546.214953271028","refPoint","915","583.9999999999999","refPoint","879","534","refPoint","869","580","refValue","12"
"Point","Black","3","1","BaseLayer","False"
"680","741"
"Point","Black","3","1","BaseLayer","False"
"696.8077363139716","757.8077363139716"
"Point","Black","3","1","BaseLayer","False"
"708.0000000000001","789"
"Point","Black","3","1","BaseLayer","False"
"700.7657462024788","828.8903147348907"
"Point","Black","3","1","BaseLayer","False"
"661","821"
