﻿"Property"
"Prperty","Color","AliceBlue","PointType","1","PointSize","3","LineType","0","Thickness","1","TextSize","10","TextRotate","0","LinePitchRate","1.2","HA","Left","VA","Top","ArrowSize","5","ArrowAngle","0.5235987755982988","GridSize","10","DispLayerBit","4294967295","CreateLayer","BaseLayer","OneLayerDisp","False","FontFamily","Yu Gothic UI","FontStyle","Normal","FontWeight","Normal","SymbolCategoryIindex","0","BackColor","White"
"Comment"
"Comment","Comment","","Memo",""
"Arc","Black","1","0","BaseLayer","False"
"FILL","False","AliceBlue","25.550169109357384","59.379368658399095","27.434438135820404","3.9878521675806637","3.987852167580664"
"Polygon","Black","1","0","BaseLayer","False"
"FILL","False","AliceBlue","-10","0","190","0","190","110","-10","110"
"Arc","Black","1","0","BaseLayer","False"
"FILL","False","AliceBlue","138","69","32.55764119219941","0","6.283185307179586"
"Line","Black","1","0","BaseLayer","False"
"170.5576411921994","69","121.7211794039003","97.19574435974337"
"Line","Black","1","0","BaseLayer","False"
"121.7211794039003","97.19574435974337","121.7211794039003","40.80425564025664"
"Line","Black","1","0","BaseLayer","False"
"121.7211794039003","40.80425564025663","170.5576411921994","69"
"Text","Blue","8","0","BaseLayer","False"
"青い文字","2","103","8","0","Left","Top","1.2","Yu Gothic UI","Normal","Normal"
"Polygon","Black","1","0","BaseLayer","False"
"FILL","False","AliceBlue","50","84","90","84","90","53","50","53"
"Parts","Black","1","0","寸法線","False"
"name","寸法線","line","-10","112.25","-9.999999999999998","146.75","line","190","112.25","190","146.75","line","-10","140","190","140","line","-10","140","-4.803847577293368","143","line","-10","140","-4.803847577293368","137","line","190","140","184.80384757729337","137","line","190","140","184.80384757729337","143","text","200","90","140","9","0","Center","Bottom","textSize","9","textRotate","0","fontFamily","Yu Gothic UI","fontStyle","Normal","fontWeight","Normal","linePitchRate","1.2","arrowSize","6","arrowAngle","0.5235987755982988","refPoint","-10","110","refPoint","190","110","refPoint","110","140"
"Parts","Black","1","0","寸法線","False"
"name","寸法線","line","-10","112.75","-10","126.75","line","190","112.75","190","126.75","line","-10","120","190","120","line","-10","120","-4.803847577293368","123","line","-10","120","-4.803847577293368","117","line","190","120","184.80384757729337","117","line","190","120","184.80384757729337","123","text","200","70","120","9","0","Center","Bottom","textSize","9","textRotate","0","fontFamily","Yu Gothic UI","fontStyle","Normal","fontWeight","Normal","linePitchRate","1.2","arrowSize","6","arrowAngle","0.5235987755982988","refPoint","-10","110.5","refPoint","190","110.5","refPoint","90","120","refPoint","70","120"
"Parts","Black","1","0","寸法線","False"
"name","寸法線","line","-11.75","2.1431318985078685E-16","-27.75","2.173748068486552E-15","line","-11.75","110","-27.75","110","line","-21","-6.123233995736762E-17","-21","110","line","-21","-6.123233995736762E-17","-24","5.196152422706632","line","-21","-6.123233995736762E-17","-18","5.196152422706632","line","-21","110","-18","104.80384757729337","line","-21","110","-24","104.80384757729337","text","110","-20.999999999999996","35","9","1.5707963267948966","Center","Bottom","textSize","9","textRotate","0","fontFamily","Yu Gothic UI","fontStyle","Normal","fontWeight","Normal","linePitchRate","1.2","arrowSize","6","arrowAngle","0.5235987755982988","refPoint","-9.5","-6.123233995736762E-17","refPoint","-9.5","110","refPoint","-21","55","refPoint","-20.999999999999996","35"
"Parts","Black","1","0","寸法線","False"
"name","角度寸法線","line","187.5","3.0616169978683826E-16","29.13027898781783","1.970085889172966E-14","line","-10","107.5","-9.999999999999996","39.13027898781786","line","35.88027898781784","2.4492935982947058E-14","32.88027898781784","5.196152422706657","line","35.88027898781784","2.4492935982947058E-14","38.88027898781784","5.196152422706657","line","-9.999999999999991","45.88027898781785","-4.803847577293359","48.88027898781785","line","-9.999999999999991","45.88027898781785","-4.803847577293359","42.88027898781785","arc","-9.999999999999995","2.4492935982947058E-14","45.88027898781783","0","1.5707963267948966","text","90°","22.44225639501667","32.442256395016685","9","-0.7853981633974483","Center","Bottom","textSize","9","textRotate","0","fontFamily","Yu Gothic UI","fontStyle","Normal","fontWeight","Normal","linePitchRate","1.2","arrowSize","6","arrowAngle","0.5235987755982988","refPoint","-9.999999999999995","2.4492935982947058E-14","refPoint","189.75","3.0616169978683836E-17","refPoint","-10","109.75","refPoint","22.44225639501667","32.44225639501667"
"Parts","Black","1","0","寸法線","False"
"name","寸法線","line","50","50.5","50","32.5","line","90","50.5","90","32.5","line","50","40","90","40","line","50","40","54.33012701892219","42.5","line","50","40","54.33012701892219","37.5","line","90","40","85.6698729810778","37.5","line","90","40","85.6698729810778","42.5","text","40","70","40","10","0","Center","Bottom","textSize","10","textRotate","0","fontFamily","Yu Gothic UI","fontStyle","Normal","fontWeight","Normal","linePitchRate","1.2","arrowSize","5","arrowAngle","0.5235987755982988","refPoint","50","53","refPoint","90","53","refPoint","70","40"
"Parts","Aqua","1","0","寸法線","False"
"name","寸法線","line","47.5","53","34.25","53","line","47.5","84","34.25","84","line","41","53","41","84","line","41","53","38","58.19615242270663","line","41","53","44","58.19615242270663","line","41","84","44","78.80384757729337","line","41","84","38","78.80384757729337","text","31","41","68.5","9","1.5707963267948966","Center","Bottom","textSize","9","textRotate","0","fontFamily","Yu Gothic UI","fontStyle","Normal","fontWeight","Normal","linePitchRate","1.2","arrowSize","6","arrowAngle","0.5235987755982988","refPoint","49.75","53","refPoint","49.75","84","refPoint","41","68.5"
"Parts","Black","1","0","寸法線","False"
"name","寸法線","line","121.5961794039003","38.77076199120274","121.5961794039003","19.46058083755677","line","170.4326411921994","66.9665063509461","170.4326411921994","19.46058083755677","line","121.5961794039003","26.21058083755677","170.4326411921994","26.21058083755677","line","121.5961794039003","26.21058083755677","126.79233182660693","29.21058083755677","line","121.5961794039003","26.21058083755677","126.79233182660693","23.21058083755677","line","170.4326411921994","26.21058083755677","165.23648876949278","23.210580837556773","line","170.4326411921994","26.21058083755677","165.23648876949278","29.210580837556765","text","48.8","146.01441029804985","26.21058083755677","9","0","Center","Bottom","textSize","9","textRotate","0","fontFamily","Yu Gothic UI","fontStyle","Normal","fontWeight","Normal","linePitchRate","1.2","arrowSize","6","arrowAngle","0.5235987755982988","refPoint","121.5961794039003","41.02076199120274","refPoint","170.4326411921994","69.2165063509461","refPoint","162.70448267190434","26.21058083755677"
"Parts","Black","1","0","寸法線","False"
"name","直径寸法線","line","170.5576411921994","69","105.44235880780059","69","line","170.5576411921994","69","165.36148876949278","66","line","170.5576411921994","69","165.36148876949278","72","line","105.44235880780059","69","110.63851123050722","72","line","105.44235880780059","69","110.63851123050722","66","text","Φ65.1","138","69","9","0","Center","Bottom","textSize","9","textRotate","0","fontFamily","Yu Gothic UI","fontStyle","Normal","fontWeight","Normal","linePitchRate","1.2","arrowSize","6","arrowAngle","0.5235987755982988","refPoint","138","69","refPoint","111.95388704624045","49.465415284680375","refPoint","164.04611295375955","88.53458471531964","refPoint","138","69","refPoint","138","69"
"Parts","Black","1","0","寸法線","False"
"name","寸法線","line","140.5","36.44235880780059","194.75","36.44235880780059","line","140.5","101.55764119219941","194.75","101.55764119219941","line","188","36.44235880780059","188","101.55764119219941","line","188","36.44235880780059","185","41.63851123050722","line","188","36.44235880780059","191","41.63851123050722","line","188","101.55764119219941","191","96.36148876949278","line","188","101.55764119219941","185","96.36148876949278","text","65.1","188","69","9","1.5707963267948966","Center","Bottom","textSize","9","textRotate","0","fontFamily","Yu Gothic UI","fontStyle","Normal","fontWeight","Normal","linePitchRate","1.2","arrowSize","6","arrowAngle","0.5235987755982988","refPoint","138.25","36.44235880780059","refPoint","138.25","101.55764119219941","refPoint","188","69"
