﻿"Property"
"Prperty","Color","Black","PointType","1","PointSize","3","LineType","0","Thickness","1","TextSize","2","TextRotate","0","LinePitchRate","1.2","HA","Left","VA","Top","ArrowSize","1","ArrowAngle","0.5235987755982988","GridSize","1","DispLaerBit","4294967295","CreateLayer","BaseLayer","OneLayerDisp","False","FontFamily","Yu Gothic UI","FontStyle","Normal","FontWeight","Normal","SymbolCategoryIindex","1","BackColor","White"
"Comment"
"Comment","Comment",""
"Polygon","Black","1","0","BaseLayer","False"
"FILL","False","AliceBlue","-10","10","10","10","10","-10","-10","-10"
"Polygon","Black","1","0","BaseLayer","False"
"FILL","False","AliceBlue","-4","8","4","8","4","-0","-4","-0"
"Parts","Black","1","0","BaseLayer","False"
"name","__四角","line","3.3867826086956576","7.356869565217389","4.386782608695658","7.356869565217389","line","4.386782608695658","7.356869565217389","4.386782608695658","6.356869565217389","line","4.386782608695658","6.356869565217389","3.3867826086956576","6.356869565217389","line","3.3867826086956576","6.356869565217389","3.3867826086956576","7.356869565217389","textSize","12","textRotate","0","fontFamily","","fontStyle","Normal","fontWeight","Normal","linePitchRate","1.2","arrowSize","6","arrowAngle","0.5235987755982988"
"Parts","Black","1","0","BaseLayer","False"
"name","__四角","line","9.63095652173914","9.31582608695652","10.63095652173914","9.31582608695652","line","10.63095652173914","9.31582608695652","10.63095652173914","8.31582608695652","line","10.63095652173914","8.31582608695652","9.63095652173914","8.31582608695652","line","9.63095652173914","8.31582608695652","9.63095652173914","9.31582608695652","textSize","12","textRotate","0","fontFamily","","fontStyle","Normal","fontWeight","Normal","linePitchRate","1.2","arrowSize","6","arrowAngle","0.5235987755982988"
"Text","Black","1","0","BaseLayer","False"
"p1","4.6316521739130465","8.152695652173911","2","0","Left","Top","1.2","Yu Gothic UI","Normal","Normal"
"Text","Black","1","0","BaseLayer","False"
"p2","10.937043478260875","9.866782608695651","2","0","Left","Top","1.2","Yu Gothic UI","Normal","Normal"
"Line","Black","1","0","BaseLayer","False"
"20","-10","40","-10"
"Line","Black","1","0","BaseLayer","False"
"30","-0","38","-0"
