﻿"Property"
"Prperty","Color","Black","PointType","0","PointSize","1","LineType","0","Thickness","1","TextSize","12","TextRotate","0","LinePitchRate","1.2","HA","Left","VA","Top","ArrowSize","6","ArrowAngle","0.5235987755982988","GridSize","1","DispLaerBit","4294967295","CreateLayer","BaseLayer","OneLayerDisp","False","FontFamily","Yu Gothic UI","FontStyle","Normal","FontWeight","Normal"
"Comment"
"Comment","Comment",""
"Line","Black","1","2","BaseLayer"
"9","100","34","100"
"Line","Black","1","0","BaseLayer"
"10","97.75","10","102.25"
"Line","Black","1","0","BaseLayer"
"12","97","12","103"
"Line","Black","1","0","BaseLayer"
"32","89","32","89"
"Point","Black","1","0","BaseLayer"
"32","98"
"Line","Black","1","0","BaseLayer"
"10.5","103","12","103"
"Line","Black","1","2","BaseLayer"
"0","100","8","100"
"Line","Black","1","2","BaseLayer"
"4","104","4","96"
"Line","Black","1","2","BaseLayer"
"0.5358983848622456","98","7.464101615137754","102"
"Line","Black","1","2","BaseLayer"
"7.464101615137754","98","0.5358983848622456","102"
"Line","Black","1","0","BaseLayer"
"6.598076211353316","98.5","6.598076211353316","101.5"
"Line","Black","1","0","BaseLayer"
"10","98.5","12","98.5"
"Line","Black","1","0","BaseLayer"
"10","101.5","12","101.5"
"Line","Black","1","0","BaseLayer"
"6.598076211353316","101.5","4","103"
"Line","Black","1","0","BaseLayer"
"4","103","1.401923788646684","101.5"
"Line","Black","1","0","BaseLayer"
"1.401923788646684","101.5","1.401923788646684","98.5"
"Line","Black","1","0","BaseLayer"
"1.401923788646684","98.5","4","97"
"Line","Black","1","0","BaseLayer"
"4","97","6.598076211353316","98.5"
"Arc","Black","1","0","BaseLayer"
"4","100","2.598076211353316","0","6.283185307179586"
"Line","Black","1","0","BaseLayer"
"17","99","32","99"
"Line","Black","1","0","BaseLayer"
"17","101","32","101"
"Line","Black","1","0","BaseLayer"
"17","98.5","17","101.5"
"Point","Black","1","0","BaseLayer"
"10.5","97"
"Arc","Black","1","0","BaseLayer"
"12.5","100","2.5","2.498091544796509","3.7850937623830774"
"Arc","Black","1","0","BaseLayer"
"10.8125","97.75","0.8125","1.965587446494658","4.317597860684928"
"Arc","Black","1","0","BaseLayer"
"10.8125","102.25","0.8125","1.965587446494658","4.317597860684928"
"Line","Black","1","0","BaseLayer"
"12","97","10.5","97"
"Line","Black","1","0","BaseLayer"
"31.500000000000004","98.5","32","99"
"Line","Black","1","0","BaseLayer"
"32","101","31.499999999999996","101.5"
"Line","Black","1","0","BaseLayer"
"12","101.5","31.499999999999996","101.5"
"Line","Black","1","0","BaseLayer"
"32","101","32","99"
"Line","Black","1","0","BaseLayer"
"12","98.5","31.500000000000007","98.5"
